X,Y,Z,r
-17.1859,513.655,-42.8735,4.99963
-29.9968,274.373,12.8997,4.99946
14.4138,401.326,-56.7905,4.99444
-42.3096,369.655,-74.4491,4.99443
-31.7078,258.193,-8.45728,4.99393
19.1805,271.678,23.8856,4.99087
-42.3872,97.627,28.3347,4.99021
-43.0657,23.9626,0.998901,4.99016
6.56934,154.203,53.6589,4.99011
-1.49182,498.378,67.3762,4.99003
49.1812,44.3142,91.8003,4.98894
-34.2577,186.289,41.6699,4.98429
22.4963,123.482,-93.2031,4.98337
-5.9248,431.136,77.5446,4.9833
4.7771,46.9971,-64.4214,4.98326
37.4996,78.3185,-31.6674,4.9808
-3.74951,561.01,18.4105,4.98033
-0.139648,158.178,-8.62231,4.98012
-3.19299,377.966,-7.4762,4.97825
42.3892,312.647,-61.5842,4.97648
9.38147,356.383,25.3799,4.97519
33.2542,233.851,-82.9926,4.97507
42.6108,256.931,84.2732,4.97489
1.75269,268.15,-47.4663,4.97478
-32.6147,553.25,-51.9777,4.97363
28.6021,346.876,-65.1655,4.973
6.12439,198.775,71.4021,4.97213
15.5787,447.259,40.6626,4.97186
-13.3157,200.735,67.6439,4.97148
38.0959,120.355,38.2384,4.97126
39.2902,116.877,9.83093,4.97124
-9.72375,112.355,-25.2169,4.96921
-25.9016,306.472,-56.6569,4.96864
-16.3763,361.341,-57.637,4.96833
-43.1436,213.414,-1.19934,4.96465
37.9044,500.855,-75.8419,4.96443
43.0961,360.423,84.0284,4.96417
-7.33252,498.328,-76.2012,4.96392
16.3138,329.807,20.407,4.96349
0.317505,367.199,28.0592,4.96243
-32.9436,505.834,-51.9578,4.96192
8.99817,240.527,-83.2169,4.96164
6.05835,343.461,-84.4347,4.96142
42.6455,144.412,47.5844,4.96111
22.6714,460.357,66.9795,4.96029
-19.9604,315.754,10.7225,4.96005
-4.84033,115.626,11.7264,4.95978
1.7135,447.289,35.8956,4.9589
43.0509,527.824,-6.74817,4.95885
-2.20044,100.596,-26.5643,4.95663
-27.3492,51.5573,-60.0706,4.95654
23.4553,351.729,-34.8409,4.95573
3.7937,414.031,54.0251,4.95549
-18.9053,242.921,4.56421,4.9553
-15.9003,217.551,28.1682,4.95478
-35.115,351.211,-66.2467,4.95474
16.4774,180.33,-66.6483,4.9544
43.0685,448.084,20.7784,4.95425
-32.7788,311.496,15.8334,4.95324
22.963,433.677,61.1569,4.95111
28.95,347.055,75.907,4.95104
18.7887,410.59,-47.3485,4.95008
-17.7081,397.096,46.6637,4.94962
14.6464,254.884,-6.88611,4.94926
-8.95251,176.807,-74.613,4.94729
-37.7438,22.067,75.561,4.94656
16.9811,475.25,-12.9583,4.94641
39.6958,234.207,-23.1068,4.94621
-23.5476,377.274,-45.9498,4.94591
45.071,144.182,6.23694,4.94561
29.625,386.656,-12.8545,4.94348
-18.0669,87.4213,20.6123,4.94285
22.15,99.3563,19.3226,4.94243
-31.6027,436.234,-84.772,4.94216
4.93921,433.933,37.9061,4.94215
2.8468,311.019,-11.2042,4.94112
-26.2649,485.733,-53.2561,4.94104
33.6616,224.037,51.6132,4.94086
-37.5475,313.64,56.986,4.93959
43.0626,546.626,83.528,4.93925
-1.86597,172.49,32.6027,4.93816
-14.7073,245.968,68.046,4.93813
43.098,191.11,84.103,4.93803
11.7661,234.683,-24.5391,4.93599
40.6733,470.914,4.82532,4.93598
22.1001,120.114,58.6519,4.93467
-1.44458,71.6783,-36.4833,4.9317
-11.028,422.451,29.7507,4.93135
24.9543,446.751,65.4185,4.93077
-16.5896,113.803,-37.5577,4.92882
-43.1985,124.799,41.0111,4.92829
13.3138,290.565,7.354,4.92719
-24.0344,15.2437,57.915,4.92717
-20.8926,32.9727,-34.4548,4.92669
-3.93994,275.136,26.8799,4.92631
19.1262,287.431,50.5741,4.9256
-3.64185,422.636,-77.0759,4.92522
26.0593,484.979,-9.07166,4.92482
24.7029,403.31,93.1855,4.92283
-34.3894,254.264,-72.674,4.92215
6.53479,161.979,79.9591,4.92031
10.6007,348.474,62.0122,4.92025
-3.86304,466.71,-8.21082,4.92002
-12.7123,373.714,-16.5685,4.91984
42.8082,378.585,-46.4216,4.91836
2.31726,421.742,25.7739,4.91831
30.2676,142.654,86.1478,4.91831
7.67004,462.027,-68.7233,4.91534
40.4989,236.371,-43.9891,4.91475
-43.1281,341.475,-47.3131,4.91434
39.6744,78.7238,82.5176,4.91371
19.9642,184.903,12.9786,4.91359
-7.31531,78.5016,22.3765,4.91274
-5.71741,428.3,5.74585,4.91222
-18.3884,182.002,83.6367,4.91188
30.621,464.717,12.0127,4.91164
-26.3794,96.2528,52.6904,4.91164
39.4121,400.666,10.624,4.91135
13.5247,356.884,-82.7281,4.911
-33.1412,68.6094,93.1375,4.91043
32.3008,282.981,20.3679,4.90962
-24.6266,513.401,68.3385,4.90923
13.1853,219.29,72.3066,4.90877
-32.2123,163.071,36.6979,4.90639
4.04358,159.406,93.2502,4.90625
42.5542,251.117,52.8964,4.90599
-26.2012,88.1693,-13.8335,4.90585
-3.32764,503.736,-55.4495,4.90434
-2.49573,344.534,63.6451,4.90219
-0.0894775,412.819,-55.9325,4.90153
0.852539,140.237,-67.1284,4.90063
10.0221,570.784,82.4421,4.89965
30.5032,545.953,76.3403,4.89915
-10.3231,371.11,-93.1473,4.89909
-1.53064,40.174,53.8994,4.89817
39.8864,20.9895,-7.53638,4.89778
30.7589,164.377,22.3407,4.89715
20.6705,328.246,33.4362,4.89579
0.465576,126.832,-84.0549,4.89544
2.44641,558.882,2.39209,4.89317
43.0768,568.878,-79.7781,4.89274
-19.9791,391.17,7.80933,4.89238
-20.7902,293.405,9.07336,4.89238
-31.3303,42.8661,-93.1859,4.89152
-29.7997,507.466,93.1194,4.89062
21.1228,521.331,-80.4982,4.88988
43.2357,203.294,-43.9343,4.88969
33.3801,402.368,-87.8075,4.88843
-24.734,377.603,29.455,4.88684
1.83679,522.861,-22.5011,4.88677
-22.6587,310.508,33.2908,4.88658
30.4149,16.2245,-24.1223,4.88645
43.1233,463.507,-36.1478,4.88563
-0.0296631,304.999,93.1824,4.8848
5.08362,201.552,57.9498,4.88461
41.7441,107.066,84.5306,4.88396
5.93018,489.157,-31.8864,4.88322
-6.78613,11.7478,32.7854,4.8822
-8.26782,283.288,-49.9136,4.88206
0.942383,249.279,-3.00513,4.88196
-20.6143,552.919,-45.0674,4.88004
17.9773,186.458,35.7527,4.87998
-10.7549,124.537,-19.1326,4.87964
-32.2206,117.041,36.9751,4.8796
-12.1836,12.5293,93.0775,4.8795
-26.4165,127.339,-93.1759,4.87907
-11.8231,410.096,92.8334,4.87875
23.2531,469.809,29.8837,4.87547
-30.6708,42.2498,42.3074,4.87474
30.6538,292.36,58.9266,4.87421
41.5963,306.091,-43.5071,4.87391
-31.2953,203.562,-36.7584,4.87374
2.48901,525.141,-71.9006,4.87336
-13.228,28.8158,75.752,4.87316
-23.5215,150.569,33.8313,4.87281
49.2715,71.9126,-34.3993,4.87272
-12.0316,506.143,-65.8439,4.87225
-43.1821,114.959,83.3705,4.87225
-6.23816,173.665,53.9579,4.87207
42.8009,288.287,63.8646,4.87186
19.7961,428.931,48.6019,4.87154
5.19885,201.04,-72.9094,4.87138
-8.81946,209.223,-26.3477,4.87133
34.2444,247.426,-75.053,4.87123
-2.0448,312.698,25.1105,4.86945
35.0583,49.8344,-68.8708,4.86912
-20.9314,230.214,9.50574,4.86873
16.3187,209.392,58.326,4.86847
-27.9496,101.182,-32.299,4.86832
14.9171,447.401,-36.1055,4.86685
-34.3135,134.385,-24.3104,4.8667
20.0198,388.436,85.856,4.86497
26.3979,49.2617,63.9646,4.86344
32.0559,494.962,81.9893,4.8633
35.6321,541.914,-38.1857,4.86327
-34.9978,208.542,36.4026,4.86288
-7.02539,340.039,-81.4652,4.8626
-35.6418,518.257,84.5587,4.86175
43.212,403.04,35.5138,4.85912
11.5604,305.872,-41.2676,4.85813
6.4375,320.593,34.9291,4.85749
-43.2183,140.341,55.3359,4.8565
18.6863,545.583,-3.82739,4.85595
-18.0867,462.447,7.11829,4.85474
-43.1718,241.645,-29.7263,4.85365
25.5557,498.361,56.6211,4.85331
-35.8527,212.438,80.2255,4.8528
9.75171,169.681,-93.1917,4.85263
21.1667,123.836,71.7621,4.85216
2.02014,170.285,68.7065,4.85151
40.6523,108.863,20.9728,4.85066
43.1687,461.068,-87.6366,4.85045
-43.0306,400.5,70.8812,4.85018
-18.6526,369.891,39.0101,4.85012
-25.681,23.4886,45.8751,4.85002
-43.2075,150.433,-72.1725,4.8494
1.95288,533.578,25.1378,4.84934
-20.7471,341.272,22.0327,4.84884
22.1858,102.978,32.6877,4.8488
34.5085,400.221,77.2793,4.84826
28.9662,447.196,11.1479,4.84819
20.9503,426.092,-13.6368,4.84806
34.9653,51.6895,-55.3743,4.84493
-2.92834,565.806,-13.5431,4.84397
27.8386,567.656,-2.46924,4.84382
42.5953,533.976,78.0883,4.84265
-9.88696,153.182,93.1871,4.84048
3.07031,380.217,31.5594,4.84042
-43.2946,347.415,-13.2485,4.83964
-11.1564,518.7,31.2015,4.83899
35.0725,161.393,80.7374,4.83888
16.7841,442.873,-48.8872,4.83868
-34.6454,95.8942,-74.7284,4.83838
-42.8151,12.9086,39.4076,4.83802
-2.53394,119.059,77.2917,4.83712
43.2052,365.211,-43.4929,4.83706
-10.3152,341.416,-17.7716,4.83641
14.9453,33.3969,41.4412,4.8355
41.5613,65.5648,85.9523,4.83525
-22.9543,381.56,-11.8369,4.83399
22.7383,371.057,30.7198,4.83388
3.83618,462.313,19.3895,4.83329
-34.057,396.524,60.8579,4.83328
-8.82153,40.7744,42.4075,4.83304
21.6373,116.892,92.8892,4.83276
49.1982,78.6593,-83.4763,4.8318
43.1964,325.583,53.9757,4.8282
35.2194,418.707,34.3181,4.82804
-1.93433,434.549,-55.9685,4.828
49.3088,117.25,-48.183,4.82569
7.81616,217.073,-59.9758,4.8256
-43.2565,235.011,93.2839,4.82554
-28.6071,231.152,20.7906,4.82507
43.1997,391.693,84.1621,4.82506
40.3483,282.676,35.219,4.8245
-5.33948,53.0726,12.5454,4.82426
35.646,106.455,-26.4331,4.82285
24.5134,327.946,-43.7843,4.82264
-31.9999,76.6501,-3.5022,4.8224
44.8494,108.046,35.391,4.82129
35.7659,207.118,71.4141,4.82019
-43.2053,511.878,-22.5453,4.81949
41.4503,118.273,63.5005,4.81906
-24.844,517.989,-72.5253,4.81863
27.4146,83.4705,-39.5017,4.81807
-43.2288,458.814,24.6816,4.81675
4.90259,26.6912,-28.0277,4.81527
10.6459,365.443,55.1383,4.81495
-31.7816,513.658,-29.7507,4.81486
24.4719,43.5438,-52.5647,4.81462
-14.7271,491.898,75.2008,4.81454
-32.1399,48.5115,-72.4352,4.81422
-20.7014,48.6338,74.309,4.81329
10.2456,463.295,72.1251,4.81295
-34.5709,541.765,11.6727,4.81182
-22.963,403.775,-38.1323,4.81179
-3.65991,67.4075,-23.7529,4.81135
35.8102,74.5142,35.0253,4.81112
-6.58752,501.828,79.7268,4.81085
49.2516,6.69507,-53.9188,4.81054
38.4781,562.64,-9.39563,4.81024
5.14844,14.317,-39.5922,4.80984
39.7802,358.643,58.037,4.80734
-43.2986,109.542,-17.0422,4.80681
6.48474,294.062,46.4564,4.80659
-6.14062,521.126,-56.9315,4.80561
-19.2445,546.617,8.77075,4.80556
-13.2717,158.588,-93.2592,4.80505
0.93335,200.035,32.7985,4.80498
24.0319,404.153,20.525,4.80443
14.1738,128.117,-83.5028,4.80334
43.2074,491.6,-48.5444,4.80269
-43.2825,319.594,12.6094,4.80059
31.4797,565.936,-73.0887,4.80036
4.03516,330.898,26.3849,4.79924
-37.5969,157.736,48.0347,4.79798
-31.7761,404.564,-68.5548,4.79795
-1.90381,131.968,81.3005,4.79744
-31.9929,40.2544,10.1044,4.79706
-12.1309,31.1018,-83.4032,4.79592
-17.3043,550.829,93.1317,4.79492
11.29,196.101,-39.5688,4.7943
-27.8466,247.154,38.6615,4.79387
18.9617,374.833,18.1848,4.79383
43.2137,371.957,-67.2913,4.79237
26.7208,506.14,87.751,4.7916
48.8033,143.324,72.4183,4.78891
-4.6001,191.647,10.1903,4.78866
-28.5913,322.763,-13.5913,4.78847
-43.2616,90.3677,-51.9948,4.78835
2.70142,364.003,-39.4301,4.78818
37.0193,396.113,-43.9344,4.78774
33.7186,495.511,67.1718,4.78742
-13.6029,526.062,46.8792,4.78688
43.3192,165.379,-13.6898,4.78567
4.43848,236.139,-4.01819,4.78543
-5.09314,434.751,-69.1744,4.78485
-35.9939,484.203,-20.8358,4.78269
-15.8953,85.0297,7.33008,4.78264
26.6077,350.47,-93.3431,4.78238
26.7109,251.442,-12.4192,4.78163
27.8829,545.149,-18.796,4.78141
-43.2495,532.235,-63.8256,4.78118
-10.5691,296.873,-1.93079,4.78062
49.3663,91.5546,-50.9418,4.77995
11.6976,272.32,45.8898,4.77985
-3.69202,352.221,-60.307,4.77934
-22.999,64.0801,-56.9634,4.77877
13.9889,6.56592,93.3239,4.77849
19.1561,343.938,3.02979,4.77791
24.798,383.04,-29.3561,4.77696
25.4459,253.181,1.2821,4.77545
-43.2808,411.373,0.533081,4.7722
-6.11707,328.941,-14.3159,4.77149
-37.1301,304.371,26.6384,4.77116
7.79602,385.794,42.9307,4.77099
-25.8861,116.892,70.0647,4.7698
-26.0853,527.51,-9.78882,4.76912
25.8741,290.87,-64.2284,4.76865
-26.8951,363.996,-45.7402,4.76861
-32.2561,140.387,31.5958,4.76807
2.48682,545.84,34.2495,4.76783
33.561,127.342,57.423,4.76687
9.50256,334.02,93.3611,4.76644
29.6877,60.1449,82.4122,4.76594
9.71936,139.119,22.4584,4.76522
-23.9255,161.508,-72.937,4.76455
43.2919,429.62,67.5537,4.76414
-43.2484,85.1538,23.0348,4.76369
-1.90881,351.147,19.6804,4.76194
36.9575,439.181,33.9535,4.76019
15.7462,29.2933,-35.5229,4.75981
33.4052,303.1,93.2421,4.75855
49.5004,29.4617,55.2385,4.75826
-20.2872,448.839,-47.5531,4.75731
43.3224,212.615,27.6292,4.75702
49.2932,132.96,93.3748,4.75682
3.94543,185.026,73.1011,4.75575
-37.0598,204.069,-23.7994,4.75428
22.0132,260.49,-45.5254,4.75371
-23.8127,282.673,46.1434,4.75278
27.511,107.479,-66.2676,4.75209
13.4015,438.928,-81.4152,4.75169
-2.00378,35.2449,-93.3772,4.75129
40.369,31.5162,-44.3397,4.75101
8.49548,90.4691,5.27759,4.7503
7.81506,121.176,-73.9789,4.74995
25.1071,552.307,28.4518,4.74969
41.1884,108.824,-0.976196,4.74956
-8.01306,96.3385,-71.7219,4.74933
43.25,432.57,44.4344,4.74925
17.9835,201.015,11.861,4.74863
-36.1086,564.481,-65.5258,4.74842
49.3191,135.039,-61.8643,4.74808
28.2896,277.715,-56.399,4.74736
-9.16711,414.813,-86.811,4.74684
33.5074,329.327,73.3342,4.74663
27.1094,40.5333,15.4457,4.7466
-11.7067,76.8976,93.2665,4.74658
36.4464,377.109,77.8571,4.74657
14.7864,540.719,-34.4989,4.74614
43.395,201.892,-21.822,4.74598
-43.2876,496.202,-44.2535,4.74558
-25.813,157.447,69.5703,4.74545
34.7192,423.003,-36.113,4.74384
-16.2297,304.159,77.8959,4.74378
-13.1041,319.782,21.8501,4.74288
-0.399658,270.458,3.77612,4.74203
5.04578,472.643,-19.0796,4.74171
43.3237,242.557,84.0283,4.7412
43.2786,377.321,26.6387,4.74112
11.9291,461.736,-15.1804,4.73992
-38.1232,517.881,67.783,4.73732
20.5299,501.824,15.167,4.7372
-0.524902,81.4841,33.6448,4.73624
12.7675,409.42,-26.4045,4.736
30.5728,204.818,-24.2708,4.73555
13.4512,306.263,55.0284,4.7346
-15.3676,281.811,82.5094,4.73258
-21.5602,469.531,68.4271,4.73196
-29.7533,225.913,-53.4254,4.73171
34.3912,271.179,-74.4347,4.72984
31.1024,502.325,6.84424,4.72964
30.5956,441.517,-24.494,4.72929
-5.09265,394.675,16.9272,4.7262
24.105,74.3131,-73.7715,4.72537
42.3871,306.105,39.7842,4.72528
-8.29333,517.912,-83.6654,4.72507
18.2578,6.71326,-66.062,4.72438
-23.5651,84.2334,-35.8638,4.7235
-14.5446,175.177,36.6398,4.72329
-0.404175,315.058,9.65588,4.7231
37.5449,530.529,-45.6831,4.72305
-34.4355,436.526,-64.3861,4.72286
6.00647,266.145,69.87,4.72248
7.17749,274.436,-36.3107,4.72216
49.3193,41.9989,50.4174,4.72212
-23.6605,298.826,-3.39111,4.72006
-22.0956,417.817,-84.54,4.71998
-43.292,301.647,38.3027,4.71981
26.9604,67.3297,93.4363,4.71839
22.689,7.54346,-84.9426,4.71769
1.26697,269.255,-93.3964,4.71764
-2.33167,44.8912,76.7029,4.71705
-43.4563,168.248,42.3329,4.71611
-26.6632,496.439,-82.6689,4.71609
18.1992,173.356,32.4597,4.71566
-8.32141,235.769,-76.2246,4.71456
13.4255,392.714,21.0697,4.71446
-33.7911,6.62183,-72.1987,4.71156
-14.6951,485.162,14.817,4.70963
-41.4078,191.98,93.3984,4.7082
20.3945,276.795,73.5043,4.70765
36.9764,436.276,-87.9971,4.70718
34.6643,485.608,58.0554,4.70686
16.2012,561.282,-84.2238,4.70601
-34.0291,353.073,45.7302,4.70601
39.7157,102.808,-93.3544,4.706
1.38672,529.761,-0.155029,4.70519
6.15894,27.3717,71.0482,4.70464
15.1947,336.205,-77.3884,4.70433
28.0168,301.963,73.5436,4.70312
-15.0365,565.669,86.9121,4.70256
29.4495,531.755,-64.2208,4.70236
9.05615,87.2427,-53.0148,4.70236
-14.8018,479.217,-84.9661,4.70142
42.5261,347.516,38.7271,4.70126
-26.3505,327.896,73.902,4.70071
16.1454,197.934,-1.00134,4.69912
-29.4718,178.901,31.2405,4.69788
29.1302,173.654,-66.8168,4.69738
43.3054,559.018,62.1556,4.69646
-1.87573,510.524,-93.111,4.69607
-17.4636,125.098,20.8333,4.69603
-15.3868,212.588,-80.4192,4.69473
-43.3442,66.1626,69.2777,4.69377
-26.0685,243.156,-30.5737,4.69256
43.3103,487.135,74.8722,4.69236
49.0029,32.9877,-29.5734,4.69184
-5.22766,401.367,-16.3954,4.69019
10.089,181.244,4.50061,4.68814
40.1786,131.067,46.4038,4.68791
-25.8209,274.547,-85.7456,4.68733
16.2784,424.672,-26.2308,4.68626
14.6931,44.9924,13.3802,4.68527
-8.86377,151.248,-50.844,4.68509
-25.7454,485.789,23.6045,4.68397
-43.425,338.075,54.1827,4.68262
31.4825,565.026,63.89,4.6816
33.5249,365.073,-83.4655,4.68108
1.01782,15.0203,93.4268,4.68077
-14.5536,6.58191,72.6252,4.68072
35.3485,511.226,-67.3842,4.67857
33.7701,154.599,69.1583,4.6784
-17.4266,565.904,-47.2888,4.67823
-12.8834,92.3671,54.8909,4.67803
-43.3448,373.291,-4.85144,4.67684
15.0457,363.223,5.98877,4.6759
8.45715,437.896,-68.7897,4.67504
-43.3412,448.924,76.2579,4.67491
7.75464,137.021,41.1782,4.67419
33.6724,523.686,42.438,4.67221
-35.6777,531.343,59.2178,4.67215
-43.3506,63.0167,44.7917,4.67214
34.3414,510.286,-14.3234,4.67107
-27.4386,6.54028,-93.3856,4.67045
-7.16931,553.911,29.5519,4.67035
34.6915,274.245,77.4796,4.67019
-18.3428,260.797,24.7369,4.66917
25.7732,151.504,-31.6823,4.66914
30.3684,548.535,59.3904,4.66878
-43.3518,499.217,-73.0731,4.66823
7.72839,249.717,-55.7321,4.6677
-43.399,337.737,76.4988,4.66608
2.02185,282.197,-2.13843,4.66542
43.3879,194.566,-65.6372,4.66485
26.4434,403.916,7.27808,4.66484
-2.87781,266.486,-32.4862,4.66403
6.20312,337.219,-45.3348,4.66383
-43.4301,194.07,-81.3972,4.66227
-34.6191,429.69,-3.12085,4.66009
10.9514,63.1962,16.168,4.65967
3.50806,159.785,-61.2126,4.65951
26.5653,492.477,-38.3835,4.65897
-26.6257,486.235,93.3573,4.65799
-7.13599,509.532,-13.5739,4.65794
-22.0063,210.292,93.4291,4.65762
1.50989,455.909,65.0677,4.65762
16.1588,258.918,-27.2328,4.65734
37.4424,132.934,-79.0459,4.65661
49.4948,126.051,10.2883,4.65614
43.3777,420.01,86.7733,4.6561
-38.8878,411.621,13.1942,4.65581
7.75574,501.858,-27.6438,4.65467
8.37134,175.513,-17.2507,4.65354
6.1344,227.824,43.2374,4.65353
-43.3468,554.416,-60.2888,4.65313
23.6163,36.4132,66.604,4.65156
-43.3517,465.011,-18.0625,4.64956
-32.6526,321.011,-72.3578,4.64956
-10.9398,408.897,-7.09546,4.64501
-9.81165,135.904,10.7021,4.64432
15.6394,565.556,2.88184,4.64387
8.14404,543.527,-68.606,4.64385
-43.369,554.284,25.6982,4.64342
-2.76172,6.5553,-22.6997,4.64315
13.8269,153.935,32.9491,4.64205
21.7151,406.155,-93.4497,4.64204
-1.60413,127.8,39.2487,4.64179
4.21924,178.112,-47.3015,4.64125
9.68652,108.944,-78.8381,4.64095
49.2312,78.9038,-55.1185,4.64029
-3.41296,439.535,-11.6542,4.63982
-5.8562,186.587,82.0212,4.6397
-34.326,26.8615,10.9462,4.63889
-13.3663,328.562,-85.0896,4.63805
-34.3586,125.257,-82.4709,4.63587
10.3472,299.619,-10.2269,4.63491
17.615,158.574,47.29,4.63376
35.3405,240.153,58.9229,4.63346
16.3267,158.554,20.3096,4.63243
-36.1053,384.451,-4.42761,4.63169
35.2886,353.764,29.0326,4.63025
24.5305,107.07,56.5337,4.63025
13.2255,518.982,61.8137,4.62943
-31.6813,521.375,22.5717,4.62879
-25.6786,460.954,79.4008,4.62809
17.2284,144.089,-1.61401,4.62771
-35.8629,102.897,59.8458,4.62336
31.8396,106.064,93.5355,4.62331
-43.441,220.518,48.2668,4.6226
0.42749,148.367,-41.6859,4.62146
45.6891,61.0535,-27.2543,4.62
-43.4021,376.73,-51.7932,4.61857
-35.9303,488.132,75.2786,4.61605
33.4949,554.42,47.9011,4.61489
-26.0615,134.004,-75.652,4.61448
-1.57715,470.406,-42.5992,4.61445
-34.6063,346.72,-79.0302,4.61387
10.8394,547.51,67.6196,4.61233
-7.07703,81.0045,-86.2421,4.61163
-22.2972,434.271,-4.75635,4.60951
35.1372,180.848,-0.962524,4.60888
4.71362,546.703,92.4652,4.60808
-3.88196,391.588,29.8331,4.60801
22.7874,422.387,-42.0284,4.60706
-34.0255,188.619,-73.9034,4.60577
-4.75476,506.18,47.433,4.60568
-24.9022,243.311,-93.4296,4.60541
-18.1365,412.237,-28.9727,4.60504
23.6161,16.9061,75.7079,4.60303
-40.3779,452.292,-93.4127,4.59906
22.3137,253.135,-72.3987,4.59892
22.245,78.8638,69.3817,4.59822
29.7434,360.465,-57.6516,4.5969
-24.7781,517.462,-18.4968,4.59644
11.4963,414.728,18.8043,4.59601
24.8148,519.257,-67.7153,4.59562
30.7777,429.546,40.8416,4.59497
32.3789,270.844,52.3109,4.59457
32.2333,294.197,83.4066,4.59369
-10.1039,208.622,-47.4521,4.59318
-42.4624,115.947,-56.58,4.59167
27.4021,450.553,46.3617,4.59113
23.0975,223.851,-67.7802,4.591
29.9929,381.642,-41.6674,4.58965
-6.14368,547.513,-46.7924,4.58882
34.1425,190.347,-74.834,4.58832
-43.4818,35.782,-6.46997,4.5883
-26.0038,280.641,92.4788,4.58805
49.4159,90.0518,48.1565,4.58708
-23.5675,125.763,-7.16821,4.58675
-22.4799,83.4465,52.8839,4.58584
-5.82092,64.9767,93.6055,4.58484
10.2396,200.214,-85.2255,4.5847
31.3457,158.8,2.2417,4.58269
-43.4315,414.352,-41.8979,4.58259
35.3055,248.875,93.4415,4.58166
-38.0291,339.847,13.8,4.57841
8.67444,506.96,64.7449,4.57802
-43.2866,138.966,6.93799,4.57781
36.3719,248.544,68.9166,4.57752
-25.4255,148.405,2.97803,4.57654
49.512,87.0433,2.21448,4.57557
-15.7926,384.5,-35.8113,4.57505
-30.0182,495.435,-43.8152,4.57423
31.723,566.392,-86.5789,4.57355
23.3475,359.147,-23.6431,4.5735
43.4381,508.653,-93.434,4.57215
4.0946,223.295,-93.48,4.57112
15.1328,347.766,-44.6621,4.57047
2.0282,78.2073,-71.9194,4.56989
-9.32153,444.546,93.4497,4.56985
-17.3124,425.834,82.568,4.56978
5.28748,369.252,-65.8309,4.56944
-3.91003,485.229,-60.3636,4.56904
-27.8821,245.581,-5.0874,4.56833
34.7743,378.212,-84.3602,4.56828
-26.8871,564.276,-21.8511,4.56813
33.3831,406.347,-21.8792,4.56795
-43.3887,352.94,1.01562,4.56699
-34.2615,554.86,-29.1779,4.56684
-35.4774,35.2676,21.7568,4.56668
18.412,33.2585,8.63098,4.56659
16.3025,328.503,-66.0823,4.56493
49.476,139.863,28.4473,4.5646
-43.4764,306.929,-49.5724,4.56458
16.7145,56.1937,6.65332,4.56449
-43.536,43.4119,-62.858,4.56401
14.0573,146.412,66.96,4.56347
43.5216,225.697,23.8536,4.5627
-15.6406,259.398,84.0353,4.56172
-43.5156,422.114,19.7094,4.56164
-33.6476,493.225,-93.4742,4.56145
25.7433,111.608,-44.8151,4.56089
-35.4865,115.981,49.9026,4.5605
28.7889,276.886,31.8503,4.55936
-33.0421,534.683,-23.7596,4.55895
-12.3682,512.315,73.8069,4.5588
-39.928,516.322,31.5157,4.55752
-12.207,48.9182,84.5217,4.55603
15.9128,363.156,-57.6783,4.55555
43.4733,275.579,24.4153,4.55415
16.3657,239.482,-37.1775,4.55377
-11.85,16.1169,-22.6847,4.55284
34.2067,285.852,-73.83,4.55264
-28.1417,420.223,65.283,4.55151
22.0817,335.538,75.8689,4.55122
-36.2046,290.15,8.83643,4.55093
15.8502,165.861,71.1285,4.54963
-11.4012,265.459,9.2605,4.54951
0.669556,400.877,-71.4348,4.54949
49.6228,102.497,-31.3134,4.54926
35.4408,246.71,-54.9434,4.5489
-17.798,238.318,-67.312,4.54887
9.85559,6.37427,-87.5441,4.54794
-24.3647,70.4883,51.9122,4.54755
28.4656,463.635,46.6821,4.54708
0.278198,510.866,4.5835,4.54395
-29.0353,199.149,93.5778,4.54358
2.27588,438.907,25.3387,4.5425
41.5105,68.2371,-93.3063,4.54238
43.4802,317.565,-36.6277,4.54237
-25.6863,563.539,-57.3348,4.54203
48.9276,88.3474,83.9967,4.5394
-27.104,111.482,25.9139,4.53889
-32.8174,374.411,-66.067,4.53838
-10.634,373.14,-29.8015,4.53793
-35.1273,245.929,82.7311,4.534
-36.9883,6.38269,76.9758,4.53382
-8.07153,378.664,57.0748,4.53305
34.5626,556.519,-20.5844,4.53211
23.7157,187.221,-0.545288,4.53207
39.8066,32.7985,63.4365,4.53128
5.9198,244.18,27.3607,4.52923
21.2302,6.35791,68.5602,4.52871
-35.3301,286.215,51.7045,4.52852
34.2887,200.416,-93.5295,4.52845
-40.4729,207.839,48.5884,4.52825
-25.3292,290.388,35.483,4.52821
-13.448,274.82,93.5229,4.52811
13.8859,505.029,33.5734,4.52748
7.60254,101.5,93.5128,4.52718
-25.7496,343.781,-60.0466,4.52634
-17.2694,464.363,-6.12268,4.52598
-24.3518,245.086,51.3168,4.52588
-11.6534,290.049,18.3057,4.52565
43.4884,461.281,13.7518,4.52528
27.8141,534.502,68.8647,4.5241
1.8584,396.703,75.7858,4.52211
-35.0765,321.247,-41.6324,4.52111
-43.5591,322.114,-79.5544,4.52051
-27.9719,529.071,43.358,4.51999
-11.4711,254.006,-23.7452,4.51959
-26.6047,142.223,85.9188,4.51916
34.4819,171.338,42.8368,4.51783
49.625,51.0587,-93.5092,4.51753
17.7487,15.511,0.0784912,4.51607
23.5267,358.822,-46.2351,4.51576
5.21606,399.721,36.1025,4.51574
-18.0286,200.511,-53.9567,4.51571
-4.19019,550.958,-68.6976,4.51566
-36.3586,319.414,-23.8369,4.51412
-35.6626,59.8965,-66.7529,4.51398
-4.34961,553.684,-8.11462,4.5138
22.7537,198.689,33.4873,4.51361
-8.05237,418.073,58.9048,4.51318
21.1321,250.589,43.5813,4.51274
14.7638,320.713,-55.6956,4.5118
25.8717,66.7521,66.1355,4.51125
9.67871,6.32739,-54.1849,4.51102
-28.818,220.346,35.6312,4.51064
40.1979,6.30688,-93.6307,4.50976
-20.1174,35.4647,46.5864,4.50952
-43.6019,67.8464,84.0256,4.50943
-24.6917,105.159,84.0636,4.50903
-43.5587,103.118,-55.2764,4.5088
-3.26819,569.095,81.9838,4.5086
-21.3936,21.7626,12.3601,4.50829
-19.7848,343.437,-48.4717,4.50723
17.1613,53.5664,33.5328,4.50723
-2.41785,64.1809,-60.8806,4.50684
49.6367,25.8914,35.9492,4.50581
-34.0359,6.33228,57.6128,4.50571
24.056,288.538,-37.9304,4.505
27.7728,329.912,-10.7954,4.50414
43.6429,162.494,24.6001,4.50374
-20.328,93.1157,85.7539,4.50374
35.0746,365.026,35.7161,4.50338
-33.7999,305.991,-7.87549,4.50335
-1.03711,211.952,-68.5071,4.50269
43.5092,542.306,31.9368,4.50235
27.3685,284.409,-13.3262,4.50214
26.7742,335.084,-71.3462,4.50156
-3.47766,306.634,80.406,4.50046
31.8491,223.861,-93.6156,4.49964
23.1846,570.408,84.9066,4.49959
-5.50684,244.474,7.91199,4.4979
27.5729,419.213,-53.7994,4.49784
-17.5533,220.837,77.0175,4.49739
32.1056,269.628,20.8082,4.49725
-27.1586,313.334,45.5698,4.49608
-17.1014,226.266,-37.6643,4.49542
0.276978,299.806,68.6187,4.4951
43.6161,284.921,-38.6482,4.49399
-43.5154,509.407,-64.7682,4.49393
33.7222,194.678,39.0653,4.49345
5.87024,36.3052,7.77307,4.49299
-16.9395,131.566,-56.3589,4.49278
46.8354,123.816,-78.1808,4.49267
5.05115,374.321,63.2698,4.49264
18.5029,449.561,27.7517,4.49078
-3.29285,157.079,-84.3407,4.49031
-25.6372,429.946,-39.4431,4.49013
43.377,401.102,93.5562,4.49002
-26.3348,143.109,-84.9664,4.48869
7.18457,60.9315,29.7367,4.48742
24.1708,17.9369,-62.2245,4.48725
9.69763,24.3093,5.09021,4.48622
27.2018,263.972,31.3925,4.48368
33.5604,521.207,-85.385,4.48363
23.2018,532.584,11.6406,4.48159
-23.3868,540.518,57.3744,4.48137
41.4125,330.941,93.613,4.48131
35.1841,324.425,-25.2087,4.48104
-24.2784,310.386,-93.6204,4.48085
-35.9182,524.323,-76.2537,4.4808
33.7335,396.415,-56.7428,4.48044
18.6281,402.41,-35.9359,4.48002
-34.4263,89.8179,-30.5017,4.47986
-11.9623,152.859,40.1058,4.47898
-32.0221,235.895,-85.4717,4.47852
-17.3883,336.531,10.0626,4.47823
-43.5236,568.053,9.37769,4.47779
35.0675,305.753,24.5375,4.47755
-18.6504,115.265,-77.4702,4.47578
-5.32153,223.079,-73.4835,4.47574
41.5476,411.444,75.8954,4.47549
-36.4008,534.507,-84.2367,4.47457
16.002,510.541,-22.2849,4.47336
3.69312,285.642,77.0461,4.47269
-10.0525,263.507,-43.0701,4.47244
-7.65845,91.0048,84.3105,4.47241
43.5978,391.699,-63.6324,4.47097
49.6385,113.373,54.2708,4.47087
-5.93298,532.152,-16.9211,4.47055
34.0391,249.8,10.6958,4.47052
9.0332,12.4569,49.1838,4.47046
33.7511,338.216,84.7531,4.47002
37.8217,54.1711,26.6337,4.46973
-43.5654,444.818,-51.2285,4.46959
31.4866,217.204,-59.3127,4.46915
-1.72205,497.873,36.4469,4.46879
-28.239,257.316,65.7458,4.46765
8.58044,384.149,-5.89282,4.46732
-43.5764,320.879,83.6431,4.46688
29.8212,96.6881,62.3737,4.46595
-24.241,353.703,25.1533,4.46591
20.9562,64.2927,-50.6344,4.46588
-43.5929,104.959,74.6838,4.46373
33.2316,259.231,-68.9934,4.46348
12.9717,527.459,5.64563,4.46323
-20.2006,289.109,-49.2056,4.4631
40.371,58.121,75.0033,4.46288
9.68567,477.504,-47.2393,4.46043
-31.2611,260.572,-44.7397,4.45966
24.3724,421.174,65.7799,4.45933
21.6047,274.355,-75.4419,4.45918
35.6938,297.625,-79.0245,4.45909
-7.36584,549.965,3.93396,4.45897
-30.9998,336.07,-85.5602,4.4589
-43.5449,565.087,69.238,4.45775
5.63025,165.846,-81.1759,4.45744
-13.0948,462.595,76.3086,4.45707
20.027,241.433,83.3113,4.4567
37.2703,536.625,-15.0194,4.45445
-16.9329,27.559,23.5719,4.45338
40.3737,6.42334,-27.7477,4.45119
40.2837,85.8833,-20.8324,4.45084
-43.6108,115.533,-29.2305,4.45064
-28.3488,249.385,11.5287,4.4506
31.4945,232.258,68.5597,4.45039
12.8041,508.012,6.48181,4.45008
49.6418,102.866,46.5686,4.44959
8.6554,286.829,-12.3014,4.44925
15.464,253.238,85.2102,4.44853
-11.6902,329.687,48.7188,4.44815
3.7865,6.28027,38.4585,4.44781
24.2024,293.719,93.6321,4.44748
-5.17029,218.957,-85.5947,4.4468
43.6324,255.983,-44.87,4.44655
-33.4352,75.4764,81.7183,4.44631
15.8961,251.81,-85.1426,4.44483
43.5746,460.108,26.6361,4.44475
-0.664917,329.21,-2.34949,4.44422
-43.4221,481.844,-31.5214,4.44388
40.4866,29.7161,93.6583,4.44293
-23.7996,371.742,-83.4131,4.44152
-24.1622,442.818,-59.1051,4.44113
33.8151,423.282,-11.9719,4.44055
-8.14429,116.602,24.4882,4.43941
-21.4331,354.742,-36.7455,4.43885
-35.5804,386.068,-80.9341,4.43766
31.6201,185.847,19.4165,4.43758
-8.67432,350.229,-32.5752,4.4373
6.02905,452.013,77.6964,4.4373
12.949,189.787,56.1718,4.43728
-35.3779,220.59,16.9348,4.43659
-13.999,24.4292,-64.2477,4.43644
3.51489,110.714,85.4496,4.43642
37.9275,31.0482,49.5441,4.43641
38.2692,213.97,-5.80322,4.43637
-2.33508,148.698,-19.0958,4.43516
-43.5754,339.23,-68.506,4.43512
-34.022,88.5503,44.937,4.43492
1.05505,567.655,-46.8611,4.43469
34.6178,201.729,83.4535,4.43386
-25.8184,434.385,38.2759,4.43379
-6.1499,178.777,-39.48,4.43328
-13.9142,539.982,18.8907,4.43326
10.7197,524.622,40.2936,4.43313
5.28381,185.05,17.1479,4.43128
26.5841,392.044,25.217,4.43117
-30.7306,566.174,70.072,4.4305
-10.1392,421.807,-57.1716,4.42855
43.5896,357.35,-32.8578,4.42852
40.4244,306.471,1.15723,4.42823
-1.8302,73.7159,85.1649,4.42722
13.8831,228.691,-86.8787,4.42661
-19.4602,220.429,-26.3961,4.42659
34.9882,229.285,-8.07349,4.42654
-35.7368,537.936,36.6851,4.42578
49.5968,50.5769,-71.0142,4.42503
-37.7538,457.854,-62.5909,4.42407
11.3944,318.656,-17.9519,4.42261
-17.2028,105.26,-50.0601,4.421
-28.5297,552.281,58.5667,4.42033
18.9188,264.02,70.9392,4.41812
6.26624,222.068,-3.40588,4.41534
16.6371,458.057,-28.4049,4.41432
49.464,126.221,54.3942,4.41409
-11.8552,379.957,-69.2706,4.41348
-10.8738,299.654,49.9095,4.41291
-20.4017,121.921,-27.8137,4.41186
-20.7456,34.5398,13.6133,4.41034
-43.4044,39.3287,68.8442,4.41022
-24.3982,561.583,3.9364,4.41016
12.3411,544.031,47.3401,4.40808
7.88733,410.317,-76.5148,4.40793
-43.6152,265.486,-12.4978,4.40729
19.8181,485.584,-74.7562,4.40719
-31.2108,106.318,-82.0239,4.40672
26.6704,502.341,-82.9524,4.40602
-30.8022,195.532,-84.2448,4.40534
24.2139,55.7367,-73.6759,4.40522
43.6168,471.667,-25.6976,4.40343
41.5687,6.28357,-64.5996,4.40326
-43.7277,53.7103,-85.485,4.40316
9.80884,80.2061,77.635,4.40312
-34.9178,476.822,26.1692,4.40292
35.5477,517.157,63.6986,4.40271
-14.2788,238.535,33.351,4.40229
43.7026,171.354,51.6749,4.40206
-1.80383,64.3289,57.618,4.40176
-5.25366,369.079,-73.3856,4.40166
6.92041,433.05,80.6133,4.40112
39.5587,311.422,-93.66,4.40048
18.545,558.299,-7.55798,4.39976
24.9012,142.115,-41.0375,4.399
-2.55139,300.296,-59.7284,4.3978
-30.8982,301.759,6.99939,4.39745
32.8639,474.07,-63.7069,4.39724
19.0814,452.46,-57.6857,4.39706
15.2805,404.456,-6.64038,4.39654
48.5264,57.4027,93.6938,4.39608
36.9512,554.598,33.651,4.39364
-12.5665,262.015,-10.996,4.39362
40.373,86.729,14.0782,4.39359
43.6183,531.619,39.4825,4.39353
9.703,339.978,-24.6627,4.39342
18.0544,225.702,27.9773,4.39334
16.8297,550.158,-77.3412,4.39323
-43.6123,504.579,35.5155,4.39296
22.1079,358.164,-67.8438,4.3911
34.1158,358.513,-72.1787,4.38927
-9.92493,346.51,7.06763,4.38807
-22.2207,80.1099,65.3962,4.38798
-18.7729,408.764,-93.6576,4.38782
-35.7833,230.462,31.8112,4.38725
49.708,126.213,-38.6497,4.38691
-22.9689,445.928,42.9526,4.38636
17.1604,283.289,-21.0654,4.38619
3.90649,423.728,72.422,4.38545
43.6624,425.221,-2.74878,4.38531
27.5229,384.109,-75.4041,4.38477
4.61743,429.026,-15.177,4.38302
32.9932,13.9547,11.6675,4.38229
16.4241,97.7736,-36.0071,4.38198
-39.6129,208.756,19.2208,4.38184
10.6842,62.4062,-2.89722,4.38163
-13.0614,471.648,28.7172,4.38121
-22.8179,466.784,45.1345,4.38098
-34.0739,162.687,59.7018,4.38039
-42.4819,39.5358,37.049,4.37989
17.6516,180.852,-9.87122,4.37905
21.007,321.76,86.6888,4.37746
43.6532,218.775,-93.681,4.37737
-0.875977,540.059,82.8,4.37619
10.2362,134.367,53.6132,4.37617
-32.1766,480.403,-92.9778,4.37409
-7.07251,227.839,74.8264,4.3737
-5.07947,334.474,71.812,4.37358
2.33521,323.804,-56.2397,4.37338
4.25903,164.921,3.58533,4.37335
35.218,472.774,-76.1548,4.37237
-23.3674,67.155,-5.9397,4.37233
23.7356,418.977,-93.5433,4.37223
-27.9685,313.377,-81.7516,4.37109
47.4276,126.398,82.292,4.37004
-10.8408,367.459,75.9661,4.36888
4.4646,533.491,-38.0675,4.36847
38.309,468.389,80.7999,4.36803
-10.29,374.162,12.124,4.36699
-16.877,144.054,-15.0769,4.36672
34.353,398.527,-9.14062,4.36665
30.0963,203.769,-44.3511,4.36591
-16.4342,349.312,-78.7904,4.36576
-20.1022,401.048,-0.985229,4.36574
15.5037,548.284,-55.0698,4.36512
-43.7028,125.205,-37.5433,4.36267
34.5806,340.078,-93.7653,4.36258
-35.4301,486.747,-82.4456,4.36231
24.762,218.49,36.0663,4.36203
37.4022,39.6332,7.59167,4.36192
26.9353,231.989,92.0973,4.36185
12.823,193.043,-65.6866,4.36138
29.2585,221.87,-41.3519,4.36129
-28.0964,467.486,0.130859,4.36112
12.7983,292.375,26.7526,4.36066
-33.3475,459.59,-24.8781,4.35982
12.5244,205.94,31.0745,4.35952
40.146,340.511,-63.1887,4.3591
-18.1079,544.518,-93.5432,4.35788
-28.6915,368.088,47.3719,4.35707
26.7888,336.468,-84.4847,4.35669
35.4329,414.046,-93.6938,4.35664
-19.8429,270.855,-74.7633,4.35646
10.2635,34.5388,19.6968,4.35534
41.9493,200.358,55.2897,4.35519
9.16296,510.721,52.3798,4.35508
43.7457,196.955,17.1097,4.35402
-43.7518,41.8829,-40.3754,4.35328
14.3375,433.158,-38.1836,4.35134
25.7256,509.005,36.6786,4.35133
43.6884,443.474,52.7637,4.35116
-14.6033,472.181,16.1038,4.35004
9.19934,521.529,-61.105,4.34937
26.0203,310.609,83.4559,4.34824
-20.3558,443.362,15.2037,4.34805
43.6918,331.819,65.5625,4.34775
-43.6793,269.366,-75.3137,4.34708
45.1433,146.026,84.7354,4.34694
17.1597,316.716,-71.1492,4.34677
43.7185,316.508,-5.95813,4.34619
9.37012,417.777,93.6844,4.34525
-33.6892,331.826,-65.3134,4.34488
-9.26367,207.93,93.7371,4.34429
43.5092,398.066,-23.0597,4.34383
34.9581,214.238,60.3959,4.34376
33.3994,77.2125,-82.4373,4.34276
34.3458,523.198,-15.8563,4.34188
22.4561,6.31421,-53.7888,4.3418
14.6699,395.824,75.9287,4.34125
28.5953,94.25,-93.7664,4.34115
13.8832,93.6044,-65.9835,4.34094
-23.681,376.251,91.5688,4.34088
17.3176,81.7363,29.7971,4.34058
33.8353,509.783,-46.3029,4.33949
-16.3967,561.538,22.5483,4.33948
19.6426,99.6561,-2.13708,4.33937
-12.735,136.711,24.9686,4.33826
0.63562,190.013,-67.361,4.3381
-30.6234,44.2257,29.3446,4.33734
-6.21448,503.148,-25.9286,4.33711
-10.6553,203.82,-72.0479,4.337
-33.8806,44.8204,-50.7958,4.33573
4.09851,236.47,-35.1975,4.33553
25.7911,449.025,93.7366,4.33497
-7.724,329.111,-62.1058,4.33427
28.5017,170.731,-93.8573,4.33378
4.16943,181.133,51.0326,4.33323
28.5515,308.095,-42.8679,4.33263
6.76599,116.954,41.2614,4.33263
7.14221,258.366,-76.9839,4.33222
-43.6693,357.293,93.6406,4.33215
-20.6262,176.567,22.0577,4.33183
43.6847,421.039,-75.7788,4.32984
12.0784,442.208,-1.49976,4.32796
7.32703,424.85,47.2306,4.32728
12.515,154.138,-28.7458,4.327
33.8632,524.488,93.6416,4.32531
23.4602,222.36,84.6234,4.32472
-33.3752,359.02,-35.5161,4.324
-27.311,233.117,93.7126,4.3239
34.9583,158.851,-21.3877,4.32326
-19.2147,382.996,40.1426,4.32315
34.1366,214.216,-32.5422,4.32315
-30.9224,133.971,77.2004,4.32239
34.0702,220.099,71.484,4.3214
38.8257,107.456,-13.7009,4.32126
-43.7679,153.092,58.4913,4.32101
-19.8052,275.653,-0.637939,4.32097
-14.4934,472.113,-28.0321,4.32086
31.4895,72.1526,10.5938,4.32053
19.038,180.57,-53.6924,4.32019
21.774,123.969,-70.4016,4.31814
-15.5244,236.773,91.5596,4.31772
18.5623,438.64,93.6917,4.31763
-7.03186,400.078,84.4058,4.31691
27.3083,554.984,1.03687,4.31657
33.5941,425.78,4.95789,4.31573
36.8114,121.253,-85.6378,4.31465
-35.0229,229.804,-10.1403,4.3143
43.7284,174.773,21.1981,4.31355
11.063,432.992,-57.0485,4.31347
43.6918,361.151,-55.965,4.31328
43.4313,556.709,74.9503,4.31287
3.54944,411.98,9.10181,4.31277
34.9823,122.895,76.1826,4.31077
-0.248291,347.67,-23.4354,4.31069
6.97253,274.46,19.5115,4.31058
-34.1077,346.16,-92.7001,4.31056
33.7686,179.2,-86.1877,4.30862
9.2168,319.005,70.032,4.3086
6.47314,380.076,-54.8907,4.30792
-36.0706,531.326,83.0712,4.30768
-17.3385,419.454,-12.8582,4.30688
-43.6382,324.805,53.2811,4.30658
-0.631348,68.9559,-49.2701,4.30654
38.5493,39.9315,-76.8348,4.30537
-43.72,510.061,58.9557,4.30456
-25.4138,269.921,66.3398,4.30455
-43.6982,462.63,-80.4696,4.30444
-40.3297,134.607,85.4791,4.30402
12.5881,89.3717,85.8794,4.30299
33.3773,560.079,-61.5264,4.30175
-21.1749,180.656,59.1287,4.30168
-24.5988,532.43,67.9905,4.30164
31.0366,401.142,-33.3905,4.30119
33.0502,325.527,85.7003,4.30113
-43.7098,74.9264,-81.4072,4.30055
-1.34351,294.642,-12.6072,4.30029
-34.4623,100.448,7.8457,4.29993
-43.7229,472.969,-50.6991,4.29988
22.4486,482.252,-45.1871,4.2995
-43.1138,239.052,-42.5657,4.2993
0.780762,91.0844,53.3634,4.29874
-43.7841,222.252,63.1748,4.29594
32.6547,445.594,-1.31104,4.29576
23.1001,44.0952,3.62537,4.29569
-3.21509,285.666,55.396,4.2954
43.3265,319.199,65.4323,4.29515
-13.6519,170.912,-32.4585,4.29457
11.7145,451.594,15.5297,4.29454
30.6179,72.2174,-53.1941,4.29453
-17.2974,309.078,-75.1193,4.29349
-35.3516,387.882,-93.5179,4.29345
-6.90796,194.938,-56.7535,4.29344
7.01819,289.564,65.0364,4.29281
25.0131,233.034,55.9735,4.28902
23.8528,129.384,-31.8882,4.28891
33.5464,496.833,27.8866,4.28869
-7.94397,168.364,-64.4319,4.28868
48.3607,138.151,-74.4606,4.28862
7.25037,397.509,48.5377,4.28832
-18.9661,340.013,-86.9659,4.28818
43.7212,384.003,-4.71875,4.2873
12.5508,71.7632,-68.4353,4.28586
-24.4862,546.023,-34.3905,4.28571
-37.0824,70.5238,-24.2787,4.28546
-32.3987,471.418,-20.5284,4.28507
-29.9075,365.019,-74.5884,4.2849
24.2412,190.873,93.9099,4.28446
34.5306,433.71,-4.73547,4.28436
24.2012,340.269,-17.3455,4.28425
5.20422,490.5,57.4404,4.28358
-16.7456,489.054,-76.7258,4.28274
-0.201172,14.5664,67.7386,4.28267
-2.03955,454.506,-27.2114,4.28221
2.91956,109.318,-58.2856,4.28087
10.8492,82.0167,-21.3711,4.28079
-28.6781,157.895,-9.35938,4.28029
34.7709,410.259,44.2952,4.28027
-43.7489,166.802,-31.8064,4.2796
11.2815,109.671,29.9329,4.27941
-37.4926,462.308,-48.3665,4.27868
-34.4532,323.98,64.5713,4.27603
-40.1642,388.696,-56.7195,4.276
-16.0016,495.633,-28.527,4.27527
-18.053,6.21069,-84.5741,4.27526
-27.723,61.4879,-93.7764,4.27519
-21.4427,116.09,-16.7388,4.27507
-25.2889,522.393,-37.0077,4.27492
-8.17712,391.549,93.7737,4.27479
36.2804,91.2755,-33.7736,4.27473
-40.5229,247.682,14.5913,4.27406
-1.1759,246.538,-77.4719,4.27405
-24.7897,404.442,55.9032,4.27375
-8.49011,29.041,-32.5292,4.27367
-35.6101,155.775,0.784058,4.27327
-43.7529,487.818,58.5154,4.27148
2.91541,14.876,-60.631,4.26997
49.7686,28.3286,85.2102,4.26994
-43.7498,378.132,59.9385,4.26952
24.8174,372.277,-58.5739,4.26946
20.0875,286.174,63.6034,4.2678
-43.7411,324.678,-8.5376,4.2678
-13.384,172.656,64.8248,4.26776
14.3455,465.975,-93.7766,4.26761
-22.6509,415.616,14.2671,4.26697
-2.37817,165.416,-93.8806,4.26688
-26.6982,260.799,77.8147,4.26678
-16.8848,372.044,65.876,4.26627
13.1271,387.839,-36.5153,4.2659
43.8093,317.601,-49.4113,4.26526
-43.2557,422.328,-86.3682,4.26521
-11.2142,537.582,-57.7336,4.26469
34.7329,465.717,67.7465,4.26379
-32.9697,172.443,-34.7488,4.26271
18.1552,399.258,57.1509,4.262
18.3728,359.705,-11.8593,4.26171
50.0244,99.4568,-0.963501,4.26076
11.6427,108.709,1.19019,4.26069
-7.74304,104.046,6.26135,4.26007
37.391,82.1023,-49.4799,4.25983
43.7657,215.059,87.2373,4.25959
19.7159,16.8479,-74.0891,4.25859
8.31885,97.5139,-86.5454,4.25803
-13.8075,61.5504,84.2944,4.25784
-43.6321,481.176,-60.1853,4.25692
25.1349,134.518,-86.5496,4.25626
25.4397,486.254,93.7468,4.25414
-1.61951,459.151,40.6576,4.25351
-25.4248,65.741,83.0002,4.25247
-21.1398,29.6036,35.3378,4.25214
2.59998,344.812,-35.5341,4.25083
3.30005,17.2771,-19.1127,4.25057
4.80103,214.834,55.3125,4.25036
49.8755,79.72,22.7566,4.25033
-8.60535,250.165,-11.9165,4.25033
-5.31641,12.5187,79.4586,4.24995
-4.80139,437.648,-35.512,4.24972
-9.1488,207.048,-60.1002,4.2493
-2.86157,222.815,-12.1337,4.24899
6.38,69.3566,93.7733,4.24887
-15.4573,121.434,-66.8607,4.2485
-43.863,255.953,-93.8407,4.24802
-14.084,558.466,10.5653,4.24794
-43.7903,391.494,10.0853,4.24709
49.7732,87.8829,35.556,4.24704
35.476,533.223,14.8748,4.24683
-22.9352,335.267,33.3704,4.24669
-9.40015,55.2664,73.8123,4.24448
-12.2019,260.957,-76.2589,4.24434
13.3182,553.614,-34.9316,4.24406
21.9287,301.722,-58.3741,4.24343
0.338989,177.626,-65.3862,4.24282
12.193,553.448,29.1512,4.24187
-5.80115,508.535,60.0724,4.24146
24.1144,396.553,46.4143,4.24118
17.4233,496.49,3.75696,4.24106
-35.3584,276.86,24.7019,4.24027
35.8795,387.077,10.5273,4.2391
43.7767,395.863,-0.790649,4.23873
-25.9885,467.928,-30.7175,4.23851
31.1927,281.342,67.3563,4.23816
-43.8257,202.258,29.0688,4.23781
-18.9907,359.039,-6.20251,4.23711
-34.4072,391.431,20.5854,4.23695
16.6298,26.7758,-67.3032,4.23663
-33.1576,484.213,13.1553,4.23645
-7.5614,253.978,27.6105,4.23535
-21.8712,379.171,-61.559,4.23486
28.2095,520.67,31.15,4.23443
19.5792,231.18,-46.6644,4.23252
-35.1887,6.05347,-9.54504,4.23178
-43.9176,80.157,-0.00219727,4.23167
-41.6129,33.075,-85.1437,4.23094
44.1641,124.758,-27.5006,4.22926
-9.13757,280.923,-72.7185,4.2288
34.1285,185.011,-19.6533,4.22824
14.3575,247.327,63.4139,4.22681
9.26038,29.0441,83.3848,4.22663
43.7988,265.248,-93.8291,4.22561
-34.8103,502.388,54.6876,4.2251
19.4417,407.533,76.9564,4.2235
-43.882,23.34,-93.8419,4.2233
43.8601,348.732,-54.4263,4.2228
-43.9858,214.693,29.3616,4.22262
-26.6688,14.9672,-38.5304,4.22256
44.7446,40.0237,-66.0203,4.22255
-43.6619,472.52,35.5059,4.2224
43.7932,442.728,-39.6616,4.22133
-43.8451,243.528,-93.8141,4.22112
35.3967,336.693,-3.25964,4.21736
18.965,509.936,-46.7749,4.21622
28.9058,120.539,47.4813,4.21617
-11.1852,353.977,66.3669,4.21581
21.3988,408.861,-65.053,4.21386
-35.9163,280.884,-41.3135,4.21315
-15.8965,438.483,-87.8241,4.21301
49.8933,39.452,7.32104,4.21247
-23.4028,528.025,55.1873,4.21214
-25.6393,262.323,-81.936,4.21049
0.188965,105.339,17.8824,4.21033
-5.71313,27.0227,-20.653,4.20921
31.4076,428.628,77.813,4.20916
49.9204,58.9795,-80.4382,4.20877
-14.1429,215.913,-93.8883,4.20844
34.3563,117.455,-7.6228,4.20769
-24.9965,290.235,-31.7219,4.20739
12.6936,159.96,-70.1121,4.20684
26.3127,35.0659,47.3422,4.20679
25.7148,544.144,7.08191,4.20581
-23.749,460.574,93.7968,4.20471
14.2753,79.4686,8.30969,4.20457
34.4706,332.01,18.2096,4.20455
-25.422,408.418,-19.1671,4.20432
17.8871,152.805,8.06763,4.20306
-25.5281,237.525,-57.1606,4.20238
9.82837,45.7896,50.6863,4.20215
-1.33093,113.373,-35.2673,4.20121
-10.5289,337.022,-1.15906,4.2008
30.1091,14.4871,48.2531,4.19986
-23.7664,270.95,-62.9263,4.1996
-21.319,109.713,37.6213,4.19931
41.6884,101.793,-51.7853,4.19861
-1.46655,467.54,75.7994,4.19827
-2.50098,397.997,-3.11328,4.1982
21.2948,350.954,44.7559,4.19769
-37.859,281.936,-58.7269,4.19742
-26.7029,23.7755,-11.0668,4.19644
-7.65222,508.622,90.7581,4.19642
-35.1547,538,-55.4863,4.19586
38.3135,224.845,12.2654,4.19558
-34.1428,488.241,-66.2749,4.19535
-17.7784,171.625,-20.6995,4.19534
25.8584,341.048,55.5312,4.19512
-15.3647,404.288,-82.4677,4.1948
-7.51379,61.4811,-82.0917,4.19386
-35.2009,94.1804,-42.5986,4.19345
-30.3899,544.07,-91.0178,4.19271
43.8384,505.779,-33.7235,4.19243
-36.0245,496.285,65.4177,4.19236
-37.2727,13.0648,93.9375,4.19196
-19.9797,42.8657,23.0686,4.19163
-26.649,538.635,1.68384,4.19157
-18.3507,431.537,93.8774,4.1902
12.2483,34.252,-57.5142,4.18939
6.30005,397.47,-40.417,4.18924
-43.8508,401.647,84.4371,4.18854
-13.2893,69.2456,57.9241,4.18759
49.8903,62.2833,-15.264,4.1868
19.3574,13.6241,41.9597,4.1868
-33.6506,306.41,93.821,4.18636
28.9337,477.04,50.3225,4.18587
43.8638,283.127,14.2391,4.18572
-22.3287,321.622,63.002,4.18549
-35.3406,335.367,25.4156,4.1848
29.2842,124.415,-41.8839,4.18472
-17.9191,24.8687,-52.3694,4.18471
-27.2799,53.5369,36.9299,4.18356
-24.9884,241.7,27.4086,4.18304
23.9606,121.446,25.177,4.1826
16.8668,278.315,-93.8708,4.18229
38.171,139.933,-47.8405,4.18122
-17.4626,470.654,90.004,4.18048
-43.8494,29.5708,-38.8649,4.17999
24.2543,443.269,-75.9867,4.1799
9.72485,505.733,21.5175,4.17984
-25.1053,15.6578,94.0869,4.17976
-31.6677,415.03,34.7168,4.1793
39.3541,380.908,-58.8042,4.17927
-27.8368,175.593,-56.1793,4.17924
29.2538,405.739,-74.1097,4.17866
19.978,361.721,17.7222,4.1782
-43.884,432.185,-93.8501,4.17758
43.733,551.283,-34.1191,4.17664
-43.8835,170.618,-43.552,4.17627
29.8805,410.724,71.1348,4.17625
38.9175,138.801,36.3218,4.17611
33.0981,455.867,60.3856,4.17541
-7.99268,137.138,-20.4698,4.17458
35.7546,368.605,2.92639,4.17378
18.5765,168.921,-13.1676,4.17374
13.1476,165.542,-23.7291,4.17332
-37.9192,258.274,51.3206,4.17248
-9.13745,466.591,47.1678,4.17198
-7.14453,23.4626,-92.5229,4.17121
-19.4581,558.305,77.3252,4.17044
12.6548,256.899,-65.1119,4.17015
13.5449,169.626,-51.8145,4.17009
28.1134,471.558,-18.8031,4.16956
27.707,132.775,78.2666,4.16912
23.6722,55.6957,-31.5082,4.16902
-1.14246,29.8409,-46.543,4.1687
43.8954,215.774,-60.7206,4.16839
26.9169,29.2902,-87.5336,4.16773
34.4639,463.089,-25.0989,4.16769
27.9543,99.2264,-14.8258,4.16747
49.5867,86.8623,70.6633,4.1674
-31.4908,553.516,-16.8411,4.1671
-34.9921,318.631,93.6989,4.16677
49.915,118.14,0.354248,4.16651
1.30957,14.6604,-93.8596,4.16642
44.2449,6.11633,-77.9358,4.16614
38.395,82.9758,25.76,4.16556
-36.7822,119.64,25.1047,4.16511
0.311035,554.582,69.1228,4.16463
-43.8596,405.616,-32.6772,4.16417
-9.13367,443.506,80.7133,4.16399
-17.8853,161.05,-14.4203,4.16399
43.8641,297.687,30.1656,4.16383
29.9905,228.535,30.1405,4.16093
-26.3953,142.081,43.2769,4.16045
28.8682,301.819,2.51489,4.16045
-23.8608,40.5393,57.4591,4.16027
12.9995,376.562,-84.0916,4.15955
-44.0798,23.0963,93.4989,4.15868
25.8375,507.973,-57.127,4.15862
43.8859,433.378,-77.5656,4.1584
35.1083,493.761,15.5889,4.15813
11.8351,217.581,35.4868,4.15787
-13.1277,127.416,-77.4611,4.15708
-20.5242,168.621,-49.1246,4.15678
-9.04285,430.566,57.2178,4.15595
42.8214,529.827,-85.6982,4.15542
-43.9117,380.361,-65.0756,4.1546
0.243042,472.019,87.1732,4.15422
-23.731,45.1233,-17.9496,4.15378
2.54736,226.305,-28.2488,4.15352
40.2369,27.9224,10.8032,4.15324
10.8223,229.887,5.29712,4.1528
43.906,306.254,-83.0872,4.15245
-14.7267,282.45,27.8519,4.15235
-16.9877,328.212,-7.37817,4.15189
-5.39734,316.934,-27.6825,4.15088
22.967,461.173,93.8737,4.15074
-43.8501,539.779,64.3588,4.15057
49.8749,93.8722,-18.589,4.15035
-33.6134,50.3467,-39.641,4.15021
-2.99902,53.5178,29.2628,4.15017
21.3993,213.434,11.2905,4.1501
-2.23999,107.636,-15.5548,4.14969
20.1045,409.543,63.7626,4.14943
39.6711,469.056,-14.0962,4.14919
-29.2008,501.243,16.1837,4.14902
-33.5914,39.8175,-33.5413,4.14871
15.1946,39.0039,-68.4174,4.14862
28.6329,54.7317,94.0018,4.14836
-9.89172,358.015,54.7745,4.14829
49.941,86.1364,-93.9662,4.14821
-26.7733,355.748,-25.4791,4.14801
-11.3081,374.538,-42.3075,4.14795
-32.7263,102.461,-93.9073,4.14788
-25.5206,323.311,-49.6404,4.14675
-7.52881,336.707,-93.9388,4.14643
-19.3154,237.116,-21.5859,4.14597
-6.63611,489.839,28.0646,4.14589
-20.8147,529.453,-68.0115,4.14566
18.3423,225.384,-3.31616,4.1454
23.176,400.65,33.6741,4.14495
-43.879,480.366,17.9678,4.14487
-3.34814,15.9677,55.8392,4.14449
34.3611,192.102,-43.1885,4.14415
-29.106,465.057,-57.0778,4.14323
-43.8716,107.428,93.9274,4.14251
34.9585,485.035,24.2505,4.14235
43.8932,284.996,-16.5002,4.14203
-41.4204,560.044,-20.0476,4.14194
34.1249,260.727,66.3677,4.14185
-30.4854,367.877,12.2922,4.14162
50.0275,28.8794,-52.2145,4.14127
-43.9213,61.6383,32.1465,4.14102
-31.2761,367.465,-93.8767,4.14002
5.00305,367.857,-53.2142,4.13985
-4.45972,128.774,-51.9126,4.13961
9.26282,487.357,5.48413,4.13926
-40.8844,196.517,17.2593,4.13795
46.5164,119.827,-11.2365,4.13792
23.4722,283.07,10.5795,4.13786
40.1166,131.654,16.7148,4.13775
-35.5552,380.43,-41.9401,4.13762
-17.5503,6.07288,37.1718,4.13725
-2.24207,233.684,30.459,4.13667
14.2128,127.212,20.4757,4.13665
35.074,463.273,93.8837,4.13577
-5.78357,396.641,41.3652,4.13557
-21.5952,146.299,64.7949,4.13529
10.9368,221.786,-48.3759,4.13494
32.0533,251.389,-43.8291,4.13469
24.6442,253.001,67.005,4.13467
43.994,250.59,3.18579,4.13465
21.5625,450.744,0.825562,4.13457
43.4321,83.8645,-8.4292,4.13444
29.2051,39.924,77.3625,4.13388
-40.0205,53.8234,-56.7861,4.13375
-10.0934,436.642,24.1483,4.13374
-43.9399,289.248,-71.4731,4.13357
25.3896,485.647,66.9131,4.13331
8.12732,369.466,84.7222,4.13298
1.54346,400.246,-58.8318,4.13277
27.9453,239.357,-42.2203,4.1325
-33.8252,280.09,-22.4066,4.13236
-43.9327,372.67,24.2196,4.13179
17.3599,59.6649,44.9823,4.13158
9.74866,495.387,-16.8022,4.13155
-1.99817,106.942,47.147,4.13115
-39.7898,541.205,24.5469,4.13076
-20.4108,450.341,3.12341,4.13011
25.0629,109.361,-7.71985,4.12995
7.67749,521.026,83.9321,4.12943
6.09436,181.99,-93.9718,4.12889
29.2607,113.984,-18.2098,4.12879
20.4238,110.234,12.2876,4.12824
24.7787,146.804,-85.7214,4.12716
10.7847,36.9485,93.9226,4.12705
20.2076,299.648,83.4108,4.12652
-33.2932,52.3995,6.32886,4.12554
36.5942,146.924,-24.4962,4.12547
-16.7134,430.202,-20.0073,4.12542
-25.426,539.57,-80.6893,4.12531
-27.6514,298.012,-15.4825,4.12519
-34.772,500.257,-63.6499,4.12517
25.8248,240.884,13.8263,4.12485
-8.61243,529.521,-66.7754,4.12428
-20.1436,216.753,-14.4591,4.12398
6.47925,269.348,57.5216,4.12349
38.1141,89.0183,56.6263,4.12345
-41.2349,113.245,-84.905,4.12345
9.34998,491.351,75.3082,4.12327
40.9115,14.2764,-47.7008,4.12228
-36.1885,191.346,-24.5973,4.12166
10.5253,41.178,-30.8607,4.1215
-34.9828,48.3207,55.1803,4.12104
-5.87683,142.173,87.9426,4.1206
-7.74646,188.495,69.3955,4.11908
19.9131,86.1046,-0.304077,4.11895
27.3466,556.171,-80.4666,4.11803
43.92,296.847,-34.6874,4.11785
39.373,505.113,85.4294,4.11759
21.0344,136.674,16.9502,4.11696
-43.9244,400.965,-70.8766,4.11653
11.9491,57.9542,-72.7593,4.1163
48.6372,75.6838,34.3447,4.11625
-36.3789,243.49,68.1923,4.11617
-32.3826,206.158,69.5077,4.11577
-31.7101,416.305,-73.8463,4.11444
8.74951,174.649,78.7902,4.11247
-19.0559,405.824,21.2913,4.11192
-18.3075,22.8938,-75.7135,4.11141
18.3636,231.913,17.1538,4.10983
-18.3358,412.859,2.48279,4.10938
-9.90137,523.944,69.4857,4.108
-34.973,14.7439,29.2981,4.10789
28.0967,162.667,-60.5234,4.10784
-17.7246,362.847,-74.464,4.10741
-10.1162,270.341,80.9401,4.10693
-13.2823,303.994,-54.5715,4.10671
-27.2394,67.0542,-17.7378,4.10647
-44.0645,52.9899,-45.4292,4.1063
35.5973,438.331,83.9316,4.10606
11.4661,351.224,-29.7019,4.10465
43.9014,170.456,5.58813,4.10458
-29.1121,190.061,59.5094,4.10408
12.9023,294.058,-36.1976,4.10374
23.9868,418.902,78.1191,4.10361
34.7373,281.727,6.14441,4.10326
3.01428,469.708,-54.473,4.10319
-5.89209,250.574,-93.9563,4.10253
4.36316,44.5009,-41.9178,4.10198
38.7787,227.418,-59.9933,4.10196
-17.4547,14.2214,-46.5214,4.10065
24.9899,452.842,-93.9054,4.10054
-0.444458,106.166,-85.9956,4.10034
-43.9315,24.9578,21.7119,4.09995
29.9271,445.937,23.9802,4.09934
23.6783,162.587,-49.1925,4.09847
-18.5205,275.395,37.0236,4.09843
-27.4252,496.623,83.4498,4.09818
-43.9143,542.744,44.8345,4.0979
-43.9551,149.404,-42.2924,4.09778
16.968,335.613,-7.83508,4.09623
42.8779,291.28,-93.9615,4.09619
43.994,192.429,-93.9661,4.09585
13.9744,346.049,93.9419,4.09577
44.0011,270.561,-62.2017,4.09573
-41.527,280.302,14.6467,4.09569
9.6554,116.631,-41.1151,4.09513
41.1141,450.279,8.10291,4.09498
5.2135,552.941,-60.5431,4.09307
-43.9193,256.623,33.8406,4.09287
-43.9934,205.28,-38.3411,4.09237
20.9319,242.412,-78.6346,4.09188
11.9126,237.048,69.6931,4.09159
1.5802,192.416,-47.16,4.09133
-43.911,509.531,-93.9097,4.09127
3.87695,416.783,-31.9701,4.09068
7.02454,302.427,-29.694,4.08957
23.5203,50.6904,76.4343,4.08953
-25.9916,5.99426,9.52551,4.08945
0.882202,523.147,32.7023,4.08887
-10.6677,452.756,67.0365,4.08873
43.1318,313.156,18.4231,4.0883
16.7188,120.924,35.0516,4.08789
-37.0305,464.228,41.7084,4.08739
43.9285,419.993,8.55676,4.08705
-43.9905,368.644,-61.5553,4.08691
-36.5376,265.358,72.0472,4.08459
43.9911,187.682,37.5692,4.0844
-17.9609,131.536,93.1219,4.08436
3.28784,90.7902,77.0244,4.08394
-11.2999,40.9641,-31.2686,4.08374
-44.0001,135.493,-94.0619,4.08333
-31.9954,526.067,-64.4464,4.08318
-34.5978,43.52,-1.94189,4.08308
46.7003,14.1243,38.6447,4.08287
17.1165,187.156,-94.0029,4.08265
-13.7815,244.115,-87.3789,4.08264
2.6405,5.9209,-10.2338,4.08132
27.235,506.595,66.4454,4.08089
-33.1152,194.066,70.2997,4.08063
2.82581,5.78687,57.7217,4.08025
17.0105,342.978,21.103,4.08012
9.01013,533.107,85.7539,4.07999
33.8032,129.956,-93.9363,4.07989
-33.3126,254.006,92.2075,4.0798
-37.6802,303.051,64.9395,4.07868
16.6411,509.146,-34.7361,4.07844
-33.1271,451.185,59.5736,4.07815
-32.8583,316.411,27.8914,4.07782
-35.7847,516.283,11.6691,4.07782
50.0835,136.48,40.5851,4.07774
-16.9426,243.971,-51.2936,4.07654
26.4788,113.336,-86.1279,4.076
-7.67566,443.749,-78.2244,4.07599
2.54614,571.988,15.2139,4.07588
0.513062,275.87,-78.4177,4.07582
34.8602,171.412,-22.8402,4.07542
15.9764,126.574,-9.87256,4.07515
-43.9822,288.029,37.0646,4.07462
15.399,537.205,-48.1777,4.0739
49.989,138.185,-41.8673,4.07364
35.6167,527.562,3.93787,4.07328
-12.5885,303.744,-26.3124,4.07246
3.26831,492.599,-68.0363,4.07142
17.3127,347.846,-8.96521,4.07106
-35.1182,125.242,-61.0139,4.07082
40.6023,481.94,-69.473,4.07077
-24.2069,556.981,-7.65295,4.07043
-43.9319,546.133,-37.697,4.0704
-39.8318,422.682,61.3245,4.06988
-34.7415,149.857,-62.4419,4.06923
38.9269,454.506,49.6582,4.06922
-37.1952,111.857,-5.97156,4.06906
19.4713,316.213,-44.9854,4.06822
-17.2739,356.422,5.69019,4.0679
10.9567,571.255,36.9197,4.06705
-43.9843,417.381,-29.3994,4.06659
15.0834,244.693,-65.3118,4.06583
3.89636,185.782,-37.3373,4.06446
0.0872803,528.749,45.3856,4.06405
20.4071,258.285,22.6091,4.06385
38.4708,482.661,45.1392,4.06374
41.0372,129.212,29.1458,4.06352
-28.4838,216.825,-62.2882,4.06337
-15.4244,217.536,10.5409,4.06295
18.5922,377.048,-38.7882,4.06286
36.4386,285.92,49.3782,4.06279
20.4302,167.874,84.8311,4.06249
-8.21912,453.01,-47.8022,4.0622
-33.7395,218.203,68.9526,4.06209
-44.001,172.206,-94.0548,4.06195
3.60547,170.3,45.1464,4.06161
0.0336914,55.1073,-23.7195,4.06142
7.52991,137.318,-77.7335,4.0614
9.86353,266.699,10.3613,4.06118
-24.6824,78.2498,-76.6664,4.06099
-15.3635,287.205,94.0325,4.06089
32.2294,59.8425,-94.1133,4.06086
-43.9473,538.983,-6.87903,4.05974
16.8568,179.282,86.4257,4.05896
40.5363,66.8262,-80.8516,4.05882
-44.0184,32.9025,58.2271,4.05842
-36.7292,247.465,-13.8182,4.05816
-41.8357,568.444,57.3031,4.05704
8.02112,434.531,67.9944,4.0569
-26.7136,446.223,-10.4125,4.05612
23.3196,330.13,60.3701,4.05611
-43.9707,275.066,-4.13464,4.05588
-4.38721,382.6,-78.8893,4.05552
26.2417,547.273,-48.9268,4.05448
30.4355,389.927,-85.9735,4.05215
-44.0145,383.906,19.708,4.05151
50.0461,50.7871,-33.1658,4.05035
-30.6147,336.008,4.41382,4.05
11.4904,294.309,-21.8834,4.0492
-16.0164,548.939,-72.4327,4.04904
-21.3954,179.823,-29.0438,4.04875
27.9843,174.749,15.171,4.04866
26.7441,147.857,60.9681,4.04859
43.9569,447.177,74.7992,4.04847
24.9202,5.94287,16.3831,4.04824
31.422,321.717,63.3822,4.04798
0.967651,369.012,-27.7466,4.0477
-19.7544,139.029,75.9286,4.04758
-34.8878,28.4747,-75.9949,4.04746
-5.06531,107.904,94.0586,4.04743
-25.8939,284.358,-59.2634,4.04741
12.2509,343.314,41.9611,4.04719
-44.0181,382.142,40.8544,4.04574
-16.4451,566.992,41.2738,4.04398
-43.9563,564.527,33.155,4.04385
-25.4858,461.063,-67.9751,4.04339
-21.5851,189.092,93.9788,4.04328
44.0302,406.098,-7.45593,4.0431
32.1011,93.1146,-50.7076,4.04271
30.8696,507.798,-93.9698,4.04204
25.1394,313.693,69.782,4.04171
8.7052,459.12,-56.1482,4.04149
8.68298,5.98901,68.1965,4.04106
-11.1426,159.048,-36.0491,4.04105
-7.25818,548.844,76.7816,4.04064
-35.5865,225.762,-94.0162,4.04052
21.561,537.73,81.4766,4.04024
-44.0419,327.013,-60.5594,4.04017
30.4318,342.841,44.3953,4.03986
43.9733,481.13,-93.9565,4.03935
-31.2449,478.965,-31.4751,4.03924
36.2479,143.006,-86.5164,4.03869
44.0405,238.945,71.5212,4.03801
30.8656,522.333,-35.0702,4.03799
34.8711,360.339,-18.7805,4.03772
43.9796,256.014,-7.6322,4.03766
17.2039,289.933,38.072,4.03712
-19.3705,403.422,-65.6144,4.03697
-26.0326,5.9762,67.1942,4.03694
-35.994,522.46,-21.4175,4.03657
-5.94495,273.677,54.4525,4.03606
35.4871,168.689,-4.28723,4.03581
15.3849,42.8304,27.3538,4.03479
25.724,161.184,-72.2874,4.03474
1.34106,68.9254,22.1014,4.03471
0.989258,117.882,52.0415,4.03469
-43.9662,437.479,-22.0548,4.03446
11.9363,91.6205,58.4617,4.03353
-3.84985,283.511,94.0023,4.03335
-33.4742,307.282,-20.6401,4.03251
10.5239,13.5725,11.1803,4.03235
38.22,112.91,-75.6052,4.03229
20.5604,262.08,-15.8584,4.0322
37.6272,23.9625,-85.2457,4.03168
25.3999,214.419,-75.7366,4.03143
43.9028,297.033,-15.0967,4.03003
1.26501,96.0951,-14.9178,4.02997
-26.2957,308.877,84.187,4.02994
-34.7168,440.525,-29.2223,4.02946
0.658936,396.777,58.9084,4.0294
-6.93811,303.392,-71.7816,4.02926
17.8407,85.8086,-12.1609,4.02902
2.58289,528.545,12.4641,4.02878
-18.1112,58.0648,-46.8669,4.02842
28.933,287.279,38.8868,4.02786
-11.1061,181.389,4.45239,4.02759
36.4894,349.062,-22.6553,4.02749
-19.8663,200.824,49.3153,4.02716
22.4299,136.131,67.6819,4.02715
-34.4106,130.71,3.49109,4.02666
-22.6462,44.8287,-30.0059,4.02602
0.579712,511.074,-32.5454,4.02531
-32.3733,408.733,-47.3849,4.02528
-23.2358,201.351,75.8796,4.02515
-0.844238,572.273,62.2673,4.0249
-7.23987,357.434,-77.2192,4.0241
-15.0881,553.489,42.0713,4.02399
-19.2089,359.8,47.0239,4.02383
13.5391,70.8314,25.7623,4.02365
4.72485,314.521,59.4661,4.02279
-15.782,285.927,70.5259,4.02228
25.5909,39.3647,-94.1061,4.02171
-24.0411,227.831,-64.5486,4.0217
-22.922,539.486,-54.5521,4.02094
-16.6146,179.902,-93.9941,4.02092
44.027,237.679,-56.2535,4.02016
-8.17371,239.464,-59.3953,4.02008
1.42505,128.504,-20.0033,4.01989
21.9606,16.5049,94.0853,4.01944
-7.48242,51.6615,-62.8339,4.019
-14.5667,69.9907,69.9978,4.01882
19.7023,91.4154,-45.9592,4.01841
-15.8394,160.235,-56.9094,4.01839
3.89038,562.501,-35.8895,4.01794
-25.2554,132.431,-41.6864,4.01764
44.0267,496.107,-94.0315,4.0173
8.00159,428.244,-77.0183,4.017
-44.0067,403.353,-93.9987,4.01693
-10.377,525.477,-2.37402,4.01678
29.0116,63.9137,-41.162,4.01659
44.0334,268.36,-44.587,4.01653
-13.6764,383.969,27.6965,4.0163
36.2639,206.467,19.0182,4.0161
-35.6268,79.2897,-58.947,4.01558
-18.4097,5.91943,-2.41992,4.01518
44.0037,499.712,55.877,4.01495
-41.7003,541.616,-75.4432,4.01487
-26.5911,82.1764,35.6504,4.01403
-44,435.54,46.9961,4.01374
-44.0759,48.8417,-30.4304,4.01362
31.5857,142.421,72.0035,4.01342
16.4639,86.3289,-31.3176,4.013
-35.7617,144.834,94.017,4.01275
10.0946,445.178,-93.9886,4.01234
-5.23193,485.631,-94.0155,4.01219
44.0437,250.424,-18.2284,4.01217
-36.1628,242.893,-53.2518,4.01167
36.3667,323.856,34.4292,4.01135
16.1495,206.859,70.7983,4.01048
44.0868,244.876,-28.7949,4.01033
48.7139,21.6093,-41.3248,4.01005
-43.9944,303.366,-75.1155,4.00951
-43.3003,412.872,-73.0205,4.00927
-23.5739,398.511,-49.7255,4.00906
-44.1023,67.4491,-71.7656,4.00884
16.2474,23.1125,15.6199,4.00883
-35.1821,180.215,53.0858,4.00844
32.2079,14.4257,66.8027,4.00823
22.0522,365.276,-77.9159,4.00799
-28.8064,534.673,-36.2406,4.00799
43.8925,483.782,-28.3669,4.00704
42.1562,62.265,-54.7128,4.00683
37.5131,352.312,-8.02832,4.00663
-44.066,398.723,-22.7211,4.00559
-44.0513,462.396,-30.3818,4.00545
-3.09009,335.81,94.0103,4.00538
35.8389,259.071,-56.8365,4.00478
-0.783203,302.681,-38.9879,4.00432
-1.66931,541.156,15.4178,4.00404
44.0039,548.56,-72.8453,4.00367
-0.849365,5.9198,-47.0609,4.003
44.0885,275.811,-6.39331,4.00258
28.401,468.197,-52.7513,4.00252
-32.5077,517.548,41.5641,4.0023
35.5179,327.227,-37.3148,4.0022
32.3441,319.168,51.7131,4.00206
34.0596,149.525,19.4174,4.00135
-7.52344,408.271,38.4241,4.00092
33.8433,482.213,-19.7397,4.00058
34.796,514.385,5.15894,4.00027
-29.5116,497.197,27.6255,3.99951
10.9941,277.155,-48.3037,3.99832
-5.0614,52.5131,94.0834,3.99811
35.7299,292.083,0.143921,3.99796
8.25085,105.914,-31.8677,3.99795
-44.0427,507.599,23.5092,3.99696
-44.0151,74.6595,49.4222,3.9968
-36.6483,263.219,-28.0853,3.99622
27.3007,430.775,-94.0504,3.99617
33.3029,108.693,65.3953,3.99597
-27.5841,546.06,-70.7017,3.99566
-10.3427,29.1317,-3.04529,3.9952
-11.3042,152.424,63.7418,3.99498
-4.2876,80.6232,-48.2684,3.99491
-19.5576,332.58,-18.3925,3.99467
-44.0287,521.888,20.1208,3.99362
34.9049,472.279,23.1001,3.99193
-3.04004,237.838,-25.3477,3.99161
4.56189,300.662,-69.8177,3.99027
-29.1582,133.807,52.061,3.99005
31.4822,447.54,-85.1919,3.99002
21.9922,83.8519,-81.8561,3.98998
15.6686,536.41,71.0782,3.98964
3.06262,34.1948,-65.3976,3.98943
-26.6466,247.969,73.8032,3.98904
-1.81897,424.492,-24.7106,3.98871
5.13623,172.659,13.0997,3.98862
44.095,322.857,-94.0641,3.98859
16.3524,154.536,76.2457,3.98857
32.7419,337.689,-42.3306,3.98808
-44.01,44.8829,-94.1077,3.98751
44.0249,510.376,-22.4646,3.9869
-24.5603,232.052,-75.7582,3.98685
-44.1083,193.199,37.191,3.98683
21.1881,241.76,-19.3951,3.9864
-8.57434,487.668,50.011,3.98567
3.73804,206.744,-34.5028,3.9851
15.6611,416.351,44.2076,3.98502
-22.913,463.69,-19.6947,3.98462
34.3649,428.174,-72.1812,3.98428
-10.5641,426.508,17.5354,3.98405
40.0334,233.24,-94.1118,3.98315
44.0394,537.711,-26.8845,3.98263
-44.0485,494.137,93.7679,3.98215
18.7302,533.756,23.2131,3.98203
-34.3969,13.8304,-82.5077,3.98136
2.99487,19.4191,29.7183,3.9809
18.705,363.254,85.9357,3.98088
-8.32935,206.519,-88.9707,3.98047
44.08,171.085,94.0385,3.98028
-16.8035,316.492,-85.7712,3.98014
20.7579,351.712,-56.0765,3.9793
0.0140381,385.702,63.4016,3.97892
-35.4558,193.607,-54.2382,3.97827
-31.2559,320.212,6.47473,3.97783
-5.97327,461.62,11.2272,3.97774
-43.944,477.971,76.665,3.97746
-23.2302,550.013,-60.2865,3.97741
24.8838,322.023,-31.6503,3.97662
-30.314,440.147,26.4791,3.97642
2.68835,543.285,-30.3325,3.97638
14.1549,416.973,71.4507,3.97636
-2.02502,174.458,-85.7262,3.97633
33.3928,352.47,-82.8455,3.97609
-16.2509,320.381,94.0366,3.97546
-34.9259,479.51,84.3517,3.97524
-9.88147,561.805,-0.415161,3.97517
-18.2778,549.679,25.278,3.97486
16.7437,428.042,75.0227,3.97361
-16.1305,101.512,-27.4904,3.97353
44.1104,207.124,2.63928,3.97337
44.0308,542.956,44.3712,3.97294
27.3502,351.763,-14.3221,3.97275
36.6288,116.923,-47.8591,3.97261
-23.8971,504.931,-61.1466,3.97227
-4.43164,379.865,21.2892,3.97222
33.0994,297.163,-40.0336,3.97178
-17.1726,485.022,42.1451,3.97158
44.0657,473.487,-84.6926,3.97112
26.7584,20.9857,-6.54895,3.97065
26.9348,94.6732,-79.0255,3.97038
-44.1372,231.676,81.0734,3.97018
44.0481,385.314,36.4209,3.96997
16.9801,570.519,-8.63696,3.96951
35.9572,195.347,93.9766,3.96832
-18.8907,409.701,44.2294,3.96798
-35.584,332.779,-53.2134,3.96695
-34.1298,177.258,-45.9264,3.96692
-44.2607,107.333,51.652,3.96548
44.0803,152.753,-5.09961,3.96527
-9.13086,233.124,-9.8374,3.96526
14.8508,5.88867,57.9043,3.96521
44.0449,519.358,-71.6084,3.96515
24.6046,466.374,-79.9376,3.96503
-5.20947,71.7867,2.5188,3.96485
-9.65149,5.83313,17.3489,3.96474
29.08,431.434,-52.0399,3.96443
33.7751,40.2513,-60.7629,3.96436
-4.1958,303.304,-87.5098,3.9643
3.66956,330.742,-66.3406,3.96405
-9.24353,38.0742,-50.1859,3.96394
0.0601807,93.9866,13.9486,3.96348
-13.5396,476.719,61.2832,3.96345
21.0101,305.645,94.0649,3.96303
-16.4597,115.47,-5.68091,3.96283
-31.7605,119.37,-51.1222,3.96245
-35.4144,502.194,-25.4795,3.96219
23.7645,557.728,-54.2942,3.96196
25.5902,83.2089,-52.1227,3.96119
-44.0697,389.492,64.4348,3.96107
-13.6711,15.7352,22.8636,3.9609
-25.4587,71.8436,-36.5833,3.96064
44.0702,412.804,27.3173,3.96024
-29.6659,542.655,-45.1738,3.96007
-26.886,440.394,5.21143,3.95974
33.6051,261.209,94.1639,3.95955
25.1534,430.67,-32.897,3.95941
-19.6024,198.841,-2.96228,3.95935
-38.8003,205.948,-10.7098,3.95913
7.6051,413.123,-2.41907,3.95859
-33.3875,457.077,-84.1862,3.95839
-30.666,56.3258,72.4688,3.95686
19.29,228.516,65.7466,3.95586
19.4285,107.055,-18.0735,3.95544
-27.9218,370.023,81.6339,3.95523
-33.7002,153.193,78.49,3.95495
11.9375,326.032,-44.8027,3.95475
-9.16833,247.191,-42.7568,3.95466
34.8724,389.557,-33.2937,3.95461
30.1388,170.103,-78.8933,3.95376
22.4885,220.505,-51.5466,3.95368
-44.0818,320.273,29.6738,3.95342
14.1887,554.879,41.7025,3.95342
-26.3748,468.481,-77.3447,3.95313
0.128784,224.722,17.7704,3.95261
14.3027,466.339,44.3452,3.95239
24.7511,19.9243,-35.7814,3.95224
10.3209,23.5244,-7.28674,3.95205
37.0657,62.713,39.6322,3.95186
17.3687,327.545,49.0848,3.95171
-33.3732,275.87,-68.4902,3.94997
-44.1224,310.159,-94.0751,3.9499
-0.841309,224.918,85.136,3.94968
50.0511,133.714,64.1757,3.94957
38.3849,179.466,11.2896,3.94944
11.4767,430.741,27.2687,3.94894
44.0789,425.852,-87.0276,3.94842
-17.7416,64.3009,-24.619,3.94739
-16.6492,394.036,22.0054,3.94705
41.483,42.5385,-32.9404,3.94651
-2.37341,489.967,77.6923,3.94642
13.2778,451.614,67.7225,3.94588
-19.6281,242.088,81.3588,3.94556
1.11389,355.333,-85.5026,3.94472
-44.2893,182.581,-24.6119,3.94404
13.0211,329.738,82.0181,3.94351
-3.99939,387.976,49.5577,3.94343
24.835,265.164,-56.8793,3.94228
1.4624,252.73,19.5529,3.9421
7.27063,402.267,2.67871,3.94195
34.9786,346.143,-34.2197,3.94179
31.1652,22.8246,-48.9756,3.94115
8.52319,426.014,-46.3638,3.94071
-25.1179,159.159,94.0908,3.94046
3.70471,252.31,-87.0114,3.94029
-43.8414,97.8716,-34.9705,3.94022
-6.09973,174.981,16.3011,3.93932
-0.794434,496.014,-0.78064,3.93899
22.3602,523.687,-13.2391,3.93888
-27.8911,301.675,-85.4945,3.93858
-7.74805,395.548,-78.8915,3.93782
35.2063,455.436,-42.1123,3.93752
41.8091,68.7687,-65.9086,3.9374
19.6405,413.974,88.1606,3.9367
9.46423,88.5325,-40.5444,3.93648
28.918,384.71,67.3926,3.9363
41.1713,94.5856,66.755,3.93604
-7.8916,10.9368,-0.278809,3.93504
-32.3263,76.0128,-85.5981,3.93473
-7.43689,203.909,56.7002,3.93381
-25.7412,310.711,0.335327,3.93311
-44.121,212.505,70.5024,3.93311
-8.04712,360.711,-11.7062,3.93222
-41.4698,23.9882,33.4017,3.9316
41.391,12.9304,59.4629,3.93133
0.48291,416.118,-43.45,3.93035
6.61328,83.5762,43.7164,3.93033
45.2596,144.722,-33.0508,3.93029
-17.6646,128.772,53.3546,3.92905
-41.5898,301.23,-38.6359,3.92888
33.6421,269.428,-38.8455,3.92739
-44.0858,211.061,-78.5101,3.92706
-15.8495,299.134,-13.4889,3.92561
-34.0702,407.973,-7.46057,3.92491
21.6008,212.413,-42.5718,3.92472
34.8094,289.451,-31.2319,3.92468
20.6262,311.281,-34.1698,3.92456
22.4633,265.028,94.1466,3.92439
-17.1318,224.886,-81.6694,3.92422
-34.879,279.916,-10.2117,3.92368
7.50854,267.828,-25.558,3.92366
24.3331,561.449,10.99,3.92362
13.9633,351.051,-94.1223,3.92212
30.6676,490.138,-50.0319,3.92152
-18.4041,528.992,35.4127,3.92094
44.0953,429.186,-65.3959,3.92076
6.49158,354.212,44.0553,3.9202
8.58301,515.214,-41.2141,3.92009
-22.167,302.841,94.1747,3.91994
14.5553,184.403,-43.0688,3.9196
7.35034,5.80212,26.652,3.91924
2.14697,477.415,4.82776,3.91855
6.28687,149.436,41.7419,3.91854
44.1665,339.265,29.4049,3.91632
10.8184,205.03,-14.3198,3.91602
-12.1266,245.747,55.4059,3.91593
-13.6101,79.5088,35.0057,3.91564
-19.2041,66.8352,93.8025,3.91524
32.4539,108.292,38.0702,3.91459
-27.0961,561.995,86.4486,3.91443
-4.97217,542.882,-78.0997,3.91401
-33.6519,295.243,43.3203,3.91394
10.741,23.8964,55.2963,3.91386
29.9438,410.148,83.7604,3.91278
38.8488,64.5745,20.1062,3.91209
33.1561,89.0164,86.0541,3.91164
9.74304,559.046,62.8868,3.91161
20.0013,213.435,-61.7228,3.9114
43.9933,227.106,70.035,3.91137
49.6254,129.824,-50.3706,3.91115
25.8149,524.741,-24.5129,3.91093
19.9802,89.8916,11.0209,3.91083
17.2721,318.554,41.3711,3.91056
10.8524,465.106,-80.7422,3.9103
-36.5881,396.462,-7.83716,3.90985
40.2421,67.9913,-10.9215,3.90983
7.12756,392.683,-15.2422,3.90955
-2.93909,389.23,-69.0918,3.90918
-9.76807,231.492,-87.9989,3.90877
-44.0985,522.166,57.5089,3.90799
25.6145,255.412,-34.5953,3.90799
10.9733,217.146,-31.5944,3.90766
0.257446,411.128,-22.0746,3.90762
-10.6088,44.2542,30.4744,3.90684
-22.02,220.804,58.4385,3.90597
-36.3267,231.572,-74.7476,3.90561
1.70764,232.961,55.7942,3.90536
-28.4623,61.4323,19.4368,3.90532
11.8329,270.195,94.1619,3.90525
-16.7947,13.009,-11.7571,3.90518
-17.8894,195.892,-39.2753,3.90491
-14.8257,262.813,-31.7324,3.90485
25.4364,541.426,-78.1663,3.90455
-33.6023,22.6783,87.6246,3.90446
-34.9829,140.895,-70.2837,3.90304
-34.8568,55.4995,27.3688,3.90257
8.48401,301.816,84.2968,3.90163
-21.2389,213.542,67.6812,3.90125
29.172,463.775,-69.3308,3.90071
17.4612,172.721,9.98853,3.89973
-44.1217,357.15,-29.3292,3.899
-44.1594,227.157,11.3777,3.899
-13.5322,282.743,-94.1068,3.89848
-17.3203,547.772,70.4471,3.89827
12.6885,317.152,-5.85632,3.89793
-7.00098,559.284,-42.7219,3.89791
48.775,108.041,-78.0601,3.89776
17.4585,127.791,-21.6683,3.89743
-13.4833,485.29,-52.3835,3.89664
-15.1683,510.968,-23.0748,3.89653
-15.5509,146.603,13.1909,3.89588
23.6801,361.486,39.05,3.89565
-11.7804,394.165,-51.5029,3.89486
3.0094,514.147,-51.5671,3.8947
-8.01111,62.3069,-42.2227,3.89468
44.1385,431.851,-24.7362,3.89444
4.20166,120.914,4.33496,3.89426
-8.77087,340.718,17.8212,3.89411
-29.1094,5.65576,34.1382,3.89361
-20.0822,435.276,58.5514,3.89309
41.1265,49.6979,66.0159,3.89283
-30.8186,467.818,-88.319,3.89183
-0.185059,555.833,-94.1134,3.89158
23.7133,34.204,-61.0433,3.8914
-10.1808,516.172,-32.3629,3.89087
50.1705,72.3943,67.0476,3.89081
-44.2533,69.6627,-43.1761,3.89072
5.27612,73.662,-58.8435,3.89028
-12.5157,519.148,94.1356,3.89012
25.2937,368.221,48.5594,3.8899
-10.6345,277.522,-30.0695,3.88985
22.5481,340.682,35.7092,3.88936
44.4543,57.3522,12.6948,3.88932
13.9127,462.927,11.6669,3.88851
50.1765,88.9846,-63.2556,3.88842
25.3353,342.337,93.1656,3.88807
-20.8018,519.849,-1.22754,3.88739
-27.2797,135.679,-13.76,3.88725
-21.2628,228.818,30.8358,3.88701
-32.8716,230.09,69.3298,3.88518
-14.1807,373.761,-53.9503,3.88511
-44.1543,15.2949,84.3541,3.88436
-27.9769,490.563,-13.3762,3.88352
-43.9337,524.277,76.9805,3.88342
-44.1543,277.539,55.1808,3.88338
-19.8378,461.755,19.7074,3.88263
14.4534,539.765,6.67773,3.88248
19.6497,146.882,23.0302,3.88176
3.89551,563.276,-85.9578,3.88149
38.7422,182.611,66.0608,3.88144
7.56738,231.486,23.896,3.88065
28.9453,212.866,2.02466,3.87967
-18.9163,140.888,-36.3405,3.87929
8.26392,104.111,-20.1281,3.87864
50.2322,78.1017,-67.5386,3.87829
-44.1718,404.278,-12.2518,3.87824
-33.3717,463.102,69.8019,3.87809
50.1687,106.779,75.0621,3.87785
1.76123,359.093,-19.7678,3.87676
18.6459,154.673,-79.1434,3.87668
-16.4376,264.565,72.5991,3.87618
44.1982,183.501,-72.226,3.87597
-38.6078,526.556,-53.531,3.87589
-0.272583,21.7645,11.8717,3.87584
-9.95203,390.708,59.3845,3.87538
-44.1962,304.503,-16.4352,3.8751
-23.4956,489.014,-2.65137,3.8751
44.1276,572.101,-30.1865,3.87498
15.5494,206.607,-34.047,3.87491
46.1019,30.4973,-73.9033,3.87465
-22.1964,294.896,49.6957,3.87363
2.36047,232.987,-16.0481,3.87304
28.4554,197.601,17.9216,3.87292
-25.6235,70.0701,39.6534,3.87291
-6.71704,162.057,48.9241,3.8722
42.2517,276.199,45.8435,3.87194
-8.52344,342.673,-53.5481,3.87183
-24.5258,564.591,-85.1609,3.87175
10.2991,432.151,56.5355,3.87168
-5.12939,30.3324,-72.9836,3.87145
28.9619,85.5427,-15.9708,3.87093
25.4386,305.875,-80.6039,3.8709
44.1774,344.702,84.6573,3.87044
33.1608,5.57861,-17.9062,3.87017
-29.3372,477.606,74.1115,3.8701
19.5306,104.5,94.238,3.87006
-9.94312,77.0806,-12.0201,3.86985
-44.161,347.742,21.1901,3.86963
10.1393,507.011,-94.165,3.86952
39.9594,127.893,-5.40393,3.8694
-44.3353,74.3641,94.3154,3.86934
-36.8065,131.937,-8.08716,3.86901
-21.803,391.011,-27.0791,3.86887
-6.4917,70.5176,32.2971,3.86865
43.7811,562.443,10.6312,3.86858
-28.6761,224.283,-83.6941,3.86824
8.92651,450.208,-64.094,3.86819
-26.5226,332.906,62.3956,3.86798
-23.9784,420.841,94.1831,3.86771
-16.1871,74.4459,14.2355,3.86771
-44.1395,268.024,-94.2782,3.86755
15.9625,172.006,-1.62964,3.86733
-0.248413,102.127,-39.1903,3.86683
-15.0997,157.346,-80.8257,3.86652
-44.2339,276.996,-16.5616,3.86553
0.71936,213.385,14.6268,3.86395
35.3497,127.271,-63.3212,3.86362
17.2405,241.938,51.498,3.86358
36.6941,389.84,49.9978,3.86313
3.31335,114.361,67.1042,3.86191
43.2485,387.192,-83.082,3.86185
-19.5331,334.913,-65.9598,3.8617
-1.6449,339.601,-8.80591,3.86131
-34.1005,369.059,-54.9618,3.86109
42.481,61.031,63.3827,3.86057
0.383057,263.868,23.0492,3.8604
-26.3137,263.047,-33.7827,3.86009
50.3112,119.359,34.9283,3.85975
44.2339,237.991,22.2771,3.85975
42.1715,546.547,63.0688,3.85849
34.9879,126.011,-16.0562,3.85835
44.4319,154.702,75.7424,3.85801
2.94592,418.12,-67.1321,3.85799
-11.3932,293.719,30.1172,3.8579
-22.0044,434.272,-50.5476,3.85713
44.2368,370.575,-86.7389,3.85536
-6.13574,290.134,84.4188,3.85508
18.283,27.704,94.2749,3.85492
-11.3219,294.231,-94.2125,3.85486
35.2251,493.401,94.1746,3.85425
44.1516,545.389,19.9974,3.85402
-42.946,435.505,-10.397,3.85381
-32.5306,326.166,84.6884,3.8537
50.3369,24.1,-18.5121,3.85323
-16.1487,272.965,48.4592,3.85288
-19.5608,558.965,-67.0851,3.85254
9.71521,77.7493,-35.8756,3.85231
32.3593,536.025,-26.2772,3.85216
22.0732,43.8351,-31.4695,3.85202
25.1619,199.691,68.0541,3.85141
-8.77502,165.856,73.6587,3.85111
-35.1368,566.39,0.498657,3.85085
18.7712,560.715,76.3582,3.85079
-13.7538,5.66394,-62.4701,3.85063
35.5194,58.5089,-5.89124,3.85042
-0.859863,236.276,92.2426,3.85041
-44.2126,236.334,-84.1423,3.85038
19.0117,560.824,21.4685,3.8496
-34.6676,399.295,-87.9268,3.84947
-14.0554,529.057,24.4871,3.84876
8.06555,518.525,-94.1857,3.8484
15.4177,145.896,-50.8259,3.84812
3.29272,243.092,-94.2863,3.84797
-44.1576,286.596,-7.02551,3.84763
-8.89587,191.674,-19.9492,3.84684
-15.1711,267.976,-85.5782,3.84631
-7.55786,55.991,0.468994,3.84613
8.13049,325.34,56.0708,3.84547
-21.6744,474.367,-94.2083,3.84435
44.1837,281.929,74.7632,3.84376
-3.68408,144.714,26.0657,3.84356
-17.4872,393.117,86.2666,3.84293
44.1998,459.293,0.984131,3.84276
44.2307,431.149,-36.4253,3.84233
-6.14001,145.221,-85.2954,3.84223
20.7062,192.561,-11.291,3.84194
44.1903,479.703,63.6678,3.84185
-13.2513,393.052,-65.0112,3.84151
27.7963,271.271,-14.1946,3.84135
-29.2059,67.0533,-46.5585,3.84115
-9.19666,503.979,19.1172,3.8407
-18.7955,281.682,-37.3671,3.84066
-34.7618,16.807,51.287,3.84035
44.2451,184.923,-84.4292,3.84025
-22.51,392.568,57.571,3.84006
-9.87366,439.716,-22.3036,3.84
-43.2421,112.196,41.0323,3.83998
32.1261,96.6558,37.2191,3.83935
-18.4224,476.819,50.5416,3.83909
33.9399,287.751,-86.0322,3.8378
-11.1316,206.982,-4.12561,3.83767
-27.8813,159.016,25.4674,3.83694
18.6829,345.503,-84.9331,3.83664
-14.2095,5.73352,-28.7725,3.83603
-27.6965,402.585,40.9111,3.83576
7.03589,465.544,-29.264,3.83444
17.7548,125.882,83.8008,3.83421
-44.1973,529.756,-25.8912,3.83403
20.9651,214.385,-7.13025,3.83385
27.7092,468.092,58.1968,3.83357
24.2152,14.8822,28.7959,3.83308
-44.3074,143.214,-60.8115,3.83223
41.0117,476.005,-36.8176,3.83205
24.9397,283.261,-1.28931,3.83202
-21.719,167.37,85.6172,3.83174
-26.5032,50.4507,63.2395,3.83089
22.9525,176.578,44.0421,3.83078
27.6991,168.011,94.2017,3.83056
8.36707,154.3,-17.3464,3.83038
2.1217,535.017,55.2822,3.83029
26.4758,5.66101,94.2512,3.82997
-34.4614,5.79797,-38.5641,3.82993
-34.1364,388.556,39.8333,3.82947
32.0479,89.3461,-66.5193,3.82859
-8.42834,375.662,34.244,3.82855
-31.031,177.415,-78.1694,3.82826
15.1165,501.801,85.3629,3.82806
27.3921,255.182,86.3586,3.828
-15.7113,126.454,-38.1226,3.82763
-21.4277,79.6801,-88.0077,3.82753
-44.182,419.654,94.2112,3.8273
-5.06543,30.2297,-57.8436,3.82699
-39.1315,93.6549,74.3317,3.82699
-35.8848,82.0957,-21.1908,3.82689
-16.8571,212.207,49.7695,3.82629
32.2843,108.498,-54.77,3.82539
-8.04761,270.261,39.6411,3.82494
-26.6782,385.325,49.434,3.82477
35.4951,162.455,-51.2677,3.82466
-44.2561,361.767,-40.0745,3.82437
16.1923,113.351,-69.0493,3.82394
-42.3485,505.799,94.1952,3.82391
-1.87048,20.9485,0.377319,3.82316
43.7272,571.741,-42.7167,3.82254
8.48743,435.615,15.199,3.82241
22.7866,41.8679,36.5668,3.82157
39.5479,134.249,77.2899,3.82147
-44.2068,52.8552,20.8799,3.82124
34.845,555.296,-50.4862,3.81994
5.8468,316.063,-46.1908,3.81987
-21.2975,17.2816,35.7665,3.8191
26.5356,292.655,-51.2633,3.81896
35.6575,488.475,-78.0438,3.81888
44.1906,556.645,-57.2765,3.81887
-44.1833,531.502,-94.1837,3.81878
5.21777,159.803,-36.3595,3.81827
32.3727,479.512,0.502197,3.8177
0.0169678,37.1548,25.7142,3.81769
-26.623,116.492,-86.7135,3.8172
-14.2386,497.368,-56.8917,3.81711
-3.58887,219.647,5.88501,3.81679
-36.8765,448.559,87.3527,3.81658
-42.532,115.225,60.0305,3.81624
9.81665,257.704,-46.4403,3.81595
-5.49292,418.619,-15.191,3.81576
-0.635742,108.342,29.39,3.81472
11.3253,222.587,84.4456,3.81388
14.2631,141.215,-68.7251,3.81272
-6.98645,456.174,-75.416,3.81266
-36.2366,238.216,41.3087,3.81238
-30.7014,459.396,23.2572,3.81227
14.1725,311.703,86.7181,3.81203
33.7557,317.333,76.9604,3.81192
-7.08093,186.214,-9.8219,3.8118
24.0771,136.471,-64.726,3.81168
-33.988,505.134,42.999,3.81162
-4.51318,288.564,68.4033,3.81092
-23.4578,482.871,-65.3359,3.81077
18.661,495.314,-8.75854,3.81071
-44.1959,559.118,-0.481201,3.80985
-21.4469,270.244,85.3196,3.80984
-16.5494,156.788,4.86414,3.80981
-43.3451,503.291,-3.59387,3.80977
16.5291,499.259,-41.3114,3.80974
20.813,151.534,-67.5839,3.80944
-0.853882,222.414,-49.9623,3.80936
16.1144,379.77,94.2032,3.80933
-35.7717,256.679,-84.9879,3.80907
31.7054,573.037,54.3107,3.80878
19.561,537.622,-59.2975,3.8086
-8.95874,53.7368,39.8508,3.8085
-0.434814,459.609,84.7412,3.80845
-2.70105,5.65466,-35.0371,3.80839
24.8457,389.743,6.72668,3.80818
44.234,200.418,-85.2623,3.80807
25.6614,305.361,-94.2983,3.80763
-25.1459,228.564,44.0243,3.80757
22.6738,482.074,-87.7255,3.80678
26.4226,323.39,16.1102,3.80672
14.4116,501.067,-85.0762,3.80654
23.5564,203.05,-73.22,3.80647
-26.8521,497.169,4.9939,3.80588
20.6926,155.735,-3.13159,3.80586
-39.4528,192.544,80.1954,3.80517
44.3319,192.022,69.9857,3.805
11.46,280.005,33.9333,3.80478
-7.06104,177.438,73.8101,3.80392
8.95251,409.092,-39.4109,3.8039
-17.1552,264.576,-53.46,3.80349
50.4763,58.0085,81.7094,3.80324
38.6194,428.085,15.7115,3.80315
5.79712,140.273,86.7976,3.80262
2.68091,44.1852,16.3457,3.802
-20.9388,136.698,16.1257,3.80155
-12.4119,460.331,-25.1737,3.80141
-44.1285,526.918,-40.1472,3.80136
35.1888,342.968,22.9766,3.80114
16.4418,388.847,51.4132,3.80077
20.5648,316.062,2.64392,3.80025
4.12695,530.718,-94.2006,3.80003
25.7858,555.131,68.9229,3.8
-17.2911,183.635,-39.4716,3.79992
13.3784,74.1443,-83.1998,3.79984
-28.0148,261.816,-56.4379,3.79934
32.2667,213.654,81.5901,3.79889
32.0999,360.103,13.3191,3.79881
-2.27966,14.325,20.5962,3.79863
-0.946167,150.376,-94.2852,3.79812
24.6466,292.862,29.4103,3.79801
-36.6051,493.031,-54.3658,3.79744
-25.0612,60.7361,8.3573,3.79729
4.05103,120.68,-62.069,3.79659
-8.25562,504.968,-2.05615,3.79658
-22.0814,218.934,-72.0387,3.79631
44.2102,150.399,25.2286,3.79607
44.2413,457.619,-60.554,3.79597
-19.8755,379.699,-25.1581,3.79554
-19.4423,247.964,-16.6896,3.79542
-26.8773,526.302,89.1091,3.79495
-44.2631,429.15,-62.2094,3.79476
-25.5769,5.64624,-31.1064,3.79451
8.84827,325.672,-75.4996,3.79405
-44.2443,480.961,-94.2194,3.79378
-44.2212,467.626,94.224,3.79366
29.0278,391.457,94.2073,3.79252
25.9436,238.743,25.472,3.79239
-6.77527,500.195,8.3938,3.79221
13.9508,71.8452,-26.8622,3.7913
13.0256,479.985,26.6837,3.79111
50.3302,15.1476,-1.35535,3.79102
-28.2866,122.102,-37.0703,3.79091
23.3003,293.678,-22.4054,3.79084
-18.2297,60.6613,39.6718,3.79077
31.672,367.58,86.531,3.7907
-13.3016,430.273,-39.7821,3.79064
-44.2626,181.7,4.27563,3.7904
11.0975,460.311,85.2319,3.79036
28.0997,278.593,-43.9169,3.79028
-28.0133,103.482,-44.7244,3.78938
-17.701,479.538,74.8882,3.7893
-44.3872,284.349,-25.5322,3.78919
50.2673,92.667,-38.5508,3.78913
-21.1876,99.015,74.005,3.78896
22.2235,34.4788,85.7733,3.7887
-34.9354,558.8,49.8822,3.78773
-23.2465,539.343,38.5042,3.78763
-37.1753,115.785,-41.3862,3.78746
-19.1344,431.213,7.46252,3.78744
15.8031,28.3666,-83.3816,3.7873
23.1066,152.91,-56.0029,3.78682
-1.6665,494.247,-86.8191,3.78667
34.1571,232.892,19.9624,3.78657
-36.0052,426.645,-77.7705,3.78629
5.02795,345.021,51.1564,3.78593
35.9888,436.984,8.8136,3.78584
-44.4264,58.8674,-24.5355,3.7858
-19.4304,466.031,-86.4503,3.78497
-17.2021,68.3474,4.42529,3.78437
-10.3719,315.595,62.926,3.78435
1.89355,82.4993,14.6456,3.78434
-36.2268,233.835,-60.9192,3.78407
43.4395,38.7407,-2.70312,3.78405
-44.337,47.1545,-74.5165,3.78355
34.9849,261.905,11.7733,3.78354
34.6354,573.277,94.2164,3.78322
33.715,154.298,-88.7338,3.78286
50.2825,69.2717,94.3312,3.78224
39.2262,561.745,24.0649,3.78119
-9.922,522.081,14.2933,3.78106
-26.7871,37.0908,-69.2408,3.78096
-16.8428,52.7103,7.51562,3.78075
-31.1111,166.031,-44.5883,3.78069
-27.8336,258.367,44.1179,3.78044
-5.61279,458.154,55.1271,3.78036
14.71,49.2358,-38.5406,3.78011
9.87927,382.005,-94.2311,3.7795
-33.9938,156.419,-78.2679,3.77947
-6.07043,82.2814,-2.46704,3.77945
-20.58,42.3149,4.29297,3.77937
-36.4761,240.221,24.6935,3.77927
50.3496,5.51331,-7.50366,3.77888
5.24658,397.615,-86.439,3.77847
50.3177,22.3917,7.59802,3.77831
30.5936,417.52,-75.3834,3.77825
9.61621,510.16,79.4872,3.77747
-12.5891,546.679,-36.275,3.77747
-2.89807,142.996,38.6578,3.77746
-26.042,153.657,45.8268,3.77727
-26.8818,484.749,51.0908,3.7771
-22.2139,539.732,77.356,3.77703
28.5865,67.3798,-3.23645,3.77702
-44.3267,37.1401,-29.3301,3.77667
-1.62439,272.179,91.549,3.77663
-44.2271,443.703,0.35022,3.77627
-7.64856,213.48,68.8398,3.77581
25.9369,336.469,25.3757,3.77572
-29.7288,313.172,66.9124,3.77562
-41.3701,436.616,63.8809,3.7751
8.6322,481.927,16.0679,3.77492
42.6041,34.4824,30.8636,3.77485
43.4622,559.491,-68.491,3.77469
-27.6508,198.841,-62.0062,3.77457
-28.3219,69.6659,-66.8043,3.7738
44.2257,371.848,10.7012,3.77356
-1.36218,500.122,-36.58,3.77352
2.78015,355.652,55.057,3.7735
-0.826416,52.3665,56.7401,3.77345
-6.06311,238.641,62.3876,3.77241
-35.3287,254.961,3.2937,3.77232
-14.178,458.204,-65.7952,3.77225
24.8668,370.985,-46.66,3.77197
38.2644,357.023,4.0498,3.77189
-14.7142,202.712,84.3553,3.77133
44.2289,340.3,-20.8861,3.7711
-12.1396,100.599,-88.631,3.77106
-25.8717,274.073,55.0107,3.77054
5.57751,291.387,-87.5394,3.77024
23.2603,312.13,49.1622,3.77002
39.0219,558.35,86.2843,3.76991
-23.3955,232.666,-11.4064,3.76943
27.4014,504.214,-34.1515,3.76885
14.1432,241.458,-49.1378,3.76813
-25.3098,293.162,-77.4069,3.76806
-37.2968,173.158,0.949707,3.76749
-3.15601,544.562,-94.2444,3.76732
1.13599,209.891,1.93518,3.76612
20.4487,381.191,-5.97559,3.76551
41.3337,52.1233,85.5206,3.76534
-3.79028,394.774,-94.2738,3.76496
-19.0461,20.1322,-2.84509,3.76491
-22.1838,497.643,-94.2534,3.76472
-1.80811,135.115,20.0651,3.76402
26.7166,82.9597,-26.9911,3.76331
-32.7802,50.2354,-27.8362,3.76293
-4.41895,219.116,35.1584,3.7628
-13.9507,184.091,15.5168,3.76271
-0.526123,256.661,-61.8105,3.7627
-16.3412,304.809,-86.3169,3.76267
-44.2924,327.976,-20.0677,3.7626
-11.3478,557.615,68.6011,3.76124
7.3739,279.033,8.46362,3.7611
44.3086,209.829,48.1582,3.76092
-44.332,135.711,-31.6982,3.7607
44.2629,196.687,-33.1991,3.76056
50.2859,23.2097,-89.714,3.76009
37.1831,158.898,13.085,3.76006
12.6294,297.493,94.2777,3.75986
44.2933,349.038,-85.3834,3.75975
-4.2207,561.163,60.2733,3.75959
27.0311,24.7063,66.875,3.75911
4.54102,82.8025,-93.1907,3.75893
50.356,98.1936,-72.0857,3.7589
-44.267,465.972,-68.8878,3.75868
8.40515,311.959,45.1206,3.75819
15.4353,131.067,-59.5623,3.75704
-18.1545,151.208,-30.7174,3.75681
-44.2804,507.917,-82.1821,3.75539
6.51147,302.378,24.0851,3.75528
40.9087,93.7266,30.0157,3.75489
45.251,79.0935,51.8145,3.75456
-44.2462,556.346,77.7821,3.75446
-15.5577,192.586,77.2917,3.75443
35.724,535.652,-74.2468,3.75408
16.0363,77.2489,-55.0273,3.75376
12.9983,35.8157,-2.09875,3.75306
50.3589,16.4343,85.2102,3.75298
-30.9572,373.214,-4.05444,3.75238
-9.27466,53.9775,-91.1251,3.75236
-35.7363,420.337,4.94495,3.75219
-7.32361,415.757,5.67053,3.75214
25.2363,154.85,38.2844,3.75194
-2.88916,514.727,-67.2141,3.75177
-19.9845,226.209,-92.8939,3.75142
7.11597,299.246,35.0902,3.75133
-44.2778,485.749,-11.578,3.75047
39.842,145.156,63.8459,3.74996
20.782,17.8362,-50.5908,3.74967
-35.387,77.7539,29.2913,3.74939
18.9469,374.942,-94.2758,3.74928
8.16089,53.6025,-94.3763,3.74923
24.911,455.12,-76.8147,3.74916
-23.1866,369.017,-11.3346,3.74909
-15.7257,548.76,-8.0033,3.74891
-27.1279,443.745,-71.4253,3.7487
36.0831,184.741,-64.0175,3.74846
43.0164,42.2101,-53.9344,3.7483
-15.072,24.2148,-13.8076,3.74816
50.2561,80.6747,-25.4741,3.74757
-19.7727,337.815,44.645,3.74704
-8.74402,183.956,-86.2621,3.74688
30.561,5.64673,-44.912,3.74681
13.3036,112.038,54.5472,3.7468
-6.56763,274.942,-40.6515,3.74676
13.6155,194.654,-20.1897,3.74621
-35.1946,144.159,-52.1141,3.74611
44.3232,190.479,48.9834,3.74603
19.8009,428.896,-85.2245,3.7456
-27.2749,549.324,84.0519,3.74555
43.4535,362.142,69.5869,3.7455
-16.1166,33.7926,-71.828,3.74475
-19.1846,256.019,36.7924,3.74474
19.4551,62.7537,56.2535,3.74404
11.4724,251.93,35.0845,3.74337
16.7711,395.547,-45.7731,3.7431
19.2396,561.922,33.8516,3.74292
1.37244,325.006,85.6942,3.74219
-9.57471,89.0538,29.7732,3.74216
34.2358,185.777,76.1616,3.74215
7.97742,374.791,-43.3511,3.74132
-0.384888,509.987,72.4801,3.74038
50.5371,35.4944,-17.3983,3.74001
-16.1489,24.3208,94.395,3.73999
-35.097,317.59,-4.22522,3.73962
23.6729,76.6279,-7.85303,3.73958
-44.323,290.88,94.3147,3.73943
13.5968,426.543,-66.8458,3.73916
38.7473,170.542,-34.234,3.73883
-10.559,491.866,-18.5402,3.7385
-27.1604,442.379,87.9548,3.73788
50.3087,15.6809,68.1274,3.7376
-9.17993,538.29,71.9353,3.73743
50.3856,70.8972,14.7704,3.73701
-10.1229,80.7148,-38.1138,3.73674
35.0552,92.001,-8.77307,3.73636
-4.41492,347.487,-71.7548,3.7361
-20.8439,121.308,40.3188,3.73608
5.84668,447.876,-44.8068,3.73561
-0.70874,54.2242,-46.172,3.73536
50.2866,5.6958,21.0306,3.73518
4.79749,201.256,-4.65491,3.73506
-36.2428,68.6056,14.7783,3.73473
26.1256,294.203,-6.16284,3.73402
-35.9032,277.695,84.6501,3.73355
41.3816,22.1519,-25.344,3.73328
35.3578,159.67,94.3608,3.73323
22.1731,173.338,-44.6019,3.73287
-28.5222,130.415,-52.7284,3.73285
-0.0800781,235.682,80.7252,3.73241
-14.9335,352.181,94.3325,3.73208
-27.7643,333.95,-8.10754,3.73187
7.72546,330.486,-31.8019,3.73176
-44.3387,429.627,88.4391,3.73166
-44.2947,377.71,-29.3325,3.73119
39.5719,272.412,11.5712,3.7311
44.2618,338.302,15.0116,3.73108
23.0785,375.092,85.1281,3.73106
36.3743,455.641,-6.66296,3.73046
36.0431,336.021,-28.72,3.72955
24.415,71.8231,29.8801,3.72928
-44.3345,166.576,54.6129,3.72898
-1.34521,357.67,36.1704,3.72886
15.8412,61.7706,93.9943,3.72869
10.4641,465.403,-46.3656,3.7285
35.3595,539.054,-94.2723,3.72806
2.45654,202.699,85.5367,3.72767
-35.4983,429.736,52.9431,3.72757
39.0129,215.043,-43.3529,3.72748
14.8278,17.1145,-84.9712,3.72722
-22.2054,22.5736,84.9426,3.7261
14.6251,295.262,-67.2412,3.72588
50.3823,92.2654,60.1567,3.72544
21.0493,91.5428,-21.89,3.72524
34.4259,555.685,11.7289,3.72508
-7.71692,482.829,70.1954,3.725
11.3221,359.188,-47.0464,3.72448
-44.3156,353.938,-48.521,3.72443
21.1406,173.308,-33.2417,3.72395
-44.3064,501.508,-55.4882,3.72348
-28.6522,109.386,13.2645,3.72235
-17.0312,304.76,5.26282,3.72223
-34.6195,133.764,41.7896,3.72196
-29.319,359.085,-58.2356,3.7219
-44.3228,293.394,47.5425,3.72186
36.4017,49.308,14.5985,3.72175
29.9565,530.57,-7.3894,3.72174
-18.235,124.678,64.1254,3.72166
-31.3976,343.775,-12.6942,3.72163
20.9584,340.902,-28.8342,3.72124
36.0818,536.865,59.8276,3.72118
-2.98706,218.126,94.3319,3.72113
2.79224,476.912,-94.302,3.72042
0.366577,535.321,94.2887,3.72003
-9.88794,179.767,26.1626,3.71934
-14.3937,544.217,49.241,3.71927
36.9635,30.9946,-66.9943,3.71894
-44.385,278.896,-49.2638,3.71822
-36.261,150.524,67.4469,3.71817
11.4973,146.771,94.3644,3.71769
-24.0015,504.358,-26.6254,3.71739
-39.4722,441.591,19.3671,3.71728
10.9263,5.60498,-1.93701,3.71728
12.7657,357.745,94.3112,3.71717
2.36462,60.8805,-13.8245,3.71709
-6.62439,560.019,-31.1387,3.71699
0.00708008,247.127,-31.6625,3.7169
-35.4132,531.967,-2.81274,3.71663
27.6678,71.1819,77.2577,3.71627
4.08667,305.895,-51.3148,3.71604
27.933,311.264,-68.8307,3.71595
-33.6411,31.3271,-62.1368,3.71548
40.1561,380.154,-15.4857,3.7154
44.2987,255.53,13.8792,3.7153
17.9381,247.137,26.1726,3.71529
-20.0544,375.966,50.2073,3.71518
44.2998,231.073,-77.5027,3.71489
41.2764,7.59094,-0.862061,3.7147
-44.2986,346.159,-25.6851,3.71455
0.285889,357.57,-49.8143,3.71428
42.6763,352.026,93.4995,3.71375
-44.4279,71.1147,-93.5016,3.71277
20.3044,468.809,77.1041,3.71246
19.7432,15.6326,53.8566,3.71241
-37.4852,263.608,40.8197,3.71231
16.2957,203.946,42.3032,3.71215
15.1714,400.553,-18.0275,3.71192
31.5341,114.32,84.4972,3.7119
-44.37,77.7721,-14.7666,3.71177
44.2927,491.51,27.6191,3.71163
-22.829,36.7052,77.0747,3.71132
36.8751,460.076,38.5042,3.71097
-27.8556,333.204,15.4944,3.71046
10.9691,542.314,24.9945,3.71045
1.09143,230.787,-84.2428,3.71001
24.8936,334.143,11.5016,3.70945
-37.793,476.594,-40.9242,3.70845
-6.91284,530.077,-40.0907,3.70837
41.1755,13.7668,-17.6672,3.7083
-9.3147,293.505,-21.5055,3.7082
41.6394,335.227,39.9968,3.70815
-16.5487,439.808,-69.5072,3.70811
-3.76575,482.838,59.4977,3.708
6.03589,210.784,66.4562,3.70788
6.98083,35.4315,-84.8611,3.70784
-16.7065,457.399,-94.2919,3.70769
44.3182,240.124,41.8453,3.70756
-35.2036,5.56213,16.663,3.70749
-7.29358,488.229,4.90918,3.70674
-36.5238,184.651,-85.2739,3.7065
44.319,328.261,-83.7523,3.70642
37.9924,178.429,33.6708,3.70633
6.06921,5.6377,-67.4103,3.70631
44.3054,292.952,-56.3826,3.70626
31.1061,141.885,51.8844,3.70626
-44.3732,220.524,84.309,3.70614
-17.3406,450.232,-76.4822,3.70598
-1.5238,258.126,76.3381,3.70443
-30.917,106.512,43.6639,3.70439
0.0782471,185.296,-56.3511,3.70404
20.8918,134.709,-75.4906,3.70371
-4.77832,518.602,41.9841,3.70355
19.6029,442.894,53.1611,3.70337
9.35376,5.63794,-19.8346,3.70319
-0.207642,389.212,85.1976,3.70305
-14.3552,76.3511,-52.7754,3.70296
27.6672,131.82,8.48401,3.7022
35.571,359.101,-94.1183,3.70211
5.26917,375.762,94.3077,3.70198
19.2157,67.3622,83.8756,3.70193
11.2098,58.4402,-84.4989,3.70165
-26.0333,186.805,-94.3857,3.70161
-18.9844,155.874,18.9374,3.70032
34.3949,98.8744,-60.6393,3.69964
-12.3914,462.479,36.527,3.69948
-18.6007,139.625,-4.07019,3.69923
-36.1565,520.185,-9.92358,3.6992
-9.20679,255.561,15.9838,3.69897
5.1366,423.95,1.04675,3.69865
28.6187,499.436,-12.7758,3.69858
-44.3666,201.631,-71.7396,3.69857
29.5223,109.016,3.18628,3.69836
-17.1755,358.665,33.6119,3.69784
-44.4093,100.849,40.3555,3.69706
-44.3033,484.72,-71.5714,3.69705
26.8806,166.103,65.9778,3.69657
-21.0867,5.61096,-53.5714,3.69573
6.94165,25.7745,94.4227,3.69501
-9.9104,196.664,-30.4476,3.695
30.4788,370.103,18.7134,3.69489
6.71887,227.235,64.5483,3.69488
44.3059,253.379,-94.3805,3.69484
8.05896,262.08,-35.9751,3.69471
0.297729,568.617,27.8583,3.69455
38.8328,563.526,41.5734,3.6945
-5.48816,373.199,-61.5575,3.6939
-8.87488,277.391,-5.22144,3.69335
36.2758,190.843,-7.8075,3.69308
-23.1384,54.3063,85.2101,3.69304
18.6211,202.427,-47.6549,3.6926
43.301,570.906,18.4915,3.69247
44.3208,551.103,52.6914,3.6923
15.053,100.303,8.9519,3.69204
-13.8839,432.395,67.8352,3.6917
-13.4189,177.989,-49.1021,3.69159
20.6921,279.202,40.7295,3.6914
24.4178,276.429,-32.9965,3.69125
18.5913,520.974,-42.3423,3.69055
36.3243,259.209,0.628784,3.69021
50.382,110.222,-16.7573,3.68926
-26.8217,144.045,-21.7072,3.68922
3.40112,97.1592,43.45,3.68913
12.8933,525.372,17.6069,3.68878
-34.5275,114.081,-94.486,3.68827
-22.6765,416.17,55.131,3.68775
-34.8585,436.38,-52.0096,3.68727
7.77771,500.285,-60.2549,3.68687
34.0001,321.339,-65.342,3.68668
-11.0856,370.038,23.4207,3.68666
28.9741,552.465,-30.6652,3.68658
-24.5953,83.6328,77.9242,3.68546
32.1261,353.847,40.8647,3.68505
16.9855,518.929,94.33,3.68502
-27.6956,146.047,-8.81677,3.68497
17.8304,5.54626,7.09778,3.6849
25.9811,452.365,-10.0057,3.6849
50.4523,108.707,-94.3762,3.68475
44.3619,486.622,17.3431,3.6843
-9.08826,231.378,51.6577,3.68429
-43.3551,13.8538,-75.155,3.68429
4.69421,135.51,2.453,3.68427
-12.9194,347.171,-94.3984,3.68426
40.548,135.982,-26.1898,3.68409
16.3335,391.101,-91.5852,3.68343
30.5103,163.104,-31.671,3.68341
-33.4585,555.038,-0.674927,3.68331
-23.1975,256.067,2.89319,3.68264
22.5127,429.963,31.7992,3.68241
-44.3398,512.728,77.1846,3.6823
1.07886,110.818,-46.6033,3.68228
13.094,92.5311,46.9554,3.68223
6.06348,351.111,-74.4265,3.68219
-0.287598,199.699,-25.2341,3.68172
9.48462,82.4901,-4.14771,3.68115
-28.955,125.12,-18.0753,3.68113
-44.3344,447.486,62.0406,3.6811
-39.9156,530.268,-13.6217,3.68102
18.0117,411.685,2.58386,3.68099
44.4553,259.079,-64.6718,3.68099
6.40356,253.827,69.3896,3.68096
50.3826,129.492,22.0771,3.68089
-1.35291,282.734,17.1794,3.68084
-23.9084,75.089,-25.6006,3.68074
-6.08167,479.646,-32.5275,3.68049
20.7993,263.856,82.7999,3.68039
-0.586792,231.136,8.11353,3.68037
-44.3384,289.327,-94.329,3.68035
8.73523,532.403,-26.8738,3.68018
12.777,218.244,47.2175,3.67988
36.0067,258.647,-16.3738,3.67966
-10.6089,385.859,-13.9801,3.67906
-44.3611,106.29,3.55603,3.67901
-29.4606,322.588,53.6199,3.67823
-21.3981,364.786,94.3486,3.67812
-43.4159,81.3583,85.2455,3.67763
23.8678,491.951,21.8943,3.67763
-43.6277,369.332,94.4272,3.67745
-1.64172,204.52,21.5085,3.67744
-17.3041,143.175,94.4049,3.67738
-44.3257,560.154,-85.6409,3.67715
-26.5538,432.843,78.7546,3.67702
-44.4968,20.9663,-30.9139,3.67697
6.52356,310.076,0.777954,3.67686
44.3519,497.327,-8.44214,3.67675
44.3308,488.657,-60.6123,3.67655
29.1174,441.555,-11.9922,3.67629
-2.98157,130.012,-30.6815,3.67623
-6.18835,118.902,-0.253174,3.67592
-6.53784,231.012,-34.1016,3.67574
-42.5347,133.229,-66.0278,3.67549
36.276,417.829,-24.939,3.67514
16.9539,505.921,-4.70886,3.6749
13.2502,525.568,-6.31604,3.67473
21.2428,142.625,77.3993,3.67391
36.4698,434.18,-16.4738,3.67373
-40.0653,395.254,47.049,3.67321
-6.72961,552.527,50.6173,3.67311
26.4154,457.193,-49.3982,3.67307
-44.5358,66.5165,-16.1157,3.67296
-44.3627,208.149,-50.4133,3.67282
22.2018,132.941,-2.32104,3.67266
20.535,273.786,3.52124,3.67231
5.23828,368.061,-86.5474,3.6717
8.03699,69.6974,6.23108,3.67121
36.4895,346.757,53.5874,3.67079
18.8978,501.441,-64.1329,3.67064
-22.5367,97.9056,25.772,3.67036
-7.69104,245.196,94.4611,3.6702
-36.7883,441.241,54.5165,3.66985
-20.2175,502.969,73.8027,3.66958
2.2666,38.2512,85.9828,3.66953
44.3545,410.871,15.9099,3.66945
35.0143,412.416,9.71558,3.66911
-28.5609,104.683,-2.86731,3.66881
1.62573,458.469,-44.595,3.66838
23.6886,189.803,-47.6619,3.66819
-34.5764,289.009,85.1136,3.66816
1.54822,334.707,56.9396,3.66805
16.7891,372.87,75.9606,3.66777
-2.34399,16.8247,-30.0894,3.66756
6.29175,487.837,32.0002,3.66704
-34.9191,269.634,-37.6324,3.66703
-8.26221,301.2,21.6929,3.66607
4.32959,72.4512,-4.0614,3.66592
11.5846,46.4015,1.55286,3.6657
41.0364,39.2988,-21.8907,3.66537
44.3259,550.471,9.59839,3.66534
41.1998,505.281,23.7959,3.66516
32.1986,64.7068,-72.7769,3.66445
-1.50012,31.1362,45.2439,3.66425
34.1313,411.278,-10.7637,3.6641
-2.96582,159.795,-44.287,3.66404
41.8501,202.957,-74.4226,3.66368
32.8036,187.133,-32.6415,3.66327
27.7229,557.796,-94.3368,3.66279
-19.4067,262.48,-94.5221,3.66278
-24.5503,205.725,-85.4032,3.66263
-28.6257,457.481,-35.7245,3.66207
16.3943,564.978,-48.9883,3.66205
-43.2938,152.04,-53.6136,3.66196
-27.2817,493.882,44.2578,3.6618
32.3726,24.0319,2.99902,3.6608
34.9967,369.183,66.5905,3.66061
39.2279,537.255,-59.024,3.66059
-15.8187,253.184,-68.1417,3.66034
-33.5175,506.474,4.61182,3.6603
44.3417,360.65,12.9969,3.66022
-44.345,562.784,44.722,3.65986
-18.1353,332.785,-42.9226,3.65981
29.4607,83.7567,8.60596,3.65903
32.6324,11.4834,-35.4553,3.6589
44.4692,280.604,-27.3827,3.65841
18.7861,149.027,-12.7228,3.65836
-8.83716,560.849,-63.3505,3.65802
8.74622,93.3577,-23.9784,3.65763
-28.2734,84.3326,88.4348,3.65741
-44.4227,42.4965,25.6429,3.65734
44.3506,528.236,-20.1333,3.65726
-44.4607,95.0057,4.37988,3.65721
-8.91931,96.1624,20.9186,3.65683
0.561768,151.263,84.4449,3.65655
-18.6632,474.185,-17.0226,3.6562
-10.4578,287.505,-10.0061,3.65606
-44.407,410.816,24.161,3.65589
-43.0613,202.866,76.7844,3.65564
14.9308,413.06,-85.9012,3.6552
-0.0247803,49.0237,45.1421,3.65477
13.3171,305.766,-20.4072,3.65442
9.12695,410.938,-14.6895,3.65425
18.5048,137.767,-12.0531,3.65405
-37.1827,530.683,16.7494,3.65391
44.3759,306.778,74.8284,3.6535
-36.5803,391.984,-43.496,3.6524
5.53394,280.874,-91.9606,3.65236
29.5934,355.481,51.7369,3.65215
14.8097,515.025,-11.0941,3.65212
-44.3566,565.113,-74.7603,3.65202
-3.54443,531.661,-50.817,3.65202
-44.4136,144.472,-83.9973,3.65179
21.0146,570.705,-90.6028,3.65175
2.08191,351.153,7.95959,3.65174
-8.07166,282.346,-19.7557,3.65159
11.6536,478.702,-2.10815,3.65148
44.35,566.972,81.0232,3.65106
-29.0555,282.422,-77.0039,3.65061
0.95105,246.635,44.3931,3.65041
-43.7822,328.962,2.95386,3.6504
33.8541,515.978,-25.4137,3.65023
-16.4329,200.07,-21.9491,3.64987
43.9795,493.433,85.4622,3.64986
-26.452,506.053,-38.0559,3.6498
-32.572,324.187,-84.2362,3.64971
13.5726,483.364,67.761,3.64966
50.3805,64.2189,5.65076,3.64945
-32.3833,389.383,7.49426,3.64936
22.9659,75.0487,-89.2666,3.64934
-38.3921,356.447,56.7546,3.64905
24.5183,241.308,64.5645,3.64873
3.37256,422.161,84.3181,3.64873
50.3844,69.4801,-75.1089,3.64849
26.825,418.978,45.882,3.64842
8.45203,322.393,3.53235,3.64829
-14.7152,296.981,87.7355,3.64809
44.3907,389.842,-51.7068,3.64805
-8.20227,12.7201,-85.5157,3.64789
7.45691,271.988,-58.0522,3.64758
-44.36,311.992,-7.72681,3.64663
-6.65247,319.814,-42.9431,3.64655
50.4275,67.9312,-4.93848,3.64644
50.4442,108.121,-56.4646,3.64602
-4.06042,46.2634,-6.22839,3.64564
17.9269,377.183,65.6198,3.64549
29.9001,114.404,17.8456,3.64545
29.6984,273.02,-3.03979,3.64541
-28.0293,119.949,17.2356,3.64533
-24.8425,448.21,68.4825,3.64526
-44.3735,538.393,4.79932,3.64466
18.082,564.936,54.2921,3.64428
-25.9856,566.053,34.5929,3.64391
37.9299,373.027,44.3629,3.64368
-2.43457,350.576,-12.094,3.64338
18.5781,514.498,-91.9349,3.64308
-33.7263,322.381,-57.9708,3.64305
50.4305,91.4393,24.2562,3.64279
16.7267,384.095,74.5862,3.6424
24.6271,507.449,-72.2354,3.64198
34.88,244.678,21.5603,3.64197
5.05322,491.732,94.3882,3.64166
-42.3054,75.0795,60.884,3.64159
-8.62463,252.292,46.3118,3.64071
-2.47974,483.558,14.059,3.64062
13.6632,215.781,-20.5112,3.6404
-27.4105,15.9543,3.61731,3.64025
-20.0798,264.231,-21.7063,3.64024
19.0066,42.2001,56.9512,3.63976
-15.9473,106.936,27.4543,3.63954
-9.82214,147.268,-62.4175,3.6392
-34.9969,446.855,-79.0468,3.63881
-12.7502,449.851,-86.8136,3.63699
22.8286,419.242,35.3688,3.63696
12.6414,339.622,-94.4211,3.63661
50.4081,118.193,74.1244,3.6366
27.3833,103.807,-35.3722,3.63632
-44.4054,203.871,94.4366,3.63631
11.4351,542.574,-22.7297,3.63617
-12.6758,287.968,-82.688,3.63616
-36.0168,17.6158,-7.31543,3.63602
-14.6625,421.669,49.384,3.63595
-24.1766,420.817,-22.6708,3.63591
5.46021,151.041,74.2009,3.6359
-44.5039,302.159,94.4181,3.63569
-35.6641,266.276,29.9458,3.63558
12.2937,26.0479,-47.2493,3.63556
24.5205,139.053,-21.4957,3.63517
-1.49121,444.151,-94.3695,3.63512
36.806,294.7,19.9238,3.63505
-27.8549,165.212,-84.0823,3.63468
34.9869,305.318,-19.1721,3.63455
-16.827,128.449,32.5249,3.63393
25.611,161.524,-85.2069,3.63337
11.4072,106.494,-94.3895,3.63309
-35.6132,283.78,75.1478,3.63292
29.1072,531.252,51.651,3.63265
35.8639,345.304,11.9196,3.63251
-44.3019,257.361,94.4541,3.63235
41.7812,53.7999,-14.2457,3.63159
4.90686,347.28,73.3639,3.63127
-17.6405,182.524,71.1547,3.63124
-44.5011,157.308,78.6968,3.63058
31.7786,452.62,-58.2314,3.63033
36.5573,363.837,-7.80334,3.63027
17.3019,118.851,46.5011,3.63016
6.41431,198.408,45.9713,3.6299
-23.8945,113.116,2.85303,3.62945
21.1624,350.983,13.0048,3.62891
-44.3998,203.197,-60.5623,3.62873
28.3263,363.08,59.8617,3.62847
18.1925,390.922,65.6183,3.62835
20.0687,70.9514,13.8794,3.62816
6.87524,331.533,9.94031,3.62775
-35.201,187.288,24.2777,3.6269
-36.5892,146.355,-26.599,3.62626
44.3945,388.026,-94.429,3.62623
44.4213,394.73,72.1671,3.62597
-38.2599,191.393,52.3969,3.6259
11.9139,130.903,31.4022,3.62584
-7.30249,316.893,85.606,3.62572
-27.3704,437.185,49.8918,3.62558
-25.4376,278.708,-46.1617,3.62538
20.5497,189.614,82.7775,3.62513
25.8955,206.189,-83.9506,3.6251
-44.5436,19.3811,-19.8389,3.62505
10.5568,210.918,-4.28394,3.62498
2.6123,273.798,37.4879,3.62465
-2.97302,21.7441,39.2275,3.62423
44.3914,476.682,-59.764,3.62369
44.4551,153.438,-16.6057,3.62344
-44.4337,162.806,-72.2532,3.62332
-17.9735,484.031,-11.5591,3.62317
36.4229,31.396,82.5233,3.62278
-27.4178,122.185,-72.8538,3.62258
44.3899,178.663,85.1407,3.62233
-44.4794,127.322,77.0752,3.6219
-4.40698,121.326,-72.5677,3.62094
-35.3573,295.434,-2.19153,3.62073
-43.1426,239.818,51.7573,3.62072
-3.33911,366.492,-2.35034,3.62041
44.4451,154.902,-27.7062,3.6203
-44.3823,455.058,-0.454102,3.62007
-34.9401,421.36,-35.6033,3.62001
44.399,518.357,-60.0737,3.61886
-20.7021,414.472,85.2076,3.61879
-15.5577,424.113,-0.781372,3.61878
6.57275,98.1997,-57.8572,3.61843
28.5284,181.63,60.8651,3.6181
35.5492,370.113,54.9355,3.61806
-23.0718,332.564,85.5099,3.61774
-36.4222,385.726,-30.9849,3.61726
12.3811,52.887,22.4348,3.61725
26.6439,317.081,-78.4054,3.61701
-2.95679,323.137,57.9745,3.61652
14.1422,487.547,85.3472,3.61638
12.2114,481.326,54.558,3.61605
-44.4131,492.757,-62.6807,3.61603
23.697,54.0071,-60.0526,3.61571
-9.39392,141.036,64.6661,3.61564
-4.07947,95.5778,-60.1279,3.61557
-12.1008,541.129,86.8298,3.61549
-29.2881,557.314,-72.9261,3.61523
14.9928,341.7,-55.1727,3.61504
3.13672,379.446,52.4725,3.61452
-26.4934,63.2839,30.5306,3.61423
-0.308228,261.256,11.9749,3.6139
44.4155,239.247,-85.2385,3.61371
44.3921,230.494,52.0343,3.61346
34.4347,281.791,-22.7026,3.61299
-27.1084,116.969,-62.9655,3.61266
12.024,570.312,62.1091,3.61184
0.426636,370.739,16.0798,3.61119
1.48059,90.3746,-4.85645,3.61093
3.22742,107.96,57.5873,3.6107
-27.3179,122.911,55.5219,3.61069
-27.0925,400.604,-79.3386,3.61053
44.4432,340.242,3.604,3.61018
-10.4412,26.799,13.4777,3.61013
12.0988,388.538,-24.7306,3.6094
-2.94238,167.704,-36.3296,3.60867
-44.4753,43.2809,94.491,3.60849
-36.4006,76.0662,-71.5681,3.60844
-12.6505,399.004,73.8408,3.60834
23.9685,94.9397,-58.8159,3.6083
-36.6571,414.066,71.3374,3.60817
-32.1108,368.326,94.4108,3.608
-37.25,124.861,13.104,3.60774
-36.6412,93.155,-18.522,3.6072
32.9396,318.915,-44.8877,3.60689
-20.4552,471.573,-67.8785,3.60684
-44.402,375.493,-16.9,3.60682
-20.2096,363.627,-94.4298,3.60639
-25.9546,163.785,50.9949,3.60616
-14.8524,392.848,35.0486,3.60495
28.02,45.9292,51.4669,3.60479
20.4468,532.512,-85.994,3.60461
-25.9767,80.066,14.4216,3.60438
-35.3292,151.042,37.7479,3.60381
15.5708,219.582,-94.4767,3.60359
4.93616,434.706,4.39307,3.60343
44.4531,215.87,67.6552,3.60309
0.130859,327.682,48.2518,3.60272
-16.0773,242.063,-7.59778,3.60252
-14.4517,71.5232,-84.298,3.60206
32.8615,29.348,28.1964,3.60195
-10.3605,362.526,94.4153,3.60188
13.6456,87.3632,69.0276,3.60165
-25.6411,30.265,68.2653,3.60138
-8.27319,195.053,-88.1763,3.60118
-1.77625,323.302,18.6506,3.60088
26.5377,447.882,-43.0442,3.60076
25.0715,392.378,-38.7229,3.60046
12.4229,250.365,16.8492,3.60025
-23.4115,42.2433,-6.64624,3.60009
21.614,14.0482,-14.1925,3.59997
11.8297,459.782,59.7207,3.59978
30.5317,304.27,55.2418,3.59955
44.4321,206.931,-94.496,3.59939
-36.2218,567.014,-89.4397,3.59919
-20.7799,420.181,-72.5398,3.59915
44.4017,412.048,51.1335,3.59912
24.6848,5.55359,35.2975,3.59909
27.7461,559.142,87.5078,3.59878
-44.476,401.572,-82.5404,3.59867
-35.6078,526.08,-32.4574,3.59816
-32.4019,541.279,66.5195,3.59812
-44.4109,284.351,26.0304,3.59752
14.8098,404.928,10.976,3.59712
-27.6843,556.885,40.8676,3.59656
44.5315,264.01,-33.944,3.59644
-37.0061,234.563,59.6343,3.59611
17.7434,451.142,85.2748,3.59572
-20.0417,449.932,-35.2705,3.59519
-5.79309,486.036,-80.1699,3.59515
-44.4191,434.496,-42.1154,3.59376
-11.8859,384.285,-57.8263,3.59372
6.23462,41.5082,-75.517,3.59364
2.17529,170.252,-26.4003,3.59356
24.121,219.643,-21.6741,3.59327
-44.4216,512.512,-10.2152,3.59306
27.7626,540.37,20.316,3.59305
-36.2802,404.704,51.8562,3.59228
44.3617,300.65,-64.6454,3.59203
35.5459,435.748,60.1661,3.59163
-5.20593,197.382,76.5146,3.59161
8.61353,441.406,-12.8381,3.59143
41.4545,37.2272,74.4685,3.59131
-36.1843,142.946,-15.5219,3.5911
-10.7455,559.415,-74.3539,3.59089
-44.4419,216.656,-40.8196,3.59065
9.7334,234.39,-64.3949,3.59059
-31.0342,286.258,19.0328,3.59051
30.1219,251.033,-94.4677,3.5904
-14.9548,537.23,-75.9868,3.59008
8.46509,268.539,29.614,3.58962
-8.99377,379.084,77.2933,3.58948
-26.8677,486.463,67.2864,3.58892
31.9647,524.279,73.7896,3.58879
27.6573,305.331,13.6112,3.58854
6.35168,443.005,55.5273,3.58825
25.7535,407.147,51.3292,3.58822
37.0504,267.067,-9.04407,3.58819
44.5442,165.854,-25.8611,3.58817
-9.50134,45.2615,3.47351,3.58811
-37.3503,91.3619,56.1311,3.58784
-36.6041,253.813,73.6294,3.58779
-33.8176,565.855,-78.5785,3.58756
24.1089,165.948,40.2286,3.58755
-12.3541,374.52,-81.318,3.58748
-3.59192,529.614,77.5095,3.58745
-5.54065,324.532,94.5367,3.58733
-18.0266,63.1097,-36.5063,3.58714
29.7854,131.093,21.9703,3.58656
-4.46252,399.739,-36.2946,3.58648
14.5454,360.352,-36.2838,3.58638
35.446,268.536,40.7856,3.58637
-27.9379,44.4082,83.4478,3.58575
0.0449219,503.786,-67.6578,3.58557
-32.9253,33.3325,33.4414,3.58533
42.8995,16.0383,76.6815,3.58468
41.194,51.1505,-79.5208,3.58448
44.4589,220.825,57.6252,3.58436
18.6785,458.377,-85.7878,3.58419
28.6857,37.548,-70.7526,3.584
26.9258,296.621,-87.1821,3.58314
14.5847,96.6743,-14.222,3.58312
37.7633,248.029,-86.9462,3.58231
-4.35083,403.529,-86.4603,3.58227
32.9933,298.763,34.3832,3.58225
-16.8204,5.34668,60.2278,3.58177
-4.20203,262.233,86.7253,3.58144
-24.1101,85.9656,-1.76465,3.58134
-10.0483,34.3204,60.7439,3.58121
-27.1737,221.257,94.5331,3.58112
19.7889,513.417,27.1627,3.58094
-5.06482,25.0503,23.183,3.58082
20.5043,23.5831,-25.7698,3.58061
-22.079,107.147,-64.7902,3.58043
-8.43042,242.573,83.5813,3.58038
-7.0144,118.495,-44.048,3.57995
-6.96045,255.244,-34.8901,3.57974
-43.59,549.179,-23.8708,3.57945
-39.8115,415.196,-53.51,3.57886
-34.6686,377.697,5.64026,3.57884
2.24756,549.578,22.488,3.57879
40.3698,180.043,-28.3182,3.57842
-33.9783,266.587,85.0266,3.57835
-33.9718,154.633,15.7097,3.57774
9.97949,361.77,-94.4719,3.57757
-44.527,215.741,10.9613,3.57756
-36.3512,469.47,78.8334,3.57729
-44.4353,433.322,-82.1774,3.57724
-31.1696,431.722,63.1564,3.57715
-37.4392,161.097,71.0267,3.5771
37.5062,270.486,88.6893,3.57709
-16.7418,178.687,48.3009,3.57473
-25.1194,426.373,-94.4331,3.57447
-26.9468,283.462,4.77698,3.57436
-19.4233,381.842,59.8064,3.57401
5.21899,259.606,2.41333,3.57391
20.9839,331.026,-55.2233,3.57341
44.4452,446.375,-2.34241,3.57279
-44.2985,549.568,5.70471,3.57267
-44.5204,301.011,-5.55334,3.57139
49.8593,87.1465,-74.4911,3.57126
-27.5928,87.7341,-82.9161,3.5712
-2.13855,273.033,-67.4591,3.57114
-9.96863,116.041,-94.46,3.57111
3.60535,514.988,-11.5117,3.5707
24.0581,480.854,24.2366,3.56983
37.6169,336.063,50.4469,3.56945
-12.9568,71.7797,-31.8436,3.56941
-37.3525,85.8475,-87.8809,3.56871
21.5811,147.685,50.6842,3.56847
-17.2974,461.498,-76.1761,3.56844
33.9532,524.482,-73.7999,3.5684
-44.5325,202.077,65.8226,3.56837
21.3848,555.645,-18.8749,3.56765
-44.4664,346.708,45.5839,3.56727
-37.8475,332.301,-76.4558,3.56718
-20.5648,114.868,59.1272,3.56694
3.15137,466.501,-89.9938,3.5668
-15.196,508.339,-54.0555,3.56662
-44.4474,259.651,-42.0103,3.56642
30.5135,139.318,-30.9071,3.56593
30.0173,180.552,-48.1608,3.56589
34.8004,251.783,-28.7655,3.56582
15.1802,158.065,88.0632,3.56581
26.4675,509.895,52.153,3.56571
3.76904,343.68,88.3649,3.56553
-37.2289,357.424,-94.47,3.56551
33.5879,515.988,84.8892,3.56547
-13.0215,52.8866,23.363,3.56542
-22.0712,364.526,73.377,3.56529
-35.5939,75.6018,69.9529,3.56511
10.5085,169.927,-63.1195,3.56502
-32.0928,380.264,-54.5629,3.56454
21.8501,324.732,70.5314,3.56449
-44.473,440.436,84.9844,3.56433
-31.4073,56.338,-49.3575,3.5643
-15.472,227.039,-17.2357,3.56396
2.01697,482.002,49.866,3.56394
3.75745,55.8623,75.3019,3.56381
12.8757,552.086,85.2179,3.56366
50.4425,114.941,15.2128,3.56352
30.5499,376.672,9.59546,3.56318
-44.5193,180.229,94.5306,3.56279
-8.46375,324.902,77.9751,3.56278
36.4634,86.5106,73.3447,3.56251
28.7711,235.468,-94.5417,3.56242
-28.1007,544.967,94.4435,3.56224
28.1233,357.537,82.6097,3.56193
13.1495,81.6842,-74.8232,3.56177
37.252,413.296,-57.7653,3.56176
-44.4569,151.55,13.6129,3.5617
-36.3666,166.45,94.5244,3.56139
9.72803,491.322,-77.6155,3.56134
-35.8612,399.849,12.468,3.56102
21.4865,299.36,20.7069,3.56101
-26.8729,567.108,23.4774,3.5608
-4.8446,347.195,94.4557,3.56079
20.5092,379.084,-67.1683,3.56049
-35.1005,376.754,75.7129,3.55996
-33.0212,287.354,-67.8931,3.55978
-16.7048,315.084,-41.6655,3.55975
8.54968,30.6318,-74.8763,3.55938
-41.5239,542.558,-94.4456,3.55921
-26.7222,160.488,-22.0142,3.5592
40.179,119.679,50.6377,3.55846
1.77612,157.548,-73.5277,3.55823
-35.8688,495.52,37.2253,3.55805
18.2527,44.3214,-7.18701,3.55769
8.40344,512.22,91.58,3.5575
11.6903,239.849,-13.2043,3.55721
-44.6021,80.8851,-44.4574,3.55675
-26.0312,407.189,-56.9451,3.55658
23.9031,42.469,-20.3621,3.55566
21.8867,457.205,-39.1227,3.55542
26.5125,61.8645,-22.0067,3.55527
10.8853,571.775,49.1066,3.55492
36.5409,415.865,-0.83728,3.55489
44.1069,97.551,17.4026,3.5547
-30.1548,436.548,15.5443,3.55468
-19.7999,571.166,60.6514,3.55454
32.5394,479.373,-94.469,3.55444
40.2399,34.9545,-87.3765,3.55443
4.75012,250.552,8.79309,3.55433
-34.6035,167.218,-74.9425,3.55416
50.4869,10.8124,49.672,3.55336
0.576782,117.88,94.5868,3.55303
-18.1888,288.281,-70.0918,3.55297
-17.1533,97.6726,13.5403,3.55243
37.4984,86.4158,1.28662,3.55227
-19.0077,192.24,-87.6283,3.55214
-16.4176,161.312,-26.0306,3.55188
6.73169,257.764,58.8892,3.55163
-42.4397,370.04,68.597,3.5512
-18.4315,84.9675,-46.9467,3.55075
5.85913,212.116,-78.3574,3.55073
4.24683,536.108,-77.4592,3.55071
44.5815,264.167,94.4589,3.55055
-6.34241,319.649,-89.4198,3.55047
39.8835,89.3324,-58.3937,3.55027
-0.391724,37.3699,-31.2214,3.55006
-30.2531,402.81,-28.2614,3.54995
26.4796,51.7073,-4.65405,3.54928
-6.3092,423.912,-94.4791,3.54905
40.5453,132.335,5.07385,3.54877
-35.9072,281.447,-85.7736,3.54866
1.97717,191.471,-86.0802,3.54847
41.5056,566.438,-93.7355,3.54776
-2.49048,364.689,84.3896,3.54744
-6.93079,197.431,-8.68835,3.54708
-8.05676,100.092,31.3274,3.54678
-19.4272,256.634,-40.1969,3.54662
-31.526,68.0752,-77.4675,3.54656
35.4302,300.362,-7.79724,3.54632
14.4138,454.871,-46.984,3.54625
31.3019,303.514,44.2526,3.54594
44.4652,531.115,27.5891,3.54553
-10.4865,270.738,-60.1974,3.54526
-3.78699,132.527,69.15,3.54525
-44.4606,551.6,-48.2941,3.54488
36.2916,257.358,35.5649,3.54447
19.3669,313.765,-86.1373,3.5444
-9.64661,45.314,62.4283,3.54432
27.2668,176.263,-15.576,3.54414
42.0897,568.287,0.978394,3.5439
-26.1405,477.836,42.1997,3.54383
-23.4519,290.305,85.6469,3.54363
41.8278,499.219,75.678,3.54288
-9.14612,124.146,94.6481,3.54258
-28.4929,455.347,-94.467,3.54217
25.2778,50.7588,-94.5406,3.54211
-12.4503,254.65,-50.8182,3.54205
10.2206,82.486,-64.1593,3.54199
4.14185,491.625,19.702,3.54191
28.5278,314.315,94.462,3.54172
16.3431,361.789,74.7926,3.54137
-23.8704,260.509,-70.5237,3.54101
35.3273,235.659,47.7478,3.54071
25.5895,240.918,-62.1493,3.54047
12.0931,448.541,94.4907,3.5404
44.5072,265.139,63.5786,3.54011
32.2042,382.446,42.5781,3.53992
-0.0643311,317.727,77.2126,3.53961
-25.0835,5.37085,78.6538,3.53932
9.24158,351.215,-54.6655,3.53915
-13.5087,222.833,-7.18481,3.53913
-14.6965,567.979,-80.2605,3.53886
-13.3956,43.868,13.6003,3.53886
1.65979,385.022,-26.4393,3.53885
-17.0354,21.4109,-36.6384,3.53858
-41.053,484.946,4.47229,3.53844
18.1324,467.884,-2.94446,3.53833
39.0964,383.397,-70.9856,3.53827
-13.5372,70.5361,42.0493,3.53817
3.78284,552.217,45.7567,3.53798
-38.5461,554.385,40.0981,3.53737
38.3362,78.2985,-60.5781,3.53708
5.44043,205.025,-61.1654,3.53638
38.3451,486.891,6.70837,3.53598
39.786,128.802,-44.6383,3.53591
-18.2292,449.086,86.6509,3.53579
-35.6549,206.075,-86.7498,3.5354
3.797,364.63,94.5049,3.5353
-44.4979,307.346,12.5525,3.53528
-44.6569,230.245,-25.2183,3.53526
10.2064,211.879,-42.4421,3.5351
1.2677,485.089,-3.5603,3.53474
37.5765,330.174,-57.9357,3.5346
7.68359,250.14,94.511,3.53419
-26.3864,149.025,-74.5287,3.53315
-35.3657,64.4646,-55.6979,3.5331
22.0713,86.5946,-70.7454,3.53269
-11.6968,524.859,-94.4827,3.53214
44.5114,376.347,52.6774,3.53193
9.90698,543.385,79.0031,3.53136
-25.351,512.723,16.8488,3.5308
-44.4794,191.714,70.0773,3.53052
-44.5303,227.767,-56.4355,3.53008
44.4954,276.096,65.0974,3.52989
-9.03577,14.1544,-38.6278,3.52949
-44.4683,238.21,8.82898,3.52946
-44.5165,52.8677,9.60974,3.52897
-33.3456,432.553,-21.0222,3.52889
-36.4421,294.877,75.7607,3.52841
-25.0974,382.823,0.246826,3.52799
26.1105,533.153,41.0767,3.52786
-44.5265,37.8152,5.59106,3.52728
7.09656,408.711,28.3308,3.52716
0.697388,128.724,92.8271,3.52678
2.99841,30.7495,-2.31885,3.5258
44.4767,449.689,-68.6125,3.52525
-21.6129,150.171,78.4313,3.52506
33.7672,456.385,20.6504,3.52448
5.47607,127.363,-5.07617,3.52448
41.3119,77.5554,6.69836,3.52446
-22.9261,410.303,-7.8894,3.52416
-32.0663,142.375,61.0746,3.52381
7.04053,80.108,24.2491,3.52357
-33.1437,235.779,-37.2201,3.52356
28.5847,126.851,94.5101,3.52353
-36.4272,243.742,3.22424,3.52266
-24.9056,5.49902,-64.0316,3.52265
-5.07104,140.671,0.599487,3.52144
-2.99548,472.423,13.7196,3.5213
-14.4825,449.785,-58.2808,3.52063
-8.23096,318.176,-7.50122,3.5203
-5.41492,440.649,52.5801,3.52029
-44.5327,416.081,41.5575,3.52026
-8.1853,405.443,-27.52,3.52014
-8.19873,228.044,94.6149,3.51959
44.5521,220.901,46.531,3.51937
50.5388,32.7706,-84.0433,3.5188
10.2246,51.7611,-8.13245,3.51832
-36.9434,378.308,94.4978,3.51741
44.6035,284.269,-84.8917,3.5173
-2.74878,562.642,47.964,3.51729
1.43811,135.926,30.8712,3.51714
-4.28381,129.817,-0.749756,3.51675
-21.5696,329.878,-30.0363,3.51647
-25.6414,105.399,65.8079,3.51636
19.4421,62.759,-65.375,3.51611
-13.0084,72.7604,81.2086,3.51609
36.1604,491.143,-12.8693,3.51606
6.56323,292.686,-59.9177,3.51553
27.3481,262.386,-6.55994,3.51526
29.2205,206.852,-8.96655,3.51495
2.03442,427.8,-86.8654,3.51474
-15.3384,49.6591,-4.81812,3.51459
-9.92041,21.8475,85.3616,3.51446
-44.5304,367.528,-24.6431,3.51441
42.3051,17.9933,94.5391,3.5143
-22.1123,240.419,16.2279,3.51421
32.7811,470.494,37.7576,3.51377
-37.9678,311.198,4.53186,3.51375
44.4939,499.965,94.4984,3.51336
22.885,56.532,-85.4573,3.51335
26.2271,124.107,-81.3279,3.51322
-21.209,388.517,76.5967,3.5132
2.24634,216.427,43.9231,3.51312
35.4449,289.885,94.5175,3.51255
-44.5858,197,-30.2737,3.51207
18.5463,301.295,-29.1541,3.51185
-44.4896,135.128,34.246,3.51159
-7.91528,221.283,-28.8785,3.5114
-26.4045,508.473,81.2482,3.51125
-44.5876,178.43,69.621,3.51102
-6.91248,468.98,-84.9608,3.5108
-44.5319,359.101,-68.2522,3.51075
24.8336,440.839,33.0708,3.51062
-3.6521,337.379,44.4448,3.51021
20.9059,248.474,-43.7222,3.51007
27.8287,375.439,60.8627,3.50983
-10.9075,506.468,36.7467,3.50976
29.9121,473.996,74.593,3.50971
-14.5585,382.625,-94.5583,3.50954
-44.4902,505.509,47.3457,3.50951
18.1816,261.86,40.8286,3.50848
-44.546,380.499,71.4314,3.50833
-7.16357,312.305,-81.2211,3.50796
-33.8916,242.803,94.5359,3.50794
-15.6536,158.326,82.6835,3.50785
-13.7521,211.758,38.9049,3.5073
18.001,295.864,70.1744,3.50721
44.4957,520.877,7.16455,3.50708
20.0712,66.3422,-34.4343,3.50694
29.3804,369.558,-22.9994,3.50687
43.928,416.969,-11.2709,3.50685
-5.83789,476.756,-52,3.50585
37.8975,207.09,93.5706,3.50569
-24.2335,385.723,20.1266,3.5054
-0.298706,341.571,2.25208,3.50531
-19.8357,96.2915,-68.6112,3.50404
44.5779,223.688,-69.1984,3.50384
-40.2507,134.919,24.1064,3.50383
-34.3655,24.126,-87.1372,3.50381
25.3237,322.935,-87.7158,3.50368
44.5472,189.558,-24.5344,3.50352
-28.5083,183.543,69.0612,3.50337
0.620239,301.604,-3.31555,3.5033
-33.3452,375.764,64.8635,3.50301
39.387,120.541,-37.3492,3.50239
-30.1606,168.095,-64.801,3.50176
-32.4097,242.334,-75.4913,3.50172
14.3235,137.161,7.7251,3.50113
38.7141,111.607,-63.5597,3.50084
-10.0803,314.394,74.1206,3.50082
1.62207,147.208,-77.3563,3.50058
-17.3965,314.623,-52.6293,3.5005
-2.82849,188.544,45.0616,3.50048
-10.2773,446.983,-30.9496,3.50034
20.8715,567.57,-21.0527,3.50031
-36.4266,377.815,33.3755,3.50029
-21.9763,326.715,5.15576,3.49993
-25.8694,494.875,55.9629,3.49947
-44.5188,278.313,-67.621,3.49945
-26.2964,174.316,77.957,3.49914
44.5027,491.014,63.389,3.49903
14.9628,241.764,9.93799,3.49897
-10.4274,358.374,-94.5096,3.4989
37.8805,176.329,-12.8126,3.49875
-19.1219,132.155,42.6816,3.49801
5.09375,127.083,65.7139,3.49734
-44.569,190.888,-3.24609,3.49706
7.64172,145.757,6.93787,3.4969
17.7078,222.523,-39.0114,3.49658
14.1648,434.558,-19.4995,3.49645
4.62781,477.198,-63.1622,3.49641
7.65637,408.068,-64.8351,3.49633
-23.7534,566.879,-74.0541,3.49564
-18.2015,171.055,-8.44824,3.49529
9.39978,387.588,-83.5862,3.49523
44.5074,521.953,76.1255,3.4952
44.5056,517.463,-13.4697,3.49512
-6.67969,5.33813,-77.406,3.49512
-29.0704,213.869,-79.3022,3.49484
-26.4419,198.939,-94.6237,3.49469
4.57861,476.966,-30.4952,3.49467
38.4918,574.174,67.8208,3.49421
-35.5461,209.976,8.09021,3.49418
-9.39746,92.984,-2.74463,3.49415
-37.5367,165.141,-6.90613,3.49408
-42.546,46.2742,46.6843,3.49396
15.0642,133.536,76.0544,3.49385
-4.54724,221.36,-39.3368,3.4938
-0.297852,87.2185,-22.0322,3.49327
-3.77026,87.8883,-32.3898,3.49282
35.046,342.471,-13.3798,3.49255
26.77,54.0695,-46.611,3.49184
38.6041,378.53,61.7092,3.4918
-4.24683,417.014,16.3838,3.49154
-34.8794,457.069,94.5154,3.49118
42.5385,567.038,-20.1375,3.49053
44.549,320.712,26.9954,3.49027
-4.56152,406.547,73.4846,3.49018
-7.70142,362.051,-33.2621,3.49013
-36.6389,223.718,-37.4186,3.48995
36.5897,152.862,-45.389,3.48994
-27.2037,24.4684,-68.4747,3.48963
12.8831,22.5569,-94.5284,3.48946
-44.5197,567.965,-11.9952,3.48944
28.8116,31.829,94.5883,3.48921
25.2126,205.809,77.5892,3.48911
-44.5245,547.268,55.4762,3.48907
-44.5907,256.291,-52.5039,3.48862
-36.5674,488.253,28.9357,3.48823
-19.2179,392.824,-15.1281,3.48817
10.3549,54.7446,-18.6877,3.48788
17.0166,315.689,61.9169,3.48763
-44.4379,245.885,42.5582,3.48761
42.3257,549.292,-84.3779,3.48756
3.5896,399.16,24.2274,3.48745
33.832,14.8903,-78.7982,3.4873
1.04932,112.198,-69.4246,3.48721
29.924,5.40515,-62.8102,3.48696
-25.9535,91.1407,-94.5535,3.48631
12.6204,151.887,-59.9653,3.48557
-1.9281,336.969,-28.0896,3.48552
-16.6604,26.9478,-24.564,3.48541
-24.7755,251.62,84.8275,3.48493
44.5201,451.829,-32.373,3.48462
-37.6006,233,1.22595,3.48411
12.6882,234.362,58.4761,3.48404
-44.5377,539.022,85.8453,3.48402
-16.3639,173.938,11.4194,3.484
1.3429,425.523,58.7277,3.48355
-21.88,178.208,2.24048,3.48348
-20.0664,520.981,77.0029,3.48334
-44.5908,108.711,-65.8494,3.48324
-17.8575,277.236,-55.1013,3.48322
-29.8717,212.74,-8.50891,3.48299
-37.1027,171.83,-16.1409,3.4829
-17.5109,101.36,-38.8447,3.48283
44.6019,244.434,12.9882,3.48224
-15.7484,310.301,88.4467,3.4821
-27.9949,360.255,56.1959,3.48203
20.0497,131.484,-42.7764,3.48194
28.458,139.971,41.3173,3.48156
-41.5273,237.843,-17.9722,3.48122
8.58484,341.589,-13.0449,3.48076
-35.8351,467.147,-8.81592,3.48051
-28.7423,393.227,-35.7333,3.48038
-41.3185,101.831,-86.2202,3.47994
-13.7648,560.462,-11.1312,3.47993
-35.8286,14.8816,10.6611,3.47985
8.39014,246.572,-24.2759,3.47904
-36.2233,561.238,-9.53064,3.479
22.1257,299.435,49.9293,3.47884
-6.77393,357.411,10.3685,3.47878
15.9797,512.171,-63.5616,3.4786
19.2516,47.9518,94.6254,3.47822
-35.7848,453.722,11.9283,3.47806
40.7227,5.46704,-40.1656,3.47788
5.09778,238.67,37.911,3.47778
25.1666,206.092,50.4833,3.47765
20.792,234.021,-10.9795,3.47761
-14.8248,473.99,40.1951,3.47736
-9.05652,265.601,-22.1101,3.47703
31.3368,309.645,35.1464,3.47695
6.48462,97.4115,-46.8962,3.47689
4.35437,180.865,-7.08594,3.47646
-16.6427,159.989,29.9601,3.47641
-36.6685,431.399,22.905,3.4763
0.0152588,384.932,74.8209,3.47621
-9.40442,35.8053,19.7867,3.47615
2.15979,504.864,-7.34094,3.47596
23.236,183.248,-28.5452,3.47576
-13.9609,526.243,-76.812,3.47556
14.7411,283.259,-32.6056,3.47542
43.9513,530.539,94.5527,3.47523
-13.6492,540.747,-0.434326,3.47494
44.6636,148.891,36.2849,3.47491
0.854126,190.936,91.0502,3.47487
-23.4191,551.767,-85.7052,3.47481
-5.71729,479.62,42.3951,3.47399
-0.331299,369.083,51.0864,3.47394
-4.80444,304.359,5.80493,3.47378
4.86792,25.4789,-55.4838,3.47359
44.582,365.637,49.2308,3.47323
14.3815,307.371,-78.3707,3.47316
-36.4635,64.8755,-86.7651,3.47308
24.6986,166.087,-22.6257,3.473
8.35266,390.059,-70.1688,3.47279
20.7444,414.584,-9.39685,3.47262
-12.0139,403.076,-43.6046,3.47243
24.521,286.876,-92.16,3.47242
44.5867,351.4,75.6283,3.47223
12.0022,19.2068,77.8221,3.47211
-35.0596,328.746,46.2585,3.47208
-33.1859,505.241,-93.4689,3.47163
4.22595,102.345,7.44409,3.47161
16.5106,460.029,33.1361,3.47143
-21.7886,37.9012,-86.2421,3.47135
7.79895,188.084,42.3958,3.47115
-29.8513,501.746,-12.9612,3.47111
-36.0175,144.297,-1.62561,3.4709
-18.7065,421.245,-43.7496,3.4707
-33.2732,168.026,-94.5997,3.47068
-44.2445,179.684,38.2843,3.47044
-27.6719,198.39,-47.3392,3.47039
-29.1918,165.456,0.190674,3.47036
2.55884,472.88,-81.0177,3.47034
44.6206,263.846,6.4585,3.47034
17.6292,84.1377,41.2577,3.46979
15.371,289.668,86.7532,3.46969
14.8497,336.407,55.7936,3.46961
7.99475,125.328,77.1886,3.46924
19.8503,533.451,-2.02185,3.46896
28.4778,236.976,-71.9865,3.46857
5.72693,484.977,-19.9459,3.46841
31.8461,99.8724,83.2339,3.4683
37.6444,403.784,65.9441,3.46808
25.114,208.023,20.7545,3.46799
12.7515,5.45093,78.844,3.46781
-35.0795,350.37,-53.8586,3.46685
1.12939,151.409,-30.0898,3.46685
-17.3634,151.997,-69.0055,3.46661
-10.287,348.318,84.9454,3.46632
-30.5228,33.858,-6.76001,3.46615
-19.6685,60.7434,74.2407,3.46585
-18.8755,152.28,-6.21094,3.46565
-3.26758,56.7584,83.6367,3.46565
10.6095,564.421,-66.0353,3.4655
2.62585,148.183,-57.8774,3.46539
16.6799,490.499,59.8579,3.46537
-2.099,207.894,76.764,3.46522
3.75342,312.435,-34.4133,3.46522
-24.401,549.02,47.9135,3.46475
50.6046,134.955,-30.8319,3.46471
-19.0453,454.99,-13.3844,3.46456
42.2417,456.754,68.6569,3.46429
-35.6492,112.948,5.34863,3.46411
-44.5914,171.341,9.29431,3.4639
32.9933,520.192,-4.53857,3.46359
17.637,397.06,2.22473,3.46357
-9.77954,477.517,6.74023,3.46355
29.588,490.75,1.29932,3.46296
11.0529,370.386,-33.3002,3.46281
-11.5253,124.963,84.0811,3.46276
21.5747,477.804,59.3101,3.46246
-1.90234,249.868,60.423,3.46194
-12.8535,29.868,-43.2467,3.46168
-21.1635,447.196,-93.5388,3.46142
-44.6594,309.293,85.9963,3.46124
15.6826,474.944,-77.8318,3.46079
-19.6394,478.542,-45.6447,3.46076
-37.2379,61.1388,-41.3829,3.46067
-43.293,278.677,66.3998,3.46013
-9.57446,92.4498,-14.6675,3.4599
-42.7334,43.5137,14.7787,3.45986
44.5571,364.924,-22.8781,3.45985
50.6497,30.7456,14.9655,3.45979
-4.99683,127.228,-63.277,3.45951
7.42603,263.115,39.1168,3.45932
-44.5585,294.986,83.9731,3.45925
50.4821,52.7046,71.7761,3.45922
34.1583,541.842,50.0154,3.45919
-37.254,170.998,-84.9109,3.45891
-9.62085,33.3115,94.567,3.45883
-44.6383,329.361,66.7151,3.45879
30.5128,350.967,61.9673,3.45878
-22.2213,338.929,70.9641,3.45834
44.6353,369.417,61.1652,3.45814
35.4528,246.416,35.5651,3.45807
1.20203,561.543,94.545,3.45801
-36.2576,362.326,80.4324,3.45796
-0.0567627,278.285,-13.3671,3.45778
7.05457,72.6592,68.063,3.45778
16.5144,221.235,-78.1405,3.45757
4.91467,444.851,8.7467,3.45725
-0.340576,136.766,59.64,3.45658
-15.7303,248.726,-33.5753,3.45639
-22.6497,280.675,-25.4749,3.45633
-4.32092,200.125,1.53955,3.45626
17.3279,212.728,81.9138,3.45625
27.2726,494.736,-73.9026,3.45607
19.6909,214.68,92.6948,3.45569
27.085,476.363,9.92603,3.45567
31.0151,195.713,-16.2162,3.45421
-23.6334,477.738,-3.68005,3.45369
29.4857,30.7377,57.7894,3.45362
13.9547,368.796,94.6501,3.45344
30.5948,312.745,-0.852539,3.45327
-0.212036,150.442,0.989624,3.45269
-12.6005,14.9962,62.6265,3.45267
-35.7252,67.1501,25.8282,3.45254
-36.6869,451.01,-7.29822,3.45231
-34.6802,26.3408,-46.5906,3.45212
-19.4792,149.498,-56.4565,3.45201
-13.6796,85.8414,44.7164,3.45172
44.6173,329.181,-30.7653,3.45169
-44.7074,118.245,-94.667,3.45124
-44.5864,5.21912,67.8196,3.45108
-20.5466,242.479,-78.2063,3.45088
-8.33496,261.748,-94.5865,3.45082
-44.5759,229.74,-67.1991,3.45027
32.1509,83.1134,-94.5978,3.44984
-16.4973,337.513,60.0115,3.44975
37.9364,209.203,-53.3011,3.44948
-15.4419,560.616,-21.9286,3.44924
-33.4584,547.891,-80.3447,3.44903
44.5696,515.427,84.9994,3.44898
-15.5416,274.208,-20.4155,3.44884
-5.15247,26.574,66.785,3.44859
11.1028,531.946,-66.3046,3.44849
-44.5739,447.733,50.0419,3.44837
8.56372,539.017,-57.4054,3.44828
-9.45642,389.885,79.087,3.44825
-34.83,440.804,42.6064,3.44812
-2.62244,180.977,-18.6659,3.44754
50.6119,97.6367,-94.5958,3.44738
-31.4054,470.393,61.3303,3.44732
37.6625,548.159,-12.1167,3.4473
-13.0585,534.933,55.2861,3.44715
-44.5801,194.416,-42.0767,3.44697
22.3489,391.805,-57.6825,3.44693
44.5852,315.675,7.31921,3.44678
-16.7183,342.691,-36.9707,3.44671
30.8137,332.923,38.6556,3.44668
2.62854,65.4646,-86.1368,3.44555
40.5424,75.4067,17.2765,3.44482
-22.4252,409.55,-74.9404,3.44463
19.1687,481.609,45.9697,3.44463
23.1384,275.039,61.8026,3.44448
50.6263,30.52,-0.10437,3.44438
6.17603,357.956,75.9718,3.44426
-9.76538,136.898,54.2134,3.44426
-44.6364,381.835,3.63281,3.44418
22.9386,84.2902,86.5376,3.44414
42.9924,517.185,-31.5862,3.44397
29.7515,22.7836,84.146,3.44369
-44.6219,264.034,85.6887,3.44366
-10.177,131.822,-87.7137,3.44362
-24.2345,415.469,25.8285,3.44336
32.0612,21.5326,94.6376,3.44299
-0.196533,372.442,76.9927,3.44289
-27.1239,567.578,45.5131,3.4426
50.6281,13.9921,-23.4297,3.4424
2.96558,238.685,-56.8843,3.44212
-25.205,32.0798,-94.7213,3.44175
-7.97656,541.554,-24.115,3.44159
-14.7902,104.636,66.7292,3.44143
15.0752,73.2965,-1.53467,3.44135
23.0236,5.36218,49.2167,3.44103
50.6445,44.9919,62.1038,3.44102
-4.86584,323.47,30.3151,3.44098
22.1978,209.694,-17.1493,3.44083
34.9449,375.866,94.554,3.44081
-34.6261,375.596,-86.3726,3.44068
-44.7461,204.429,9.5929,3.44033
44.2378,546.662,-0.833618,3.44014
-14.0717,568.629,-69.2861,3.44001
16.5743,80.5426,-44.3754,3.43984
-44.7336,66.7738,-32.2906,3.43983
-33.9211,275.891,45.8192,3.43939
-16.9691,426.615,39.7458,3.43922
-16.4517,505.421,63.6736,3.43903
22.9414,480.494,-63.4337,3.43899
-38.9014,443.826,33.0153,3.4382
-13.6042,544.966,34.5569,3.43806
32.4789,445.276,55.7722,3.43803
10.3849,470.892,81.722,3.43768
13.4689,186.434,94.6686,3.43756
-26.3826,254.85,-90.7615,3.43755
41.978,115.788,-94.6392,3.43741
-44.5721,320.966,-33.8376,3.43723
16.1813,208.774,-79.3762,3.43661
-10.0101,191.492,94.5916,3.43619
16.8976,348.725,-74.1053,3.43608
44.6183,243.868,-6.16052,3.43537
-25.6682,22.6279,-29.8834,3.43513
43.051,528.39,-64.4637,3.43492
34.5703,436.694,-34.9092,3.43478
-28.3269,64.2285,-28.7157,3.43475
35.9153,162.788,60.574,3.43436
35.3459,39.635,24.1948,3.43434
-34.7377,205.221,-75.8831,3.43415
-17.4104,190.396,-10.2739,3.43403
-18.2509,189.912,52.3195,3.43339
36.0627,201.7,8.6311,3.43332
-24.9822,453.993,13.3209,3.43321
16.1664,31.6421,29.4453,3.43299
27.4353,264.885,4.0918,3.43195
-15.3069,561.198,58.7666,3.43177
-24.1467,97.8613,-86.1783,3.43155
3.93811,340.19,-72.6986,3.43137
34.1514,97.731,21.8134,3.43124
-11.3732,106.486,17.3883,3.43092
21.6609,484.91,5.92712,3.43065
44.0273,156.49,45.2188,3.43059
-9.3501,279.775,63.4283,3.43054
-36.4003,15.6931,-45.1395,3.43044
-3.58813,70.5748,67.2855,3.43036
-32.8633,347.175,5.82727,3.43019
42.8274,571.015,48.7603,3.42962
-20.8054,368.451,-25.6368,3.42938
-20.0299,138.875,34.1923,3.42934
28.3035,101.863,46.3958,3.42933
-44.6057,426.805,39.6281,3.42913
-18.2329,544.973,-22.9817,3.42909
-3.58252,567.584,-76.189,3.42895
-0.321899,196.309,-35.9768,3.42889
0.98877,220.206,70.8793,3.42877
-0.646606,444.371,-63.1619,3.42865
-0.994141,155.449,24.8002,3.42797
-37.0138,336.581,64.2976,3.42709
-44.6272,355.019,81.4257,3.42684
-11.9414,22.8073,33.0166,3.4268
-44.6348,82.6371,11.2614,3.42665
-35.3567,275.069,-94.6157,3.42637
-7.9668,364.043,-22.5441,3.42606
-0.1698,495.075,47.9038,3.42591
-25.86,280.63,71.0771,3.42564
21.0144,560.023,-28.9504,3.42554
-35.4686,198.434,43.3038,3.4252
7.01831,112.126,11.3521,3.4247
-17.8604,510.863,51.868,3.4246
3.83069,254.967,85.5063,3.42455
29.8523,419.987,15.9449,3.42442
-21.2861,289.587,-10.8033,3.42404
-35.6667,162.508,84.4172,3.42368
-12.8352,130.055,74.6656,3.42356
-15.6301,199.939,-94.6554,3.42338
-17.4347,232.65,-2.05798,3.42316
8.65466,254.453,45.5085,3.42314
24.7334,95.3845,90.126,3.42309
-7.27075,497.397,55.813,3.42267
25.2399,436.567,-42.6318,3.42255
3.59705,306.737,-79.7106,3.42251
33.4877,385.393,32.1536,3.42229
8.28857,558.18,19.2401,3.42219
36.0919,240.501,-65.1017,3.42194
36.3778,160.801,-80.0759,3.42176
-9.33252,568.983,54.1311,3.42174
44.5823,541.401,94.5996,3.42166
34.2102,511.306,44.4905,3.42137
30.5372,214.007,45.2709,3.42134
2.92419,116.882,-6.15454,3.42132
1.08032,119.213,31.339,3.4213
-38.7177,276.634,35.9058,3.42118
-14.3258,323.138,39.2068,3.42066
44.7593,213.228,-71.927,3.42043
10.5698,122.786,55.5898,3.4204
-35.1018,324.623,20.1675,3.42029
-26.9255,331.624,-74.9365,3.42017
-14.7844,470.262,-40.5488,3.42015
-21.3738,373.351,-71.6232,3.42005
3.57178,20.8942,-74.6805,3.41989
12.5923,81.5787,53.0409,3.41978
50.6606,115.414,84.8047,3.41975
36.8922,269.813,-53.2854,3.4196
20.8395,231.097,-77.0427,3.41947
11.7228,494.262,39.2207,3.41916
3.41699,262.741,94.6117,3.41893
37.2106,437.291,21.9287,3.41887
-36.3136,533.431,-44.8715,3.41884
-11.2537,315.057,32.8347,3.41874
-28.9911,13.443,-15.6984,3.41858
9.71692,128.829,-94.7117,3.41821
-22.1389,290.38,23.9781,3.41812
30.9418,545.082,-4.15259,3.41782
13.1423,214.361,-70.5867,3.41777
18.7428,269.08,-7.00183,3.4174
33.0391,404.137,28.7805,3.41717
-44.745,134.597,66.0045,3.41689
-35.0315,434.924,85.552,3.41687
-31.2722,281.375,61.7725,3.41641
36.7738,175.126,77.9867,3.41599
22.2798,521.732,69.2378,3.41521
44.5912,251.171,40.8202,3.41458
44.5967,493.04,-83.0519,3.41398
3.86963,453.934,-77.1959,3.41394
32.3756,394.432,-22.0361,3.41355
42.0394,172.599,-70.4448,3.41352
11.7355,105.932,18.8737,3.41333
-44.8635,24.4216,-72.7258,3.41315
41.7814,59.3787,-72.267,3.41307
-15.7439,557.149,-55.5302,3.413
-1.10437,542.455,-60.9349,3.41295
-44.6395,386.038,94.6405,3.4124
23.9288,157.436,94.6541,3.41209
-25.7542,59.5881,-80.9967,3.41202
-31.3307,273.966,-1.30774,3.41137
-0.816162,363.506,-94.6222,3.41128
-35.198,529.039,71.6169,3.41113
-44.6644,117.029,0.851562,3.41108
50.6102,102.183,-44.4132,3.41091
-8.04004,446.052,-2.33936,3.41072
31.4904,240.655,85.7161,3.41063
-20.2666,474.461,6.09167,3.41057
7.69824,311.562,17.8826,3.41049
12.9957,139.667,-41.8148,3.41004
12.4681,115.8,74.6584,3.40996
22.0012,162.09,30.3052,3.40969
-35.0493,251.341,-27.4264,3.40954
44.6295,343.516,-6.90283,3.40952
35.1421,568.741,-36.1227,3.40947
17.3041,307.053,-3.82117,3.40928
-44.6342,413.401,56.6705,3.40925
-14.6725,286.462,-59.8939,3.40915
5.80554,181.984,-82.5453,3.40883
24.4186,439.243,43.8411,3.40828
-10.2394,366.826,47.3298,3.40792
-44.6621,365.374,-94.6597,3.40771
-18.153,396.381,-74.5103,3.40756
32.6475,123.657,1.98486,3.40717
-30.3601,409.987,87.943,3.40717
8.30676,126.081,-28.7697,3.40697
-26.9153,168.286,-14.3956,3.40696
44.6777,349.467,-69.235,3.40667
41.7352,136.55,57.0175,3.40663
35.4299,249.211,-4.30542,3.40644
44.5969,408.841,-18.5206,3.40636
13.2402,16.4104,67.4907,3.40609
18.854,535.321,51.9318,3.40605
-44.6124,454.886,-71.7515,3.40592
30.1798,252.21,28.1104,3.40559
7.81848,46.9498,70.5422,3.40546
-35.6646,15.2133,-94.5989,3.40523
0.0583496,482.218,-71.7009,3.40511
12.287,298.586,-52.7401,3.40495
41.009,21.6008,67.208,3.40485
-33.8352,505.887,71.5159,3.40477
21.4695,423.09,94.6161,3.40462
44.6783,423.008,51.8623,3.4045
-12.0485,304.008,-37.8097,3.40427
17.4275,279.56,-9.17908,3.40412
-0.249268,493.721,-22.3077,3.40382
24.6986,51.2031,42.4161,3.40371
-28.9402,272.313,77.2399,3.4037
-13.1815,101.521,81.3933,3.40367
-12.0206,255.288,94.6533,3.40351
5.32581,547.053,4.09949,3.40344
-18.5582,252.778,-6.57861,3.40338
-9.55811,448.27,-67.8894,3.40332
-20.3026,234.851,-85.8733,3.4033
-37.3309,343.565,-3.30188,3.40327
-20.326,417.113,35.8059,3.40301
-26.791,415.231,-39.7297,3.40253
12.7722,55.1448,-59.6831,3.40227
9.92554,169.36,89.1094,3.40223
28.7979,46.9149,28.7078,3.40207
37.7841,232.159,87.5594,3.40206
-38.5206,295.517,-12.7991,3.40204
-25.0109,99.4844,94.6274,3.40204
39.5376,141.533,-59.2032,3.40146
-34.4662,394.738,94.6401,3.40135
-17.9908,302.562,-65.2913,3.4012
44.6936,234.333,-67.0098,3.40099
7.7345,373.612,-11.2598,3.40077
-28.9928,419.553,-58.6636,3.4002
-30.4462,109.102,-14.6609,3.40006
-35.6694,5.37524,45.8849,3.39998
6.31714,249.331,-13.998,3.39956
-44.6604,47.4016,-19.2147,3.39951
5.43225,214.806,-13.2253,3.39901
14.5597,305.878,-94.7064,3.3985
-35.3243,22.1805,-36.6117,3.39814
-38.1887,245.833,-83.9832,3.39811
-3.03442,463.665,-20.089,3.39792
34.7222,447.461,-34.1678,3.39774
6.19043,437.031,-47.2042,3.39759
25.1229,36.9813,26.7854,3.39752
35.0496,506.446,58.0404,3.39749
-25.7064,397.833,16.3657,3.39731
-30.9146,295.08,58.3159,3.39672
16.9624,263.424,2.021,3.39651
38.5811,557.533,-78.3469,3.39614
-16.8817,39.0895,67.7627,3.39597
-17.1688,331.745,94.7101,3.39554
44.61,562.618,-36.2554,3.39528
36.8899,272.64,-28.2822,3.39527
-29.288,455.829,42.4034,3.39524
27.2046,263.581,-86.6267,3.39454
-23.7632,437.252,69.0262,3.39454
-44.707,63.9775,20.8887,3.39451
40.1669,86.8534,94.6222,3.39445
19.3893,476.347,94.6093,3.39436
36.2872,488.714,-90.196,3.39415
37.9761,92.7759,45.8752,3.39402
-44.619,350.561,-84.3906,3.39389
50.6982,11.5001,11.5724,3.39365
-20.9023,192.622,41.5573,3.39364
44.6875,392.859,18.4677,3.3936
36.3516,504.015,36.6564,3.39308
39.3206,101.965,-37.0826,3.39305
18.3636,526.532,86.4067,3.39292
50.6676,115.807,-85.9708,3.39278
36.7289,479.027,14.1179,3.39261
19.7704,325.455,-3.29468,3.39198
-35.4877,80.8425,53.636,3.39165
36.2062,497.133,-32.9078,3.39127
-44.6493,180.877,27.5406,3.39126
37.0404,173.332,-57.7471,3.39121
-44.6901,255.48,-29.9629,3.3911
5.63892,89.4222,-73.0941,3.39074
11.1987,47.2594,-85.8523,3.39052
-36.5244,544.419,-0.0697021,3.39047
29.8656,500.702,-65.2615,3.39043
30.3081,168.686,53.5681,3.39014
-4.11426,105.735,65.3973,3.38998
18.7638,491.8,-23.0111,3.38974
31.8383,568.058,-21.8237,3.38962
36.2557,155.751,30.9784,3.38932
42.7362,68.4927,55.0616,3.38917
26.1439,78.5896,18.7784,3.38884
-2.26587,25.2048,-9.93835,3.3887
1.20813,530.112,-60.661,3.38804
-14.1443,414.719,-65.7122,3.38802
-20.8291,403.738,87.4778,3.38756
10.3151,112.985,94.7362,3.38702
21.7777,45.7938,-85.5278,3.38702
-44.6797,372.675,78.9579,3.38684
-15.156,81.537,-27.6133,3.38657
18.5242,467.545,-70.4568,3.38656
35.8386,152.43,-56.2072,3.38639
2.59717,322.686,-37.7642,3.38634
-12.485,385.223,15.4197,3.38617
-15.906,521.057,-11.3066,3.38548
14.8893,204.605,-66.5182,3.38475
-35.9036,128.816,31.9696,3.38459
-36.2252,29.0596,65.5911,3.38442
40.6271,5.33081,78.3169,3.38379
11.8955,244.897,0.000976562,3.38371
35.3237,442.33,94.6559,3.38356
36.5623,208.493,-85.1851,3.38345
31.418,183.267,41.1658,3.38337
-38.4373,183.014,85.9169,3.38265
30.9396,48.3558,84.822,3.38236
-38.9915,338.246,-20.0588,3.38213
-9.96143,309.108,14.0892,3.38197
-11.7676,383.205,67.5245,3.38193
18.833,305.875,6.75964,3.38175
44.6306,287.482,24.8831,3.38172
-28.3755,178.444,-67.363,3.38171
44.694,281.488,-70.3684,3.38158
44.6464,452.208,85.0311,3.38042
41.0444,17.4622,4.1073,3.38036
7.71021,160.546,40.8829,3.37975
-24.7826,422.004,4.80017,3.37962
31.3989,94.0227,12.103,3.37915
-4.08105,317.796,40.3752,3.37909
-27.3643,18.7052,-50.0757,3.37886
6.82629,409.117,43.1783,3.37787
-0.328125,414.184,67.0321,3.37725
44.7032,158.446,-56.5369,3.37722
-44.7474,279.896,94.65,3.3772
-22.7189,254.41,-27.5721,3.37713
9.88562,470.516,53.8547,3.37707
-17.1923,199.467,94.6895,3.37679
8.04541,64.9626,40.8414,3.37675
22.285,235.197,35.3853,3.37659
14.4033,268.27,-65.7019,3.37657
-13.8156,43.1954,94.7219,3.3764
24.2313,438.969,-86.8315,3.37625
15.4512,33.9861,75.0238,3.37595
-43.4869,535.347,74.9907,3.37589
-22.0615,192.185,68.2908,3.37536
34.9661,21.0939,21.3068,3.37517
37.47,473.47,57.2462,3.37392
-28.2981,470.505,86.1385,3.37361
38.8297,43.5573,-11.5598,3.37348
36.7805,228.528,-35.4529,3.37346
-44.7689,349.737,-73.6819,3.37335
12.8779,473.325,35.5959,3.37313
-25.5587,294.913,-65.5371,3.373
31.7261,40.0999,-27.5601,3.37299
43.4117,213.641,-24.7875,3.37269
-35.8318,39.5842,89.0795,3.37228
44.6357,442.809,-94.6501,3.37209
-11.3832,278.206,17.6809,3.37207
-11.0459,240.583,45.4774,3.372
-23.9169,132.732,-30.4949,3.37195
10.1626,350.357,82.5278,3.37131
10.816,304.762,-61.4146,3.37116
50.7234,133.161,-94.6893,3.37109
-0.299072,88.4413,23.7817,3.3709
-41.3826,14.0349,19.8923,3.37084
-44.6842,201.345,-0.749634,3.37021
-37.3619,99.1617,48.5601,3.37011
44.6344,467.491,35.7533,3.3697
36.5015,301.335,64.67,3.36952
-15.5249,530.82,77.1215,3.36943
-25.5173,363.747,2.78577,3.36943
-13.5922,309.277,-4.23694,3.36934
31.9641,13.7367,-89.7169,3.36923
4.81824,401.343,13.6978,3.36919
-15.4772,86.0298,-8.3512,3.36873
-18.6958,523.688,-86.224,3.36798
-34.0424,196.619,-14.7677,3.36774
-20.2516,34.731,94.7769,3.36748
-12.1731,494.548,-2.84863,3.36737
27.937,227.449,-28.3348,3.36725
-22.4944,478.972,-75.7183,3.36692
15.4773,472.071,19.2186,3.3669
36.8595,386.473,22.0309,3.36675
7.14331,329.204,-20.8232,3.3666
-21.9517,374.66,-94.668,3.3666
-36.7711,87.8108,33.5798,3.36656
27.8713,86.4165,43.6697,3.36633
-33.5089,287.237,-94.6835,3.36629
4.88318,380.647,14.9047,3.36607
9.08875,56.0497,86.3733,3.36562
-21.0302,164.083,-38.5502,3.36515
5.33118,32.3413,60.2101,3.36433
6.26929,346.629,-64.3629,3.36422
16.8228,99.434,-78.9937,3.36412
-23.8606,497.193,-70.9618,3.36411
8.70435,335.921,0.0595703,3.36409
18.5259,196.69,-29.8312,3.36393
-38.2389,327.055,75.1177,3.36391
27.4907,461.69,-3.98303,3.36355
17.876,58.6628,-94.7877,3.36336
14.5542,309.287,-52.5493,3.36298
37.1774,5.30688,-53.7836,3.36295
22.9174,547.946,86.3369,3.36283
17.0725,65.3295,35.036,3.36235
-15.6082,357.967,-27.0599,3.36196
-22.9854,474.762,-57.693,3.36164
-5.68274,13.0228,-13.1077,3.36158
-1.20728,275.189,-24.4286,3.36151
2.59692,501.72,55.9199,3.36131
36.2681,482.49,91.8928,3.36116
44.6713,329.156,-19.9819,3.3611
-36.7078,425.855,-54.7152,3.3611
-13.6959,198.637,6.58203,3.36069
-44.1016,422.302,50.6296,3.36059
5.87317,319.612,-66.6123,3.36041
-37.559,407.771,41.4458,3.36001
-13.5414,101.259,-61.3154,3.35977
2.63245,359.597,-8.40112,3.35958
16.5187,516.855,-0.390991,3.35957
17.4271,226.716,39.6536,3.35934
44.6901,218.073,5.43188,3.35885
32.5337,64.2979,29.4338,3.35883
20.3883,427.094,21.3663,3.35813
-3.53015,463.356,30.0183,3.35811
-4.55444,122.21,65.7375,3.35785
-6.87317,126.035,52.0162,3.35711
-4.21375,335.966,33.7057,3.357
-15.0233,385.808,50.6465,3.35647
-35.6917,392.313,-68.7175,3.35568
-7.4425,59.8109,-70.677,3.3554
44.671,519.928,39.4269,3.35525
-44.6443,566.492,94.6475,3.35516
-0.480835,217.185,-21.9882,3.35455
-27.0875,543.448,28.7363,3.35419
36.1621,196.629,25.9355,3.35372
44.6676,200.834,76.7742,3.35338
-28.1299,174.36,-5.68005,3.3533
43.2196,133.397,-14.6835,3.35306
14.2787,501.613,74.1262,3.35286
-0.613525,134.161,49.2384,3.35281
15.9392,493.19,94.653,3.35265
50.8002,41.3201,28.0154,3.35224
2.71094,5.323,16.4004,3.3521
3.71997,557.094,-18.886,3.35202
-17.101,105.033,-0.499268,3.35188
27.2194,323.56,42.629,3.35185
44.6555,516.328,-2.68835,3.35171
-44.6873,364.88,-50.7896,3.35106
4.18738,181.157,-26.9427,3.35067
-2.80725,428.944,-6.12793,3.35067
-8.13354,358.311,27.176,3.35066
-16.3259,223.449,49.119,3.35038
-19.0444,118.268,11.1559,3.34993
-38.663,360.314,9.54321,3.34964
41.6753,76.099,-74.3778,3.34898
18.5778,305.429,-68.7236,3.34882
-8.36206,285.518,-37.9154,3.3486
11.609,194.003,87.3335,3.34851
50.6782,21.3846,20.2196,3.34837
29.8148,75.6208,45.3948,3.34819
35.6963,50.0612,-41.9894,3.34813
-18.0446,264.001,94.7032,3.3478
-29.3551,203.349,14.0057,3.34778
-44.7717,95.3091,93.6033,3.34757
32.0667,104.603,13.4822,3.34733
37.7987,474.369,-51.3279,3.3473
-15.7312,508.161,27.1741,3.34717
21.2687,115.714,80.7906,3.34716
-19.6611,487.951,-40.3433,3.34673
12.8757,48.6483,79.7365,3.34631
-24.4014,231.254,-29.9744,3.34622
38.6396,66.3645,1.36633,3.34622
50.7593,61.4573,-66.9519,3.34572
27.4017,253.415,-83.2003,3.34572
-25.5332,425.144,31.0439,3.3456
39.6111,90.8591,-94.7535,3.34527
15.7092,369.229,40.4868,3.34515
-44.6748,5.29492,11.036,3.34508
1.10547,565.289,-25.2344,3.34491
26.4004,156.922,-12.6034,3.34449
-5.75427,374.357,67.984,3.34428
44.6814,447.512,94.6713,3.34395
-24.9724,449.95,24.6946,3.34373
-35.1932,444.533,68.6237,3.34361
15.8745,109.771,40.5496,3.34343
-9.66858,227.103,12.8501,3.34319
37.4805,172.6,-47.0916,3.3431
-29.4418,212.206,-19.3086,3.34303
13.2761,316.513,-94.6843,3.34265
-5.38354,497.971,-10.8903,3.34237
-35.827,31.5105,-94.8737,3.34227
-26.4365,146.75,15.6871,3.34224
-11.1007,401.04,28.8551,3.34218
9.43323,394.437,86.2201,3.34217
-29.4124,483.763,-41.5887,3.34215
-3.79871,146.85,57.3297,3.34182
-26.4209,400.433,-10.7773,3.34182
44.6589,509.342,40.8618,3.34175
-15.3182,200.764,-82.1881,3.34152
-27.8424,360.042,86.8287,3.34148
-29.9052,377.111,-29.2136,3.34122
24.8428,251.173,-24.3251,3.3412
44.7188,491.855,47.5978,3.34117
-26.2991,428.027,-14.1287,3.34116
-44.8488,152.596,-23.4698,3.34113
-44.8613,127.293,5.35266,3.34113
-39.3857,363.545,48.4514,3.34094
-0.732422,83.1113,-58.6917,3.3408
29.1097,462.18,77.2393,3.34014
-34.0581,136.549,-60.0186,3.33988
44.6652,546.428,-61.7235,3.33936
-5.2467,521.304,-12.3124,3.33913
-15.4672,89.6544,75.6111,3.33912
3.36536,58.757,48.7681,3.33882
-35.3981,456.337,33.6113,3.33877
25.5294,550.837,16.4703,3.33868
36.5731,461.24,-77.3978,3.33845
-10.2556,377.354,45.4965,3.33837
-35.9923,271.873,60.3322,3.33826
-28.0474,347.831,73.4501,3.3382
-28.822,417.688,-13.2338,3.33812
42.0575,49.9357,-24.4868,3.33774
3.60681,478.474,37.0781,3.3377
-33.1658,174.194,41.6271,3.33751
2.8656,79.5302,4.08752,3.33744
14.4939,425.801,38.0817,3.33711
-24.5107,33.9988,-15.6487,3.33698
-27.658,479.368,-13.5336,3.33696
3.09521,394.03,94.7229,3.33675
-16.9265,132.855,-68.0895,3.33649
-39.1133,257.033,-61.776,3.33613
9.55872,297.803,-79.4932,3.33608
2.54102,553.223,56.5109,3.33598
-35.708,267.722,-86.49,3.33591
35.8456,492.093,-67.4993,3.33534
-19.3834,361.19,62.7145,3.33501
-7.79041,152.503,-73.9559,3.33486
-24.2814,187.243,24.323,3.33478
32.1586,558.009,77.573,3.33457
-44.6672,520.055,-31.4049,3.33452
17.9977,117.468,-79.2554,3.33452
-44.718,424.575,-47.8005,3.33446
-25.8297,456.235,-5.078,3.3342
-15.6277,494.389,22.5764,3.33388
-37.87,402.153,22.8851,3.33381
-25.3108,140.571,-55.6034,3.33378
44.678,511.615,-79.8099,3.33346
-41.6901,5.13428,-19.0162,3.33341
-26.1089,325.827,94.667,3.33338
50.7933,14.2257,28.0405,3.33324
15.6082,384.07,-75.4836,3.3332
16.8047,161.824,-59.5524,3.33312
-0.406982,351.769,82.4274,3.33295
30.8932,230.576,-48.8605,3.3327
-5.63379,87.9197,70.5933,3.33251
0.925049,54.8694,-86.1754,3.3322
26.5929,515.199,76.5798,3.33166
-24.5876,478.62,60.0504,3.3315
-29.7251,552.667,9.40405,3.33141
44.7062,265.486,18.4006,3.33109
-3.56421,283.037,-86.2168,3.33024
-35.8993,350.06,-42.4958,3.33024
-7.88916,385.592,39.2686,3.32995
44.6864,397.536,-34.6598,3.32983
-20.0753,352.942,56.016,3.32957
-44.7721,220.087,-71.8903,3.32921
12.3765,318.57,-36.4298,3.32883
-44.7148,257.91,18.0541,3.32878
-36.9315,10.5343,0.924316,3.32814
26.76,158.482,57.1023,3.32726
-11.8047,393.766,-22.9407,3.32717
-31.866,102.065,74.007,3.32704
44.7375,377.383,-77.967,3.32701
-6.26697,493.396,17.173,3.32689
32.4409,43.6034,41.8228,3.32672
23.1947,399.95,69.1863,3.32617
-36.5487,336.428,86.2347,3.32604
12.1465,39.0078,64.8835,3.32597
-18.8271,47.5511,41.8478,3.32584
0.0430908,304.513,15.4048,3.32582
29.47,144.93,-60.2357,3.32581
26.6309,311.576,-15.9341,3.32571
-26.6436,123.646,28.4399,3.32566
26.4598,521.72,7.37585,3.32533
-33.9661,335.158,36.8099,3.32531
3.03809,328.128,65.5939,3.32499
16.6813,490.505,13.6235,3.32467
17.6375,102.436,48.043,3.32465
-44.6931,220.964,-30.7972,3.32452
-15.8953,272.037,59.5825,3.32444
12.8285,18.0166,-31.0292,3.32383
-20.0842,257.562,13.3307,3.32382
-11.7042,60.8053,30.6859,3.32374
-44.7529,349.742,34.6517,3.32357
-44.6274,90.2538,-5.44324,3.32354
-37.5337,369.459,-44.3721,3.32346
50.7297,40.2841,-76.3225,3.32342
15.3052,409.818,53.3765,3.32336
-44.6886,161.984,32.2208,3.32294
-31.6292,96.0587,86.95,3.32269
34.4138,148.804,39.6421,3.32264
31.9016,505.977,76.819,3.32209
42.6705,95.5157,6.92981,3.32201
-10.2832,549.787,-17.5825,3.322
50.7577,47.548,-59.7594,3.32168
26.9331,346.84,-45.4843,3.32143
-2.5918,101.486,-51.0767,3.32136
-3.02319,424.486,-36.795,3.32117
6.06848,458.825,30.8077,3.32093
-44.7762,160.957,-94.8092,3.32092
16.8154,199.595,94.7633,3.32091
35.9612,528.031,-94.7008,3.32082
-10.6453,442.541,34.0845,3.32063
46.139,58.2162,-2.45203,3.32058
-9.42773,79.0775,-74.7158,3.32045
44.824,160.371,55.2045,3.32038
-33.578,35.3027,73.778,3.32003
4.5675,241.533,62.2928,3.31993
-44.7102,371.908,-86.2488,3.31936
-4.65845,86.4879,94.734,3.31905
34.9989,292.452,-20.4108,3.31894
7.40173,100.279,81.7418,3.31886
20.2698,247.793,-55.6862,3.31834
19.6509,54.7935,86.3308,3.31833
9.30554,143.661,-13.0995,3.31819
19.1252,93.2916,-87.2374,3.3181
34.4792,53.0079,46.2947,3.31806
0.494629,569.408,-94.6851,3.31778
-21.0405,232.186,-47.9917,3.31763
28.9243,58.5342,3.39709,3.31725
-15.0487,176.249,-59.8064,3.31674
-44.7384,76.0649,75.7493,3.31656
5.59058,140.948,-49.4485,3.31655
35.4834,137.522,-8.75464,3.31595
44.8124,175.017,-4.745,3.3159
-10.5267,91.672,-82.4102,3.31586
50.7468,8.5459,77.4769,3.31574
-24.2494,487.833,-30.7313,3.31566
35.7556,420.732,70.6575,3.3156
-18.1396,566.351,-94.1757,3.31544
-26.2666,522.531,12.0104,3.31529
-11.1136,436.718,12.7561,3.31517
27.0127,8.78943,58.5355,3.3151
-44.696,528.589,66.6793,3.31509
-18.9968,494.978,64.2905,3.31498
-12.4493,220.228,-46.5859,3.31493
41.5331,57.6799,-88.1196,3.31479
16.3918,511.347,43.2572,3.31466
-6.76746,365.823,-51.4504,3.31452
44.7104,359.995,-67.4783,3.31451
-10.6863,342.998,38.4485,3.31419
37.2761,322.984,-77.1786,3.31418
-18.0409,287.106,-0.939087,3.31402
27.9626,331.148,50.0614,3.314
25.6851,398.195,-65.6696,3.314
34.3198,383.869,-94.7456,3.31354
-27.2905,487.51,35.3539,3.31305
-36.1676,216.813,-87.182,3.31202
44.7604,162.863,-86.3599,3.31199
24.0465,189.741,-58.6287,3.31139
34.3182,5.23706,-83.5004,3.31134
34.3263,77.4581,-10.5657,3.31108
-2.16223,103.599,75.5599,3.31092
7.57971,535.007,35.8209,3.31071
-42.3149,518.814,94.7163,3.3101
50.7755,31.7404,74.2493,3.31006
-1.25085,522.632,-34.2732,3.30997
23.3608,381.051,-85.8745,3.30917
7.42749,331.269,-85.0149,3.30896
1.54565,256.914,-26.8883,3.30836
-18.5061,339.898,-8.9375,3.30835
-22.8401,212.817,-39.1208,3.30833
-44.7499,84.7764,-62.5588,3.30825
21.9644,339.468,-39.6675,3.30786
17.8217,536.657,-12.0951,3.30781
-35.7571,407.358,-79.6224,3.30744
-36.1761,69.1549,36.2354,3.30716
-8.3197,166.66,-12.076,3.3071
-35.4501,21.8394,-56.2849,3.30705
44.6954,557.279,0.765991,3.30697
-14.3276,453.534,14.4851,3.30665
31.9148,5.29846,-6.07874,3.3061
-13.0795,518.241,-69.6405,3.30605
-20.6868,95.5934,-5.43347,3.30601
-17.4766,489.292,31.7189,3.30601
44.7758,269.388,73.5298,3.30588
-44.2926,505.019,69.3801,3.30538
-2.26184,368.846,40.4851,3.30486
-41.7765,298.486,-65.1714,3.30483
-17.6835,208.199,4.60132,3.30465
-4.44519,357.879,74.7832,3.3046
30.9979,203.351,59.3716,3.30458
1.12341,46.5421,4.69031,3.30447
5.81311,373.142,-0.749756,3.30438
44.7372,324.848,41.9631,3.30416
-19.2217,540.509,-65.538,3.30347
-20.4276,96.2705,63.278,3.30329
31.5858,389.146,-65.7197,3.30327
-44.7444,159.621,94.7435,3.30325
18.8226,5.28674,25.8357,3.3031
-7.89038,530.55,7.42944,3.30302
-36.3163,164.584,8.1731,3.30258
44.7233,480.095,-17.6768,3.30244
4.62439,500.883,-77.0865,3.30217
44.7804,277.504,84.8698,3.30207
-21.9443,110.682,94.7037,3.30163
-44.7286,424.523,-10.8936,3.301
26.5078,31.3938,-30.775,3.30049
-41.252,56.2218,-14.3552,3.30041
34.1476,212.166,-94.8036,3.30014
-1.61731,223.436,51.1255,3.29986
-16.1832,295.984,40.1892,3.29969
-14.8899,442.901,70.8561,3.29957
-9.93164,530.449,86.2983,3.29954
-34.4139,38.6855,61.4799,3.29954
44.7411,156.4,5.49268,3.29951
-35.8635,310.257,-31.2683,3.2995
44.7585,155.948,64.7888,3.29934
22.9341,436.097,79.8715,3.29924
-39.073,362.714,21.6471,3.29917
15.2958,394.545,39.2888,3.299
1.84558,455.281,94.7063,3.29881
-30.9554,173.813,61.3014,3.29877
-21.7896,5.09766,-41.4932,3.29773
3.57397,423.24,11.9045,3.29772
-44.7297,491.123,-89.8794,3.29762
35.9594,152.812,56.8,3.29738
5.63953,45.542,-21.5424,3.29736
32.405,456.07,3.61023,3.29615
-32.2794,305.669,74.5735,3.2961
37.8273,410.57,-80.0009,3.29605
23.4404,145.171,33.337,3.296
7.25208,42.73,-94.7091,3.29557
-1.13635,478.802,78.061,3.29555
40.4756,49.2806,-2.44043,3.29549
-35.6176,481.169,36.999,3.29541
44.7067,467.02,-54.7041,3.29519
16.1401,38.8022,-79.7799,3.29517
-19.5431,205.758,-64.8328,3.29512
40.0122,117.019,-20.1168,3.29512
-38.9314,369.131,-33.7103,3.295
-44.8204,232.129,-94.7106,3.29496
6.06091,55.7001,64.7229,3.29483
-11.8936,424.825,-68.3445,3.29472
-44.7125,284.303,84.9664,3.29451
-18.2417,262.017,61.9111,3.29449
44.724,394.011,43.4669,3.29433
37.1925,300.884,10.9387,3.29415
44.7418,394.275,-12.1398,3.29414
-24.8855,247.346,-69.7074,3.29326
-44.7242,470.803,24.1698,3.29316
-28.6188,279.342,33.6461,3.2931
-1.70593,248.08,-20.8746,3.29296
-7.82104,487.063,-9.02808,3.29283
40.8959,439.494,-68.3798,3.29283
-34.0135,108.302,-24.6101,3.29253
18.0002,442.743,8.45471,3.29241
-29.6495,153.601,-53.0946,3.29207
-21.9382,157.48,-47.1588,3.2918
21.6426,51.3301,-14.647,3.29168
-1.18921,91.5381,-42.1616,3.29152
26.4006,65.7273,20.9244,3.29135
-18.1565,117.759,30.2407,3.29112
21.813,5.08899,-3.07349,3.29089
25.6052,210.534,66.0406,3.2906
44.7382,295.318,94.7197,3.29048
3.05432,319.263,-94.7487,3.29032
3.53308,88.8818,65.4138,3.29017
-12.7847,319.692,-75.8071,3.28979
-19.8745,30.0695,59.0653,3.28966
27.0685,201.998,94.8224,3.28965
-7.52454,108.791,-4.22754,3.28945
-9.85596,204.532,45.8336,3.28936
-37.3451,564.761,79.6407,3.28936
-8.23914,468.034,-58.8199,3.28932
-42.1697,76.7809,-34.8195,3.28925
-11.5825,29.0482,41.6488,3.28913
16.4054,190.329,-83.1974,3.28912
25.9775,60.254,-11.2467,3.2891
50.7317,46.9076,-1.34216,3.28909
10.5975,564.762,27.6122,3.28903
-36.4186,168.389,-53.8733,3.28843
-10.8649,521.138,-21.3165,3.28794
2.59119,449.223,-8.29285,3.28761
-6.64563,217.194,79.3979,3.28755
-0.243408,43.8535,34.563,3.28741
14.4932,403.739,86.5591,3.28731
-13.4564,345.952,48.4891,3.28725
-44.8406,157.682,-62.7045,3.28707
27.7028,561.144,-37.2427,3.2862
-29.3226,5.09351,94.7401,3.28615
-14.0579,505.097,-94.7169,3.28605
-3.74768,227.67,-1.74072,3.28597
15.8561,94.922,76.3634,3.28585
-32.0581,59.7402,-10.6299,3.28569
-1.63867,404.874,48.0565,3.28565
-3.06982,96.8497,94.8517,3.28539
44.8712,301.994,19.6248,3.2853
50.7423,30.5139,-63.766,3.28529
-3.97424,138.314,-45.9155,3.28498
1.7688,437.481,-78.6954,3.28494
18.299,438.476,-28.6426,3.28486
-9.08655,359.186,-43.54,3.2848
20.2206,437.199,-66.8149,3.2846
-0.377563,287.056,-76.9362,3.28459
-22.7616,554.099,-26.2996,3.28439
50.769,137.19,14.3767,3.28426
44.7322,538.201,-68.4304,3.28413
44.7694,221.98,35.0302,3.28366
-3.38745,441.612,-46.2402,3.28326
-6.38977,214.237,52.6638,3.28288
19.1165,175.274,-22.6342,3.28285
-18.6367,515.852,8.97229,3.28283
-44.7247,273.571,44.1986,3.28273
-3.20911,469.736,-28.8513,3.28213
-11.9451,264.132,53.7405,3.28212
-24.6245,528.367,-78.7256,3.28197
5.12085,401.101,-22.3235,3.28196
2.76233,514.232,25.9159,3.28184
28.9684,136.448,31.2582,3.28122
25.9197,145.92,12.5004,3.28122
-44.7876,273.819,-39.5326,3.28077
-5.10986,40.8644,-60.7235,3.28072
44.72,402.263,23.4944,3.28064
10.9332,360.453,-71.3828,3.28059
-29.0371,138.966,8.95764,3.2805
-21.0596,283.349,15.8766,3.28029
-11.2601,191.389,-0.818237,3.28004
-19.5854,85.7965,94.8304,3.2798
6.69751,127.617,-53.9438,3.27878
-37.6868,183.813,63.425,3.27867
5.86096,504.724,42.2244,3.2786
22.2338,454.405,56.3088,3.27859
-36.3889,360.918,-22.248,3.27858
-30.5594,12.3906,84.6907,3.2784
13.4093,128.187,2.06909,3.27834
15.1931,129.172,62.7258,3.27822
-14.809,515.646,60.9402,3.27768
-24.8433,437.206,-94.8201,3.27693
-34.6157,229.463,-28.6632,3.2769
36.4612,67.3361,-23.2241,3.27679
-29.0798,144.603,73.1377,3.27676
-33.8352,261.37,-94.7834,3.27652
-29.5042,396.011,49.6538,3.27649
-21.4016,207.136,58.5394,3.27618
7.67944,421.961,-57.8333,3.27583
13.6654,456.181,49.625,3.27573
50.8589,77.0916,86.7385,3.27535
-43.7207,568.351,-42.1002,3.27496
19.271,295.827,-94.8118,3.27384
19.9952,437.334,24.1162,3.27383
-44.7651,311.341,-25.1842,3.27379
27.653,300.55,-71.0804,3.27378
-6.93311,475.835,-76.6356,3.27311
30.1337,105.362,-77.7651,3.27296
17.8339,467.186,-38.2859,3.27275
26.4899,202.116,3.32666,3.27245
-3.6532,41.1782,-71.0776,3.27208
-36.0066,30.8553,94.8499,3.27194
-44.8528,72.402,28.7324,3.2706
2.71826,551.072,81.6042,3.27036
-12.4601,50.881,-73.3191,3.27025
24.6888,354.667,94.761,3.26997
3.02466,360.537,13.4349,3.26992
7.87085,436.936,-28.7235,3.26908
18.1823,164.024,59.6975,3.26891
-36.0701,183.089,-32.2791,3.26868
44.783,317.478,76.7518,3.26863
37.2384,5.19751,18.0728,3.26862
-44.756,294.556,-21.3832,3.2686
50.8208,144.738,94.7598,3.26858
39.662,44.7927,33.5107,3.26844
44.7632,411.848,-37.2247,3.26843
33.4657,49.993,-30.8995,3.26833
41.9133,148.263,-94.7477,3.2681
14.2566,482.602,-25.9419,3.26808
-3.35547,188.143,-94.848,3.26786
-38.7061,244.375,-67.0872,3.26762
24.7565,28.0635,21.071,3.26734
-44.8337,238.53,-73.2787,3.26699
44.792,271.476,36.134,3.26681
-13.7013,480.263,-69.8872,3.26667
44.8143,197.847,-3.64941,3.26663
-17.2114,451.652,76.2451,3.26641
10.493,89.515,35.0536,3.26627
-25.4841,59.3993,48.1189,3.26612
-29.2101,470.225,18.436,3.26604
-12.6886,74.4686,-94.6007,3.26603
0.216919,556.669,-50.828,3.26537
7.2251,181.604,62.1296,3.2651
17.1903,348.982,-20.1952,3.26505
15.788,385.484,-14.9957,3.26488
50.7891,21.1708,46.6379,3.26485
-12.3231,410.677,-18.7734,3.26461
-16.3704,420.081,-94.7911,3.26434
28.3751,338.308,66.3154,3.26433
4.23584,360.083,2.08435,3.26424
-14.0543,319.944,-65.3729,3.26408
-44.834,74.2869,18.4077,3.26403
36.7936,262.159,-26.6583,3.26398
28.1974,259.035,75.9409,3.2637
23.9985,35.7142,-4.15967,3.26369
17.0966,570.701,71.778,3.26368
26.9082,488.182,31.6882,3.26364
-2.68652,258.386,-17.3414,3.26362
-6.66772,116.921,-10.8248,3.26324
12.8862,89.7274,-94.8505,3.26311
-0.00854492,206.982,48.4894,3.26307
-36.1759,190.802,-94.3453,3.26289
44.7955,167.979,83.3224,3.26282
-34.6881,392.635,-22.4293,3.26258
24.2671,503.571,26.5299,3.26254
13.6967,309.629,35.8046,3.26238
2.18176,208.493,94.8259,3.26223
13.9644,278.199,57.2822,3.26207
-5.3656,165.24,-76.1526,3.26207
-44.1326,25.4725,-51.5239,3.2619
-3.90833,65.776,42.0054,3.26135
-8.30188,356.858,-1.20312,3.26113
28.412,284.237,78.3264,3.26102
-36.1682,214.196,-70.1796,3.26097
-31.8459,183.293,-1.48938,3.2609
-35.5975,86.1262,-67.8232,3.26086
-15.5354,490.366,94.7412,3.26069
24.78,551.461,40.4181,3.26054
-11.9363,169.026,26.7072,3.26021
-20.9468,442.872,31.9161,3.25948
-27.1168,269.138,94.7616,3.25948
28.7708,92.6696,1.95935,3.25946
-35.8604,329.943,94.5917,3.25917
23.7137,269.336,-94.7949,3.25917
-1.47009,368.894,-15.5836,3.25898
15.7006,552.333,-65.9581,3.2589
50.7816,121.09,93.8423,3.25888
-22.7897,535.664,-17.9764,3.25883
44.4142,519.822,94.7507,3.25871
26.3153,533.302,-17.3755,3.25839
-8.55237,292.297,-72.8374,3.25807
-28.1873,187.878,-15.8616,3.25797
-8.38245,190.174,-39.1241,3.25733
14.6688,323.816,-86.7036,3.25716
34.8329,441.338,45.5768,3.25639
30.9999,190.424,66.7615,3.25609
44.7635,523.926,17.4735,3.25594
-18.2106,24.1311,-94.9092,3.25542
29.9498,372.751,-75.1105,3.2554
21.7896,489.779,77.9634,3.25539
44.7439,409.205,3.79199,3.25519
2.43835,296.946,57.4379,3.25498
-44.7778,248.123,-59.449,3.25497
-33.5339,214.507,-52.4695,3.25483
10.3499,152.283,-6.67065,3.25421
-8.98291,337.73,-69.7373,3.25405
15.8245,225.981,-58.6885,3.25394
-18.6445,255.241,49.6669,3.25353
-35.9473,58.3212,-78.3049,3.25353
-3.72241,279.359,83.5288,3.2533
25.4895,435.854,5.71216,3.25317
11.0997,13.29,-11.6737,3.25309
44.7661,458.565,58.4312,3.25296
-31.9194,304.693,-46.1771,3.2529
44.7781,449.747,-21.8715,3.2526
-44.7737,324.412,94.75,3.25253
21.4532,463.317,19.8351,3.25245
-16.3583,497.385,85.8179,3.25198
-36.2697,527.462,94.7595,3.25183
-36.3113,105.352,85.6881,3.25123
-34.5144,339.421,46.4268,3.25115
11.0444,368.56,-22.8076,3.25106
-32.4728,478.365,-60.7668,3.25082
-16.4022,313.939,-23.3129,3.25082
-20.1392,306.424,51.9639,3.25075
-20.0839,107.71,-86.2734,3.2505
4.6842,565.403,55.2429,3.25044
-25.3573,156.147,-62.358,3.25027
44.7697,507.554,-60.9966,3.25023
50.8137,43.6047,-24.6947,3.25022
-8.37488,309.593,-46.095,3.24982
-17.6145,534.74,7.51013,3.24948
-37.8412,143.562,45.0536,3.24948
-5.39478,474.888,-66.2725,3.24938
44.0797,182.511,-45.515,3.24924
7.22705,451.001,-17.6622,3.24899
25.472,391.686,75.3655,3.24898
26.2017,401.272,-44.8173,3.2487
-23.3835,519.135,47.9573,3.24848
-30.9537,13.7355,41.3727,3.24833
35.036,544.906,13.6931,3.24828
-44.7598,528.464,9.24353,3.24809
-5.27905,454.466,19.8108,3.24781
-19.4752,408.932,-48.5696,3.24767
-44.7585,274.739,-85.5028,3.24763
41.5137,17.8412,-94.7841,3.24717
-32.8276,352.494,65.2404,3.24652
28.3301,42.9197,-10.5359,3.24641
-28.8188,235.989,82.6523,3.24628
-21.1449,250.063,20.668,3.2457
-2.85693,166.135,22.2854,3.24551
-14.9586,209.493,75.8638,3.24535
-32.7316,386.681,79.1017,3.24535
5.43005,340.333,33.5626,3.2451
26.5481,345.322,-77.0844,3.2449
-6.18311,127.622,27.8323,3.24479
8.13428,352.278,-13.7372,3.24475
-17.7898,114.416,-58.0602,3.24456
30.3694,236.634,-15.6854,3.24454
-17.4835,486.126,56.6536,3.24452
35.1552,190.602,-87.1323,3.2444
8.3324,274.179,-8.21899,3.24404
20.9369,215.582,-86.0317,3.2438
47.8647,5.1593,-18.2079,3.24376
26.6539,374.641,71.5171,3.24353
44.818,309.762,-18.1667,3.24351
20.4558,379.641,7.25476,3.24343
34.7937,311.066,-52.1438,3.24326
-44.9907,13.0636,51.1373,3.24325
-44.7642,494.028,82.5724,3.24318
5.38098,320.601,-27.7252,3.24312
27.6265,180.631,31.6918,3.24294
-37.0417,160.729,-87.7834,3.24292
-20.3599,12.736,46.5913,3.2425
31.5002,241.941,2.40137,3.24246
-37.0514,418.663,-6.68152,3.24224
-35.2042,246.309,-37.5128,3.24209
36.6598,167.58,70.5222,3.24183
38.3427,506.95,68.526,3.24178
44.7841,379.353,-34.0414,3.24109
-36.6573,41.3241,-22.7051,3.24093
44.7762,334.037,-94.7719,3.24092
18.1659,359.505,62.407,3.24056
-19.095,316.691,-9.40955,3.24056
-44.8905,211.241,-18.377,3.2398
-17.3755,191.448,-61.3835,3.23975
44.7778,249.033,22.6066,3.23957
-44.7773,88.248,-25.2942,3.23935
32.498,349.602,-53.9758,3.2391
-44.7754,347.984,-57.7123,3.23907
-34.8043,542.782,56.0586,3.23876
29.588,501.785,45.7483,3.23865
15.3754,211.933,-51.813,3.23824
24.4659,28.6594,76.766,3.23805
9.02466,510.657,-83.7462,3.23797
-23.7064,175.363,-86.0765,3.2378
8.71899,220.452,23.5198,3.23754
19.7791,528.217,33.9146,3.23753
-44.9364,223.204,94.8345,3.23711
27.7632,169.721,76.2517,3.23697
-12.214,304.664,31.1816,3.23689
5.99927,403.969,92.7142,3.2367
5.90625,489.843,-55.7441,3.23637
44.8181,307.861,64.0466,3.23618
7.01428,61.2849,-53.2308,3.23585
-15.7706,52.7236,-15.1044,3.23584
-44.7668,398.78,-59.7988,3.23497
9.26318,327.76,-94.7776,3.23492
-10.3862,404.757,-72.23,3.23483
44.7756,323.322,85.4373,3.23481
-37.0602,121.532,-11.7471,3.23462
-44.7855,391.932,-13.8248,3.23439
-44.7687,564.912,20.5906,3.23434
27.2175,563.107,-13.6405,3.23422
28.8086,69.6038,-14.712,3.23418
-24.7552,503.177,49.2946,3.23385
-44.8446,21.8158,56.8563,3.23329
26.6354,156.203,14.4692,3.23316
-15.5903,132.987,-12.0775,3.23303
41.8738,442.096,-28.4049,3.23292
36.6221,323.166,11.2883,3.23292
-37.3285,251.93,60.7484,3.23277
-16.6327,172.32,94.0991,3.23274
26.9963,232.526,80.5363,3.23246
-29.4645,141.306,-32.9496,3.23192
50.8468,127.25,-18.5723,3.23181
-29.9105,303.007,50.3297,3.2318
1.13806,155.042,10.4714,3.23178
-7.79578,331.968,24.5835,3.2317
7.87,143.941,-33.6156,3.23122
-36.2701,111.281,68.1956,3.23113
-15.8529,63.4459,15.0529,3.23087
44.7795,536.333,1.79089,3.23085
16.9423,322.814,10.51,3.23082
14.3156,119.37,8.58435,3.2307
30.4272,458.693,-85.6073,3.2305
-44.8857,194.124,6.94702,3.23047
-8.49963,295.403,-32.7382,3.23041
-10.7717,310.14,-63.6703,3.23038
-15.282,349.3,-59.2224,3.23015
44.8973,305.786,94.847,3.23007
19.5758,548.516,-26.7808,3.23006
36.0513,305.238,81.6628,3.22999
7.74414,212.218,-94.9027,3.22978
31.5298,365.03,-40.2976,3.22974
5.25488,465.207,94.7736,3.22967
44.8093,400.001,-55.5222,3.22965
-44.807,463.119,-91.9265,3.22959
12.5574,428.837,94.7817,3.22949
28.131,482.2,40.202,3.22939
2.17188,13.9161,-82.5793,3.22885
44.8301,358.152,23.5697,3.22822
44.8744,297.047,-3.92847,3.22817
-44.7837,492.431,-2.28699,3.22797
44.7906,518.778,-87.5536,3.22793
4.6991,39.5638,42.7186,3.22778
-6.09167,298.5,39.3641,3.22775
44.8403,281.728,-59.8298,3.2277
-3.43652,88.1863,43.0967,3.22769
-9.58496,383.604,-24.5809,3.22763
-8.38196,109.401,-56.3406,3.22738
-44.808,399.245,30.2258,3.22728
-24.8829,297.215,-40.8594,3.22719
-17.022,251.914,-94.8638,3.22718
16.21,317.664,19.5634,3.22703
-1.4845,28.1294,87.1716,3.22658
-34.5096,515.795,-94.6006,3.22643
-44.7836,183.339,-76.4583,3.22623
28.67,5.11731,-94.8761,3.22619
-24.1891,53.0497,25.9303,3.22605
-18.6497,569.173,-14.9796,3.22539
38.5126,338.987,-51.8451,3.22503
-36.2861,475.881,94.8112,3.22503
-25.6265,91.8776,8.33875,3.22502
44.787,273.779,-17.3613,3.22495
17.0031,110.948,64.7688,3.22476
-5.14417,160.136,82.3462,3.22474
1.90967,316.822,-76.8572,3.22468
-19.5854,555.931,-94.7845,3.2244
10.2611,535.868,16.1927,3.22404
-44.7944,352.634,64.6116,3.22385
-3.73169,425.466,38.9493,3.2238
50.9017,74.9172,-94.8053,3.22375
41.1759,504.315,12.9534,3.22366
-9.82141,539.158,-87.3945,3.22348
-33.9668,272.001,-48.2024,3.22342
36.1235,333.355,-78.1045,3.22332
44.7782,534.067,66.2262,3.22288
34.5695,30.5525,-24.1395,3.22277
-17.924,99.1365,35.3696,3.22234
32.204,510.371,27.1938,3.22219
-9.56079,15.8257,12.4962,3.22203
44.8263,330.475,22.6498,3.22164
-44.8173,172.227,-77.5507,3.22137
-15.0747,568.433,-58.6742,3.22132
-44.8604,262.779,-84.684,3.22125
31.3538,252.912,48.7062,3.22124
34.9067,468.868,-94.787,3.22081
19.8768,137.461,47.9609,3.22078
-28.7865,153.164,-29.5109,3.22068
25.912,395.166,-94.8201,3.2205
19.0981,26.9722,-1.29199,3.22028
16.7048,229.436,77.7474,3.22017
50.8344,124.58,-67.2749,3.21993
44.8276,264.01,28.7996,3.21987
22.3378,544.777,67.4681,3.21965
33.4368,545.573,40.0437,3.21941
50.8243,42.0713,72.3282,3.2194
-13.7454,230.941,61.4276,3.21928
3.89209,127.279,25.0956,3.21898
2.99805,453.998,-94.8271,3.21888
-33.1747,355.068,16.8892,3.21883
-28.4707,297.143,17.546,3.21865
31.1818,378.002,-66.1792,3.21862
37.968,297.787,50.9919,3.21832
-10.9591,33.295,31.7264,3.21819
0.856201,234.614,69.8875,3.21804
43.7177,45.5833,21.6296,3.21794
-8.30591,320.107,-53.6587,3.2178
-35.5479,349.176,94.8458,3.21757
26.3304,51.7822,11.5404,3.21755
42.8286,151.391,94.8519,3.21748
-35.8256,366.035,61.1249,3.21722
44.7939,449.445,32.722,3.21715
-11.4189,68.8152,-74.3706,3.21707
44.8317,386.308,56.6057,3.21698
-44.912,269.387,94.8381,3.2168
-21.7651,468.188,56.5774,3.21672
44.8286,313.74,55.4227,3.2165
20.6969,110.692,23.5526,3.21615
-44.7985,60.3308,-94.8636,3.21572
10.973,524.326,-35.2946,3.21535
9.50964,32.5771,-94.9691,3.21477
-36.3551,31.5548,43.4751,3.21427
-22.9794,443.073,77.8606,3.21417
0.775635,542.823,71.6677,3.21415
-39.0702,471.303,-94.8286,3.21376
-2.49146,551.268,-36.2198,3.21371
44.8224,403.757,58.0609,3.21363
-44.8118,414.709,-94.7974,3.2136
-19.8387,295.792,-23.2992,3.21345
-44.8369,464.275,82.936,3.21263
-15.7147,319.718,0.0246582,3.2124
-24.3329,76.576,94.8944,3.21227
-31.1061,384.908,59.7483,3.21188
19.4163,570.423,26.9468,3.21172
44.812,359.62,-13.6316,3.21165
-8.72083,136.865,-36.7329,3.21152
-3.23486,221.359,-61.9166,3.21059
-5.97595,5.16455,64.6714,3.21044
-44.8906,308.376,-63.8193,3.21016
-41.7969,442.851,-86.4594,3.21009
35.5515,365.432,-30.6818,3.20996
28.9446,479.299,-54.16,3.20966
44.801,463.112,45.369,3.20947
-27.4111,532.997,30.2615,3.20902
0.710083,520.212,68.2793,3.20894
-17.2797,362.378,-17.6537,3.20866
-6.65613,568.752,94.7926,3.20864
-44.8456,335.608,-11.6909,3.20861
-19.1058,539.086,94.8063,3.20848
-12.6222,181.599,-22.2538,3.20848
-13.5208,283.793,8.60583,3.20814
44.7378,66.1813,-44.0197,3.20798
44.6188,555.691,-45.3939,3.20749
16.1718,115.387,-11.026,3.20722
14.7043,355.431,36.6698,3.20663
-44.7993,498.002,17.3939,3.20651
8.45642,180.106,31.9501,3.20634
28.2325,452.528,-20.6448,3.20628
44.7933,553.89,42.1676,3.20626
-35.5511,289.954,66.2859,3.20608
-44.8872,145.046,84.8142,3.20605
-44.8126,86.8616,-35.5947,3.206
-2.05127,533.469,-27.8534,3.20592
30.7052,413.456,24.345,3.20586
-2.74536,455.164,-86.2333,3.20574
-44.8063,423.174,-0.486816,3.20505
15.3969,379.545,36.139,3.20499
23.0282,472.717,41.5958,3.20476
11.391,460.615,1.13513,3.20414
44.8341,223.396,-4.27417,3.2041
-2.05872,33.0336,77.5314,3.20384
-15.0104,102.842,94.8392,3.20354
6.02869,195.979,13.4058,3.20348
14.911,351.392,72.8904,3.2034
35.2863,440.769,-77.1333,3.2033
20.0106,169.703,21.2715,3.20329
-44.8723,410.48,77.3402,3.20324
15.3293,252.592,53.4607,3.20301
44.837,216.605,16.5007,3.20286
18.1927,96.6548,66.3186,3.20257
-26.8652,460.41,61.262,3.20204
-44.8368,476.75,-17.7982,3.20192
50.8126,21.6888,-69.3307,3.20183
14.2046,302.778,43.6426,3.20177
-8.33472,422.453,-45.7126,3.20168
-34.0286,294.398,94.8455,3.20142
-9.92639,489.155,85.8428,3.20103
-5.70715,333.786,83.3265,3.20079
20.717,315.21,-23.8179,3.20034
-8.53931,20.9781,-46.8599,3.20005
8.90051,336.797,64.6002,3.19997
40.8057,113.205,74.2751,3.19996
-25.3723,212.298,10.1774,3.19971
9.08838,287.931,-50.6949,3.19937
35.9568,311.921,60.4573,3.19915
13.853,488.589,-40.9835,3.19912
44.8914,243.829,31.6155,3.19899
6.79224,443.513,-55.5588,3.19872
-44.8167,484.288,86.2997,3.19859
-27.3972,158.699,8.21704,3.19859
-21.3861,266.646,-43.537,3.19848
-38.7516,359.986,69.442,3.19841
21.6653,5.00891,84.4388,3.19794
4.62659,264.617,-67.1595,3.19779
-36.9395,53.5065,-94.8629,3.19742
5.87073,295.873,-44.8218,3.19733
-25.6689,223.017,-6.87207,3.19733
28.2263,520.496,52.4413,3.19719
-4.6897,116.844,42.4583,3.19687
20.4738,61.377,74.9019,3.19671
42.4713,449.114,-86.479,3.19669
21.533,266.761,13.0261,3.19667
1.08203,44.4054,-86.3579,3.19665
44.8108,341.501,-76.2306,3.19659
44.8075,509.727,60.8269,3.19657
21.5068,413.164,12.7708,3.19611
-10.0382,472.693,81.2511,3.19602
-11.8463,348.466,25.7094,3.19575
7.1687,219.52,7.85413,3.19565
-4.64014,76.5042,58.5613,3.1956
17.8818,300.281,34.0726,3.19556
14.2147,346.556,31.3856,3.19529
-44.3848,188.014,-50.5394,3.19511
44.8334,388.236,-39.4916,3.19501
36.7827,32.6012,-8.79492,3.19494
5.30469,136.064,-27.2837,3.19488
7.10303,563.222,43.8046,3.19456
6.15503,393.478,-51.0522,3.19447
-34.0685,59.001,-21.4729,3.19434
45.4683,40.2982,-94.9773,3.19401
-8.61353,245.215,-68.9852,3.19395
39.7648,457.38,-16.8477,3.1939
-24.9336,313.526,94.8864,3.19372
44.9144,178.591,-62.3801,3.19352
2.17896,486.776,67.8616,3.19348
7.84131,145.213,-23.3483,3.19338
-20.5708,478.957,-34.9679,3.1932
-29.2513,514.475,-44.2745,3.19285
-18.8345,203.936,14.1099,3.19282
-12.4561,100.978,-9.03015,3.19281
44.8202,239.315,3.67419,3.19267
2.73254,167.552,-70.0386,3.19264
-7.84546,339.19,54.1016,3.19252
-24.8663,49.2175,50.2571,3.192
46.2552,52.3135,-51.6346,3.19187
27.8859,56.3816,53.7424,3.19166
-4.10144,227.898,63.7037,3.19143
-23.9504,133.466,26.1166,3.19117
19.0475,136.689,37.6517,3.19076
50.947,110.703,94.2732,3.19071
-31.0913,25.106,-0.704956,3.19054
-38.3339,217.324,-13.0729,3.19034
35.2701,521.86,13.6382,3.19032
27.6454,205.576,-63.0461,3.18975
16.4557,198.362,-94.9348,3.18948
44.8907,294.195,-45.5922,3.18937
34.6157,449.265,86.3657,3.18934
10.1277,265.883,-14.4532,3.18911
16.7858,146.103,41.293,3.18897
41.3613,71.4456,45.0531,3.18882
-36.541,548.594,78.2977,3.18878
-24.2742,446.5,54.4152,3.18858
-25.687,351.659,92.7871,3.18853
44.9368,188.184,9.94604,3.18817
35.8958,482.23,-44.2986,3.18805
-36.908,221.281,5.45959,3.18803
44.9661,274.826,94.9418,3.18656
16.9851,165.984,-78.6569,3.18631
44.9698,166.371,64.444,3.1859
29.1317,563.492,29.4882,3.18567
44.8623,404.631,-84.984,3.18549
-36.4535,213.88,-33.3711,3.18549
-26.9813,212.167,-29.5199,3.18493
-10.0394,43.8633,-95.0156,3.18472
-26.4625,532.998,12.8103,3.18465
33.5183,78.7053,94.8737,3.18427
35.7849,86.3762,36.2682,3.18394
28.0934,467.678,86.1434,3.18392
15.5068,492.922,-58.3333,3.18386
14.3896,78.2383,88.0149,3.18381
36.1737,222.727,1.39661,3.18349
8.34802,431.155,-94.8505,3.18349
28.5898,402.423,60.559,3.1834
40.2886,180.86,46.1864,3.18338
5.07764,283.842,25.8636,3.18337
-7.38745,14.0049,-65.4606,3.18326
-44.8729,249.802,-21.1044,3.18296
0.320557,11.9279,7.07788,3.18267
13.6752,382.008,26.2067,3.18253
15.8099,71.0038,62.3528,3.1823
-44.8326,331.524,30.459,3.18212
7.59937,63.3239,-24.3289,3.18174
33.9165,73.85,-42.3723,3.18141
-12.3258,214.813,-69.1868,3.18141
-21.0464,264.593,-3.44238,3.18129
-15.2723,86.9646,-71.0959,3.18088
-45.0026,293.163,1.76636,3.18029
50.8937,137.395,-20.5702,3.18027
44.8192,241.545,-74.7247,3.18011
12.7994,482.979,-59.4677,3.17953
23.8187,400.103,-24.5607,3.1795
26.0718,174.7,-5.05042,3.1794
-44.8278,386.487,52.1865,3.17938
50.9103,81.4791,60.8193,3.17921
-1.91736,288.587,-94.9155,3.17882
38.0741,40.9208,94.8936,3.17856
19.8428,283.188,27.6892,3.17825
33.3457,341.952,33.6749,3.17778
10.4835,505.423,-69.6938,3.17766
31.788,138.033,61.8954,3.17759
44.8328,217.916,-34.5109,3.17753
38.0184,470.787,47.0654,3.17743
-15.4801,528.142,-48.7979,3.17729
36.9766,373.319,-37.2638,3.17629
-44.8351,428.895,29.2429,3.17626
-31.824,107.521,94.8292,3.176
-43.3931,107.71,-94.8392,3.17587
-23.4956,166.543,62.2931,3.17582
-44.9534,149.816,3.05725,3.17567
-37.0344,457.65,81.176,3.17545
3.79077,331.597,38.9386,3.17544
-35.6945,247.289,49.5829,3.17512
-17.8621,528.792,94.8289,3.17503
35.4257,286.321,-52.489,3.17468
1.01294,482.446,24.2329,3.17456
-0.981689,334.665,-54.3752,3.17421
44.8881,174.611,-88.2437,3.17419
28.3856,228.279,41.3188,3.17415
35.4739,210.366,-67.8092,3.17401
2.89026,83.7555,88.0157,3.17401
-16.5986,205.551,29.3347,3.17379
20.3921,355.173,-0.790405,3.17377
43.2822,37.2937,41.3868,3.17347
9.92603,232.061,-52.6432,3.17338
-33.1226,496.006,94.8584,3.17315
-4.21289,64.3929,-5.7467,3.17297
34.2225,249.216,80.3074,3.17286
50.9574,17.9733,57.5416,3.17267
19.3823,411.242,28.9744,3.1726
50.8605,4.97241,67.6414,3.17254
-5.84717,350.85,43.3257,3.1725
-26.5138,109.42,-55.3357,3.17242
1.53308,39.3451,66.9552,3.17205
31.5525,503.9,19.0923,3.17192
-44.88,97.4709,-95.0624,3.17186
44.8745,422.215,-30.0448,3.17155
25.9498,56.7545,26.2217,3.17128
-38.153,257.39,-18.719,3.17126
-10.9686,210.196,-14.5809,3.17116
-29.7993,539.881,47.4044,3.17109
-18.6534,364.373,83.8619,3.17094
0.50769,110.742,2.11938,3.17079
35.8456,405.221,0.101074,3.16996
-44.8506,437.366,74.228,3.16981
-44.8939,138.942,-74.8121,3.1698
10.9215,55.9863,55.5074,3.16951
-13.1451,409.564,12.4615,3.16936
25.8787,244.596,-32.4534,3.16919
-9.98938,251.406,77.66,3.16899
50.9567,144.122,-4.26038,3.1688
-3.02905,141.687,-29.5522,3.1687
-18.3669,222.882,-54.8047,3.16862
-4.59424,100.706,56.1831,3.16857
-44.8334,332.24,-85.1824,3.16849
8.43274,492.638,-5.92773,3.16845
-16.9536,324.939,-56.7344,3.16841
28.0128,472.552,-7.53442,3.16838
31.342,242.936,-23.8545,3.16832
-44.8619,533.325,94.8364,3.16823
-20.7224,280.966,61.8672,3.16817
22.6957,572.312,60.71,3.16807
44.8358,511.018,-51.183,3.16791
24.3701,466.644,-29.0966,3.16791
-36.2065,457.071,50.4772,3.1678
43.7247,105.063,64.306,3.16752
0.864258,358.918,-69.0702,3.16747
-1.54077,236.26,45.7637,3.16733
15.2733,198.517,63.4471,3.16718
26.5635,532.654,-94.8489,3.16706
-2.45056,385.838,9.42444,3.16706
-24.1567,4.94019,-11.948,3.16691
-44.9237,225.326,0.499878,3.16676
36.0117,258.343,-89.3295,3.16676
50.8652,14.8188,-12.8826,3.16644
-35.8118,441.574,-94.838,3.16597
8.53308,534.093,-16.1754,3.16572
-1.75732,265.384,-75.2178,3.16537
-4.76941,148.8,71.9304,3.16531
28.0966,243.167,50.1171,3.16525
-5.94519,568.269,-86.4919,3.16521
-6.70752,19.5665,-56.8319,3.16492
-44.87,448.764,-62.0853,3.1644
20.1586,283.318,-49.7865,3.16424
-19.5338,58.9888,56.6565,3.16411
25.6201,532.167,-34.064,3.16396
-30.5555,552.273,24.0985,3.16389
9.9281,476.5,45.1965,3.16373
-44.8702,391.274,-85.428,3.16371
-44.8501,396.611,94.5618,3.16345
-44.954,192.381,-59.8975,3.1634
44.8674,352.359,49.2487,3.16324
-45.0778,172.28,-67.2308,3.16324
32.4109,454.007,71.5492,3.16303
36.1188,407.691,-41.2529,3.16271
-44.8892,185.271,17.9885,3.16247
44.9235,149.253,-72.8719,3.16242
-31.4009,91.7928,25.6034,3.16206
-44.8577,349.932,-94.8898,3.16195
-17.208,316.289,54.4316,3.16185
-44.8815,318.419,0.887695,3.16182
-27.7731,529.419,-54.5934,3.16182
0.720947,283.811,44.3773,3.16147
10.8488,166.505,52.7255,3.1611
-5.03357,487.916,94.8619,3.16096
27.0427,182.07,-94.9042,3.16077
-44.9045,62.387,-51.3958,3.16067
-44.9377,191.299,26.3265,3.16056
11.7832,437.759,47.1595,3.16045
49.0714,67.6854,76.9182,3.16013
19.7493,563.341,64.8916,3.15988
-6.60791,46.7793,-40.8389,3.1597
-20.6212,417.654,73.8611,3.15952
9.80615,378.572,-20.3268,3.15943
-44.9121,230.124,-35.7961,3.15931
8.30298,208.418,78.3984,3.15902
-44.9829,124.082,65.8107,3.15902
-18.5466,390.049,-4.09888,3.15869
-35.212,346.889,-32.3209,3.1586
44.9077,167.608,-61.627,3.15833
42.7103,74.6912,-19.3458,3.15794
14.0344,421.227,55.7968,3.15766
6.448,199.034,94.9276,3.1573
-6.48865,210.047,29.4485,3.15679
24.7892,90.2168,71.0162,3.15619
26.6119,149.534,-20.0994,3.15582
14.1796,253.761,5.07825,3.15572
25.0488,570.437,-52.4996,3.15545
21.1829,351.234,56.9604,3.15518
-17.5389,69.3318,32.276,3.15504
-32.9596,111.556,78.0698,3.15499
1.83643,306.158,52.6588,3.15493
-7.78674,473.923,94.8729,3.1547
-14.6635,363.146,-85.2488,3.15468
-3.6167,136.818,-78.7588,3.15434
-12.9611,536.718,41.1552,3.15405
-21.9539,566.783,13.9662,3.15369
-41.1244,173.015,87.4995,3.15329
29.1897,420.335,87.9862,3.15313
-9.59192,60.0414,-30.8052,3.15275
2.37292,191.26,-8.0094,3.15254
25.0739,245.222,34.1295,3.1525
-36.0759,188.453,-44.4011,3.15247
-2.57153,188.925,-28.7787,3.15239
-14.1259,84.7094,-94.8856,3.15226
37.0081,212.207,9.49512,3.15197
-0.243652,413.745,-94.6007,3.1518
-44.9128,156.371,-13.7476,3.15172
10.7006,561.464,-27.0988,3.15165
-15.8284,451.629,34.1099,3.15159
18.0045,421.574,-1.81042,3.15155
-4.79663,262.358,46.4572,3.15127
50.9645,143.298,58.9326,3.15123
9.69446,219.67,94.8776,3.151
-3.31775,71.7598,-80.036,3.1507
-44.9064,344.837,94.8673,3.15064
-44.8425,312.162,75.8243,3.15062
-44.9021,408.718,-62.7985,3.1505
24.9076,333.966,-0.00109863,3.14999
-20.6184,350.587,14.599,3.14977
35.4562,201.969,-1.91162,3.14951
0.369751,451.302,1.6759,3.14946
-44.8683,249.976,24.8564,3.14921
-25.624,383.334,68.3956,3.14906
37.9919,70.7955,65.2397,3.14896
-32.6014,78.3748,-31.1304,3.14867
-29.8834,554.728,-94.8552,3.14867
28.0944,274.069,-86.6276,3.14862
25.6708,341.847,-54.5615,3.1485
7.67896,310.402,77.422,3.14844
28.6587,553.412,-10.2347,3.14833
-43.949,162.168,14.8704,3.14818
-8.3606,318.665,49.88,3.1481
50.9363,12.9088,-63.964,3.14792
32.734,395.55,1.85803,3.14781
24.2362,539.119,-41.532,3.14763
11.2258,365.316,-4.9884,3.14753
-30.7065,557.077,77.2295,3.14753
-44.9391,13.3292,-85.7705,3.14745
33.3654,76.6754,-0.232788,3.1473
18.8372,140.505,58.084,3.14707
4.98047,160.784,18.1156,3.14702
1.87341,178.031,86.9518,3.14694
-14.2703,194.899,16.3551,3.14678
3.18982,115.495,21.7194,3.14647
50.8541,108.743,6.4989,3.14624
-22.9316,182.424,40.3955,3.14622
50.9319,45.6722,39.2615,3.14593
-35.0972,204.655,-55.401,3.14587
11.6538,539.411,58.4663,3.14578
4.84595,547.229,-50.8755,3.14577
-17.4762,374.578,82.0819,3.14575
-37.255,463.849,6.37903,3.14563
-36.0677,490.28,86.8192,3.14556
-22.7994,168.46,31.5338,3.14545
-44.874,456.437,56.0265,3.14537
31.1658,71.4407,-64.5084,3.14536
44.8693,298.942,58.7987,3.14493
14.8042,473.218,-30.3737,3.14484
34.663,498.51,-3.82202,3.14483
1.07361,518.794,51.1104,3.14469
-44.9009,145.189,37.693,3.14453
39.6754,532.792,50.2557,3.14438
28.2847,442.511,-52.2169,3.14422
4.65808,194.953,-57.8303,3.14412
44.8683,495.1,-27.2841,3.14398
-25.7471,154.715,-85.2247,3.1439
-15.837,194.939,32.6545,3.14385
19.217,23.6716,84.1682,3.14379
-0.869873,297.248,-78.8308,3.14367
-44.8663,341.058,-79.8556,3.14361
-6.37622,78.2611,43.3519,3.14361
-14.0679,221.744,66.0128,3.14329
-18.6473,454.446,59.33,3.14326
-15.5563,82.7479,83.7114,3.14302
3.36792,524.967,59.4792,3.143
17.5745,153.716,58.5421,3.14274
-28.2915,449.582,-28.4268,3.14255
40.2972,41.382,84.201,3.14237
7.7019,149.888,-69.0978,3.14231
-8.65735,139.764,75.308,3.14207
29.5472,541.949,-58.1981,3.14161
36.7719,546.116,-26.6777,3.14091
44.9226,432.59,56.1726,3.14088
-34.4421,109.264,-61.7722,3.14082
19.9288,543.128,-68.7468,3.14048
-27.4181,473.549,-40.4679,3.1404
-0.228394,501.115,94.871,3.14034
44.9072,375.631,69.7179,3.14029
36.046,388.587,74.9009,3.14029
2.25378,403.79,-94.9032,3.13999
-5.68591,462.968,-94.8646,3.13997
-23.8901,25.7601,-86.4369,3.13995
-35.1577,543.383,-31.2858,3.13979
28.611,260.429,42.3064,3.1397
18.535,431.05,-48.6447,3.13967
-44.5621,91.9708,83.6974,3.13943
-5.18091,406.839,57.7424,3.13916
-22.0775,343.419,-18.1818,3.13892
-22.446,253.975,94.8955,3.13892
36.1639,179.633,-39.4989,3.13884
35.2245,357.413,-47.7578,3.13876
44.933,160.794,-69.314,3.13846
13.7397,470.558,-57.6649,3.13805
-17.642,392.771,-94.8788,3.13787
-39.764,41.2439,79.5554,3.13783
36.2513,450.935,-75.7324,3.13781
32.4288,22.7902,-94.959,3.13768
-10.7301,176.644,-13.46,3.13764
42.1084,122.638,-56.0211,3.13758
22.4998,560.145,-65.0631,3.13736
-10.1791,198.84,24.9088,3.13727
-14.088,12.6337,-76.076,3.13712
31.5253,385.756,-0.967041,3.13696
-30.8373,343.827,-23.5179,3.13693
-35.8976,274.45,94.9451,3.13659
-25.8541,185.191,-83.692,3.13595
-22.0959,405.167,9.74695,3.13559
19.1099,68.3417,-17.9874,3.13542
9.78333,518.97,73.0581,3.13535
26.7102,332.838,-33.1528,3.13528
30.5985,437.871,-68.4025,3.13526
42.5685,142.534,17.9053,3.13519
-23.9435,225.886,85.5031,3.13465
-17.4851,392.024,67.2856,3.13447
1.55688,481.416,-39.9677,3.13415
-35.1632,479.1,55.8167,3.13407
16.5101,290.534,-86.2981,3.13354
-13.6243,48.027,-48.2605,3.13286
-29.127,206.234,46.5028,3.13235
-44.9402,381.292,-76.2479,3.13232
-17.8939,347.299,75.7753,3.13199
25.2616,329.658,-22.2009,3.13191
-36.3569,494.564,9.72864,3.13164
-24.1279,167.91,-29.2594,3.13142
44.8787,174.132,71.3501,3.13107
44.8696,472.632,16.0068,3.13105
37.0166,369.807,-94.9163,3.13051
-34.0984,441.666,-3.08276,3.13017
-20.3015,183.866,-54.9844,3.13013
-25.9547,88.2616,-71.8658,3.1301
-44.9763,65.8997,56.0568,3.13007
10.8741,526.52,28.8873,3.12997
-45.0413,11.1575,-26.7499,3.12995
44.881,193.066,-14.0176,3.1298
33.2075,126.343,-52.5894,3.12974
-44.9298,228.279,-45.8558,3.12953
4.78931,87.2023,-83.2625,3.12949
-3.29492,271.831,15.207,3.12925
-44.9156,495.031,72.2672,3.12897
28.4064,519.873,-46.748,3.12895
23.9147,205.482,-94.8879,3.12835
2.75781,19.7662,82.8427,3.12801
-20.0936,347.219,64.7417,3.12785
44.3126,286.854,-5.40906,3.12768
25.9845,444.404,-62.0355,3.1275
25.3528,18.9536,-83.6526,3.12738
41.4465,137.951,-94.9658,3.12728
36.278,513.369,94.8867,3.12718
-15.5175,322.321,-17.3086,3.12714
44.9933,388.501,-29.1918,3.12689
-2.85461,101.247,85.5393,3.12687
-10.3773,153.006,-12.2584,3.12636
34.626,5.11072,86.9973,3.12623
-44.985,22.2904,46.5896,3.12579
27.9963,477.978,86.3759,3.12554
28.0626,486.693,-28.1222,3.12535
0.0230713,203.038,-44.2047,3.12528
-25.4457,331.47,-57.3809,3.12526
-2.17578,51.1554,-73.3024,3.12523
3.65173,572.836,72.4543,3.12509
33.1729,145.845,29.7834,3.12509
30.2299,508.603,-3.17346,3.12495
-25.9464,272.828,-19.2257,3.1245
9.07812,527.953,68.1537,3.12448
36.9299,413.899,62.9263,3.12441
-4.99609,263.982,-84.8448,3.12421
25.8455,264.987,60.0769,3.12415
-44.8872,546.122,15.8085,3.12378
-24.3014,15.5306,-86.5552,3.12372
44.8882,414.842,-86.3309,3.12365
14.512,49.8953,62.979,3.12336
-1.49255,153.743,35.1981,3.1232
-20.8422,299.253,29.5225,3.12317
-28.1533,392.806,-1.79431,3.12311
43.0347,21.0641,27.8397,3.12305
-35.9463,287.57,-31.5111,3.12281
-5.22424,438.816,42.1259,3.12277
12.8715,561.844,-17.0469,3.12264
-20.957,479.553,33.0481,3.12252
-15.0305,263.042,43.9309,3.12246
4.88086,457.472,8.52173,3.12211
-32.9832,421.661,24.6716,3.122
36.0049,229.737,-70.6702,3.12195
38.1117,69.3892,75.2617,3.12191
27.354,115.254,-75.1802,3.12133
-36.7388,37.9438,51.5168,3.12122
-44.8907,484.563,-42.6639,3.12107
50.9097,128.054,-4.9314,3.12104
-44.2152,549.554,87.0436,3.12062
6.15833,170.493,-6.24963,3.12039
-21.1897,374.238,-34.512,3.1203
50.9392,61.7172,20.3011,3.1201
-17.5111,61.6995,-87.1099,3.11985
-35.515,410.495,-93.3502,3.11977
47.8237,59.4802,53.3484,3.11973
-34.7883,401.709,-17.3656,3.11961
13.2626,259.13,94.9021,3.11951
-34.1018,309.736,36.8054,3.11951
0.74646,148.02,94.8872,3.11901
36.2754,215.535,-77.457,3.11878
-10.3162,476.565,-10.6586,3.1186
-44.9056,130.503,95.0093,3.11834
24.4763,515.832,60.8064,3.1183
-2.43701,186.431,-77.7848,3.11828
-45.0052,81.3586,33.9918,3.11823
-18.1843,274.818,10.5833,3.11823
-6.76062,473.469,-19.7368,3.1182
36.5814,162.778,-94.9277,3.11815
44.7704,290.241,-76.1165,3.11785
29.6343,170.598,32.3895,3.1176
-0.303711,331.418,-76.6576,3.11727
-44.8892,292.643,-32.5629,3.11695
-8.84985,516.286,51.723,3.11693
45.0632,193.145,-77.2767,3.11691
-31.8971,129.083,21.3276,3.11679
-44.9506,331.776,44.3447,3.11669
-44.9115,457.012,45.0168,3.11647
-12.5111,420.497,-35.0709,3.11628
3.66541,259.154,-9.24084,3.11623
44.9175,413.743,40.5667,3.11596
-35.3398,56.8414,62.4479,3.11577
4.31653,238.05,-46.4464,3.11572
1.72351,513.359,-76.9366,3.11552
1.50916,544.057,61.4183,3.11448
50.9193,5.07422,3.32422,3.11423
32.5634,305.647,-60.8186,3.11397
35.571,145.2,-38.2003,3.11372
-9.55652,111.091,34.967,3.11371
-28.5699,127.337,65.1014,3.11361
44.969,228.92,-13.6777,3.11329
31.1355,190.907,85.0497,3.11326
35.1693,282.263,-5.01611,3.11315
-12.4006,17.4799,42.0321,3.1127
-11.1235,166.446,87.7061,3.11256
-2.16016,340.682,-62.6063,3.11252
13.0227,22.2688,26.0579,3.11241
7.87927,345.74,-3.34277,3.11228
28.0988,525.617,61.3755,3.11198
-36.8981,526.475,36.38,3.11193
-6.49365,347.715,74.505,3.11193
14.3193,441.928,62.5433,3.1115
27.1337,569.578,-62.5157,3.11113
-16.0447,16.6143,78.4814,3.11083
-7.84167,390.518,-41.9034,3.11066
7.76147,199.463,22.9386,3.11065
25.536,263.608,-76.3513,3.11052
-44.9641,249.526,-38.5393,3.1104
44.894,500.777,3.18469,3.11029
44.5824,126.701,71.2438,3.11024
7.36902,117.586,-51.9918,3.11024
-27.0663,34.3459,86.9225,3.10981
7.65808,193.032,-94.9216,3.10943
-6.35767,545.836,42.1709,3.10928
-16.1077,335.097,-55.6013,3.10896
-44.895,418.831,31.3088,3.10878
-13.9534,281.993,54.2341,3.10871
-30.9001,567.311,55.361,3.10859
-12.111,439.536,-59.6602,3.10832
44.9019,310.011,28.9626,3.10797
31.1731,179.123,50.7937,3.10788
-21.088,252.991,-77.5299,3.10753
-9.89404,454.165,4.07495,3.10744
-25.295,19.9387,25.8567,3.10736
44.9216,443.877,41.3936,3.10699
44.9382,353.461,-44.1956,3.10674
-21.0137,502.587,-46.6654,3.1067
5.81458,22.8226,-86.2892,3.10665
-16.5608,256.816,-85.8322,3.10664
-36.5209,161.332,-16.7416,3.10631
-19.9479,213.291,-51.5474,3.1062
-12.2274,191.257,-79.0363,3.10613
-6.21033,571.183,42.682,3.10612
19.6979,157.034,-20.4861,3.10604
-33.1594,224.58,59.8604,3.10595
15.7134,251.313,-18.3103,3.1058
-30.3806,23.1331,34.9771,3.10512
25.549,325.307,5.422,3.10511
-31.0066,459.091,-13.6707,3.10503
28.8907,273.251,10.2919,3.10489
38.5549,96.8364,-17.7559,3.10479
36.3442,278.112,-65.0831,3.10477
-24.6267,127.317,-63.8717,3.10459
-9.69604,526.869,-29.9011,3.10456
35.9597,244.253,-36.1864,3.10454
2.28064,66.4357,75.1233,3.10433
17.176,300.721,-85.9746,3.10402
-3.75342,30.1893,5.8446,3.1039
27.4625,410.509,-2.38818,3.10389
14.5612,441.156,83.3152,3.10386
-13.8176,384.245,-47.3094,3.10376
-20.7817,322.812,47.4263,3.10367
5.80542,385.309,-44.7974,3.10363
-44.9058,481.737,29.082,3.10363
-1.77441,433.466,-94.9739,3.1034
-37.0245,65.9149,-4.05261,3.1032
-4.13916,261.669,-3.19568,3.10305
35.0315,122.012,23.2573,3.10302
25.3268,366.583,77.7651,3.10216
-44.8945,188.012,-14.5951,3.10178
32.5267,400.096,39.7891,3.10169
-9.40271,147.07,-35.5133,3.10163
36.2675,238.452,10.8859,3.10093
-29.2893,385.615,94.9313,3.10063
-39.1619,505.793,13.7247,3.10061
-37.1285,493.191,48.5195,3.10056
-26.0582,381.317,10.7091,3.10038
26.0764,540.912,31.5226,3.10021
-36.6799,62.9735,5.6377,3.10009
24.1508,4.97998,-36.2148,3.10008
44.9207,327.022,-43.2123,3.10005
-21.1284,297.364,61.2351,3.09994
17.6576,563.497,-38.4062,3.09992
-30.834,190.162,86.4004,3.09963
3.729,526.492,-11.2446,3.09961
15.1119,160.88,-87.3414,3.09939
-20.0405,166.787,73.9443,3.09934
-13.4489,131.175,-28.637,3.09914
-29.9026,362.062,-6.52429,3.09892
44.976,343.181,66.0781,3.09886
-2.23254,302.144,30.5121,3.09879
-9.37085,430.356,46.0117,3.09864
-36.6167,475.371,-82.8545,3.09744
11.0568,480.595,77.818,3.09743
-22.7201,237.806,71.7501,3.09686
-9.34473,440.533,62.4135,3.09667
-23.0399,497.418,93.7145,3.09666
-38.0874,516.534,-49.1005,3.09622
23.0817,128.351,41.9263,3.09621
30.5013,484.326,76.809,3.09606
19.4779,243.769,-7.1134,3.09592
-16.0461,205.963,-35.2976,3.09556
26.0394,430.075,87.7441,3.09545
5.52588,510.72,-61.694,3.0952
-10.4086,472.428,70.9701,3.09519
-35.0393,459.8,-73.608,3.09516
41.0447,124.319,94.9409,3.09512
2.04211,37.5603,-54.0822,3.09511
-28.4994,239.196,-46.1296,3.09507
-12.4382,225.072,3.04138,3.09501
3.78601,4.95874,-77.8358,3.0948
-20.8055,40.8628,34.1309,3.0948
-36.5842,424.851,71.7826,3.09477
-37.3408,31.3665,-20.0979,3.09468
-0.142212,550.426,-84.4971,3.09437
12.7894,385.789,10.4238,3.09429
8.93762,409.93,64.7743,3.09419
-26.6516,26.6608,95.002,3.09407
33.6864,417.293,53.9098,3.09404
44.9264,513.805,15.3275,3.09403
-34.6436,166.799,-25.0723,3.09377
-44.9258,123.018,-68.3096,3.09375
-10.0358,464.003,-47.5304,3.09329
12.468,174.098,-40.0511,3.0929
43.4601,365.343,-77.157,3.09277
44.9963,233.583,32.2456,3.0927
11.2368,450.305,-83.7439,3.09269
-42.86,12.697,-37.5112,3.09216
-21.4185,539.089,-8.30481,3.09195
-16.4894,348.526,-2.13,3.09193
35.3599,494.925,50.8693,3.09124
21.863,152.415,-45.009,3.09094
-2.02429,185.645,-0.200317,3.09088
13.4154,413.328,-57.7382,3.09081
-32.6804,396.691,-59.7236,3.09077
16.1248,373.427,0.258789,3.09074
27.4601,171.968,-53.9009,3.09052
-13.7631,141.556,42.1326,3.08992
9.05066,16.4106,38.4037,3.08975
20.1927,530.329,-71.3846,3.08951
8.3335,118.076,-85.9419,3.08945
24.573,409.361,-28.8763,3.0891
-18.4099,329.943,19.4741,3.08865
-22.118,458.512,29.9182,3.08827
-35.9838,555.487,85.9204,3.08822
17.9471,511.64,70.0563,3.08812
40.9781,415.191,-46.2491,3.08803
17.9203,499.504,-74.8834,3.08785
42.2117,573.181,-53.4237,3.08761
-20.4797,131.074,-20.8906,3.08754
4.05249,570.881,-60.8733,3.08749
-35.4757,449.811,25.0905,3.08747
24.2186,356.431,70.1367,3.0873
-6.65125,419.449,-4.43018,3.08727
-8.61389,380.295,94.9303,3.08671
-13.1279,383.097,86.256,3.08655
-33.9539,49.5591,-17.1619,3.08651
25.7777,551.69,-70.3234,3.08635
20.8113,337.558,46.0791,3.08635
-35.2821,446.957,-58.9535,3.08633
24.6105,183.383,70.6425,3.08612
-24.8412,58.5118,-70.3401,3.08607
-36.4691,136.559,-80.199,3.08605
-0.746948,93.1471,34.4879,3.08601
30.6473,166.318,-13.9464,3.08595
-0.353149,31.7201,16.3223,3.08591
-14.7218,231.297,42.4919,3.08577
20.3022,499.809,41.7097,3.08563
35.8763,173.278,61.1099,3.08549
-7.0177,81.2374,78.3574,3.08544
50.9235,4.89294,-37.5599,3.08542
50.9645,60.7378,-37.6862,3.08535
44.9222,529.934,-74.6797,3.0853
-38.261,100.092,-2.73328,3.08512
23.9164,544.186,49.2145,3.0851
-2.27551,387.642,-50.5177,3.08509
-22.311,110.607,-27.5767,3.08496
-15.4839,515.133,-92.6079,3.08487
-10.447,389.433,-87.6088,3.08471
44.9424,271.928,55.4485,3.08457
-36.2271,365.489,-84.0093,3.08449
20.9033,175.47,-76.6113,3.08443
21.7239,6.29321,-21.5134,3.08431
-37.4468,477.401,-10.7058,3.08394
-8.29333,217.76,18.9316,3.0839
-1.21851,499.199,24.8127,3.08319
5.61121,534.451,75.2137,3.08313
7.99292,154.589,-81.6196,3.08298
37.6829,59.4259,53.7166,3.08293
33.6022,24.0419,-59.5757,3.08281
3.34265,311.571,-23.1807,3.08244
-37.3757,482.804,-49.7329,3.08224
12.2756,105.998,-9.76147,3.08188
34.6978,150.231,-13.9303,3.08181
-0.151245,356.13,65.4941,3.08148
-15.3296,437.471,41.8654,3.08147
-36.8607,425.253,81.9373,3.08146
-5.7948,85.5623,-67.4437,3.08121
-22.8962,307.333,-11.4755,3.08111
13.2771,177.103,19.0754,3.08096
-45.0168,374.939,-39.7432,3.08086
-31.2511,341.931,-48.8423,3.08061
-43.5944,520.649,-94.9247,3.0806
-45.042,19.6906,12.0297,3.08042
-35.0712,434.875,72.5405,3.08031
-37.4301,196.106,-65.6631,3.0803
-7.5824,59.2454,49.1255,3.0802
29.8954,152.299,-77.4664,3.07991
-3.52112,209.074,39.0795,3.07984
-30.9359,559.914,16.778,3.0798
-44.9894,329.104,-94.9274,3.07973
44.9271,559.272,-86.674,3.07933
5.76208,227.64,76.5609,3.07888
-11.3892,536.511,-32.6864,3.07886
-36.6874,381.061,49.1313,3.07867
30.8297,100.709,-4.05847,3.07857
14.074,108.267,81.7175,3.07852
-20.4194,5.04761,-73.5714,3.07849
-25.2356,56.0812,-17.4077,3.07846
35.6024,398.201,-68.7549,3.07824
20.3521,568.802,-70.0785,3.07811
17.8845,368.797,-67.7056,3.07808
-4.47021,310.8,-55.5781,3.078
-44.9451,271.126,-25.7257,3.07782
-17.8804,139.687,-25.5587,3.07782
-18.5955,299.188,19.5804,3.07775
19.2836,526.866,-60.8368,3.07773
1.15601,47.775,-31.8566,3.07751
-1.75696,208.402,-9.30249,3.07737
-11.5016,446.695,43.7257,3.07673
-44.959,137.911,-12.2388,3.07673
-10.7167,568.214,65.3164,3.0767
-22.5948,52.9928,-88.4323,3.07624
-16.8729,335.606,-76.4851,3.0759
7.4967,471.738,12.5256,3.07584
-20.4302,488.251,-21.0778,3.07583
44.9385,295.362,84.3661,3.07572
19.8784,224.261,8.80933,3.07569
13.1234,204.203,86.3079,3.07548
-26.8535,343.399,-2.9519,3.07542
-14.2278,410.892,30.0076,3.07537
2.56335,21.8527,48.3658,3.07533
25.9989,547.217,-94.9408,3.07522
-13.1588,477.394,-59.9756,3.07521
23.8431,76.3074,3.31689,3.07467
-44.9373,502.087,-31.0393,3.07456
-34.5112,4.89893,-59.7977,3.07435
1.90857,446.295,-84.0909,3.07425
2.8042,256.783,30.9459,3.07413
44.9271,327.783,76.151,3.07387
17.0273,259.745,60.5347,3.07377
-34.5081,249.726,-94.949,3.07358
24.5944,225.117,-84.7456,3.07354
15.8245,486.665,-94.8243,3.07338
22.9053,221.744,46.8734,3.07334
16.9866,32.5308,53.0796,3.0732
-22.4061,53.4565,-36.896,3.07309
13.4786,183.828,-32.2252,3.073
11.0693,62.7448,78.6233,3.073
18.5018,224.842,94.9529,3.07297
-35.9717,132.623,60.6674,3.07277
-7.30798,294.743,95.0065,3.07254
44.9558,233.772,94.9601,3.07236
-15.8573,15.0977,-57.5032,3.07225
-30.913,74.6584,60.542,3.07216
7.46509,190.903,-28.1981,3.07199
44.9286,398.613,-93.2767,3.0717
-36.1434,264.256,95.0771,3.0714
17.3838,272.627,-16.996,3.07121
9.08057,186.822,-14.2855,3.07096
-5.93445,116.774,-63.0645,3.07091
-27.4414,300.798,-28.0142,3.07083
15.6176,104.436,72.512,3.0708
45.2201,148.419,-53.9722,3.07063
-18.1444,37.1748,-23.38,3.07041
-21.1198,9.05847,-21.0377,3.07033
-35.9279,107.266,-71.646,3.07027
-1.80994,472.274,65.5823,3.06994
30.9082,85.4458,64.3864,3.06986
37.282,570.56,-63.5648,3.0697
-19.7098,294.586,-87.274,3.06952
0.78833,62.5952,2.86182,3.06947
43.004,84.8546,-40.1022,3.06937
-34.4021,551.3,-40.2407,3.06928
-23.8043,169.986,41.6427,3.06911
-8.86719,412.247,-47.7302,3.06899
-45.0115,195.862,-92.8657,3.06887
37.0537,287.793,-62.3994,3.06882
24.2891,472.718,-94.9479,3.06868
44.9592,443.386,-50.8395,3.06845
50.9883,99.647,85.4043,3.06843
-8.82617,402.631,-62.2793,3.06736
34.868,159.062,40.7823,3.06735
-22.7758,394.493,-59.9683,3.06707
-44.9431,549.813,-82.1525,3.06703
-14.3156,213.505,85.2715,3.06693
44.9523,393.299,28.8867,3.06683
-5.41736,177.399,-28.1416,3.06678
7.2478,287.971,-70.0332,3.06672
-36.9397,481.971,65.4283,3.06658
-25.9419,310.806,-27.9194,3.06607
16.8599,542.548,-85.8875,3.06607
43.2194,63.4949,30.5492,3.06597
31.5525,135.295,-57.0326,3.06587
-23.4944,131.358,2.99011,3.0657
-44.4009,63.4528,94.7032,3.06509
19.1683,446.346,75.8948,3.065
-44.9402,508.49,5.82153,3.06498
22.816,570.079,-80.0562,3.06495
-5.1261,182.457,92.8784,3.06489
-8.00439,175.832,85.8108,3.0648
12.9664,174.454,-82.7982,3.0647
-2.5127,326.677,8.6405,3.06462
33.9275,122.968,-74.2473,3.0646
-3.89331,461.596,-65.6497,3.06426
-37.7716,552.282,-88.8593,3.06426
34.1622,119.651,-28.2289,3.06408
40.0104,103.039,73.5349,3.06404
44.9417,513.94,-41.3859,3.06384
16.975,530.136,-20.3678,3.06375
44.9769,509.272,76.5087,3.06371
-22.3138,345.975,5.69446,3.06357
10.6005,557.724,51.7217,3.06353
21.1361,275.839,93.5754,3.06343
-24.6729,366.369,-64.6257,3.06303
-18.5758,401.411,-24.7101,3.06298
-22.5312,360.56,15.2023,3.06255
29.5334,395.405,14.6974,3.06253
35.1235,463.452,-60.1498,3.06245
45.0472,278.105,4.29456,3.06198
-37.1248,296.493,-90.9393,3.0616
-0.88147,180.664,8.57007,3.06151
35.696,407.431,55.1992,3.06142
21.1615,234.009,6.38928,3.06136
18.5516,555.307,-44.8879,3.06132
-12.431,35.3694,5.82336,3.06106
-29.6759,238.238,9.16638,3.06089
-45.0471,4.97229,31.0149,3.06089
-37.1486,84.515,-10.6935,3.06061
-24.5333,31.7062,-78.264,3.06054
0.702393,561.601,-68.1979,3.06054
14.453,169.048,43.2828,3.06014
-15.0199,438.602,-12.7709,3.06014
-28.0505,182.904,-38.7369,3.05994
-22.6827,288.68,-94.9424,3.05991
17.8927,181.654,62.5542,3.0597
-9.85168,435.754,-2.65222,3.05946
31.115,461.846,-13.7421,3.0592
14.9363,538.603,-76.7637,3.05907
9.94348,501.689,94.9407,3.05899
-2.63367,117.958,-53.6519,3.05893
-27.6716,198.205,-72.7643,3.05885
-44.9691,167.482,23.4608,3.05849
17.0238,109.045,-37.7335,3.0584
42.3557,28.016,-95.0458,3.05828
-19.2631,234.489,50.9495,3.05821
50.984,30.3915,25.4233,3.05815
21.6907,347.302,66.3634,3.0581
-38.4327,367.519,32.4099,3.05778
11.3458,196.202,36.7898,3.05778
7.42847,261.46,-56.3257,3.05766
7.04358,99.1067,-2.46826,3.0575
22.1102,179.505,23.2727,3.05685
11.3135,467.116,27.369,3.05677
20.4786,483.46,-34.0967,3.05669
44.6814,225.391,-41.496,3.05642
-5.75818,537.744,48.2936,3.05632
18.6232,517.025,51.6349,3.05626
2.08997,159.932,-24.1312,3.05622
-17.0345,501.443,3.24316,3.05611
7.23962,419.471,-20.8712,3.0561
36.9806,232.833,2.56982,3.05599
-27.3331,98.1578,16.2637,3.0559
35.1052,505.432,-26.6678,3.05581
-44.9677,385.073,-21.4856,3.05575
-6.39417,552.271,-57.4156,3.0557
-28.7921,253.012,-19.2229,3.05545
-40.389,229.952,21.24,3.05544
-45.1624,229.863,54.9735,3.05496
10.0961,535.037,-86.2327,3.05485
18.8175,548.464,76.3892,3.05445
36.6211,136.987,-68.1132,3.0543
-32.4586,474.103,-51.3912,3.05425
33.5796,140.24,5.58252,3.05418
-29.751,392.248,71.0243,3.05417
42.8162,5.02466,9.4436,3.0541
-29.214,152.428,59.5093,3.05399
28.4418,383.271,-57.8279,3.0539
28.267,281.333,55.2528,3.05373
37.9915,353.856,-62.5176,3.05371
-29.5817,125.019,45.3861,3.05366
5.00281,192.612,1.77319,3.0536
-35.0281,12.3773,67.3931,3.05353
-45.0168,288.689,75.6124,3.05332
32.8668,76.6721,-20.7935,3.05328
29.72,47.2704,-79.0272,3.05289
-44.9476,543.873,-65.1108,3.05287
-44.7823,451.382,-81.6039,3.05282
44.9506,491.643,-72.6945,3.05281
-20.0233,344.434,85.5651,3.05276
-18.3073,65.7275,-67.5692,3.05276
-11.2186,147.088,-94.9532,3.05263
-45.0771,187.351,-34.4479,3.05245
-33.7584,411.62,23.713,3.05237
-7.54834,563.119,-52.9639,3.05236
-9.18518,49.3597,50.5823,3.05229
-33.8032,416.333,-84.8073,3.05223
19.0642,433.772,13.4932,3.05215
20.6631,479.314,74.8143,3.05195
-17.4077,490.262,-87.9719,3.0516
6.24597,78.1523,-46.1741,3.05155
-44.9937,256.591,7.77698,3.05096
-6.69958,126.304,16.5361,3.05094
44.9686,369.191,-32.4457,3.05094
-44.9497,525.989,87.7274,3.05088
27.6665,143.211,-12.1892,3.0508
30.105,542.741,-68.3428,3.05068
44.9857,266.453,-72.443,3.05032
31.639,226.539,-18.679,3.05029
32.8069,102.558,-45.058,3.04993
51.1146,111.904,65.5426,3.0496
27.8677,221.17,95.0247,3.04958
34.6504,149.654,8.43457,3.04951
-36.9766,120.21,74.6903,3.04942
-44.9797,467.246,0.706177,3.04923
44.9723,259.13,72.7452,3.04906
22.2139,147.136,95.0389,3.04869
8.61133,178.949,-57.9147,3.04867
-32.1869,178.229,-92.6575,3.04856
20.1609,558.64,94.9586,3.04834
32.1017,252.025,58.7946,3.04821
-45.0441,110.577,-46.623,3.04809
11.7756,400.189,-94.9565,3.04804
-33.9342,70.785,-95.0547,3.04797
7.99561,212.798,87.5696,3.04785
-23.5891,484.302,7.18762,3.04772
-13.0061,350.959,-11.2831,3.04746
-45.0177,212.137,58.2928,3.04735
45.0302,341.704,95.0448,3.04731
-45.0314,4.98486,-69.4167,3.04685
2.61792,293.59,94.9713,3.04675
-8.84961,455.483,-36.9991,3.0467
-33.7007,442.745,78.7456,3.04642
43.6472,359.755,-86.04,3.04635
-20.8242,144.149,-95.0254,3.04629
-41.7812,321.914,-51.0006,3.04607
26.7053,567.865,74.2125,3.04602
-12.4028,396.99,-8.29517,3.046
5.09351,570.327,4.51672,3.04576
12.806,99.9489,39.2412,3.04559
-28.8361,202.292,-7.82739,3.04536
-5.75452,159.718,4.51147,3.04506
45.0581,174.907,-20.3723,3.04496
44.9905,301.988,-24.8652,3.04495
35.2976,365.505,76.5558,3.04475
-9.07678,395.321,5.58081,3.04467
44.8032,285.02,94.955,3.04458
-34.1794,466.265,-38.2954,3.04453
44.9865,527.448,-30.7856,3.04444
-29.2252,138.718,-95.1365,3.04439
51.0615,40.8834,-37.9658,3.0443
-36.3297,57.3777,95.0251,3.04408
-36.8942,461.64,59.5811,3.04383
25.9866,529.319,-43.854,3.04374
17.1908,548.994,94.9591,3.04323
-27.7581,523.244,33.3816,3.0432
10.2014,140.473,-58.6993,3.04303
31.4752,107.609,76.1886,3.04298
-45.0718,273.426,-58.344,3.04284
-32.4177,257.035,34.0404,3.0427
36.7943,514.898,74.8434,3.04262
10.6232,255.295,-94.9772,3.04257
-37.3881,302.539,82.9266,3.04233
-44.9589,424.966,-37.4412,3.04219
-32.4775,294.49,-47.1852,3.04201
44.9646,538.52,-50.087,3.042
13.3986,116.239,18.5585,3.04177
-44.9602,384.869,-37.3029,3.04174
-44.9598,452.443,34.7386,3.0417
-10.6527,331.756,-24.8098,3.04157
12.333,422.022,-36.9178,3.04153
19.9581,141.403,-30.7792,3.04128
-44.9877,72.6483,8.29822,3.04111
-34.772,74.851,-41.7177,3.04102
15.5259,70.8486,74.4371,3.04093
11.438,375.083,9.07178,3.04074
9.09436,564.25,72.4954,3.04067
-34.6426,127.27,-44.0466,3.04059
-20.703,50.7739,94.9979,3.04058
-32.7502,413.168,57.2393,3.04023
-36.2604,433.701,33.1384,3.04012
-22.9586,30.8704,-61.3113,3.03972
44.9652,560.798,94.9663,3.0397
44.968,521.055,-49.3932,3.03968
-9.4906,142.429,-72.6427,3.03952
-2.84949,565.18,70.9026,3.03928
51.0402,74.7197,4.01135,3.03926
26.272,568.918,-30.6006,3.03891
24.2963,498.886,73.8816,3.03871
22.4442,138.192,-53.8334,3.0387
-22.0984,10.4653,27.4128,3.03866
-27.5675,192.224,-6.57495,3.03863
-7.85193,549.716,18.6427,3.0384
28.0245,243.804,-87.0408,3.03838
20.4207,360.371,-95.0477,3.03833
6.3457,522.113,94.9636,3.03823
-5.32007,542.949,25.8804,3.03812
-9.98535,66.4149,-13.8149,3.0381
-44.1014,114.929,-74.2524,3.03784
17.6132,508.244,94.9806,3.03765
12.071,528.995,-77.9423,3.0375
-11.5527,194.386,45.7474,3.03739
1.58069,199.226,-14.6919,3.03724
-45.0953,176.559,50.3265,3.03709
25.7357,181.465,-38.5608,3.03699
-45.188,47.7876,84.8864,3.03699
20.0774,371.131,-27.9841,3.03666
21.9011,95.2208,41.6438,3.03659
-1.14282,70.8809,-12.8969,3.03652
14.3854,21.0347,-17.473,3.03627
35.7058,258.926,-36.5426,3.03627
36.246,315.865,41.9896,3.03618
8.8678,492.269,-88.116,3.03607
44.9797,207.441,-32.9363,3.03605
-36.0405,514.849,-82.7913,3.0359
41.6034,84.6282,-68.3677,3.03572
-44.9733,455.896,-53.9136,3.03562
20.8201,66.7167,4.19995,3.03551
-7.97058,209.884,7.6488,3.03511
11.9458,483.621,94.9843,3.03511
36.2498,198.896,-52.5531,3.03499
-27.6447,129.288,12.1226,3.03491
18.8114,73.692,40.9611,3.03488
35.759,499.033,-43.1368,3.03485
-36.9945,95.7686,17.8259,3.03483
44.9836,483.186,-79.5979,3.03464
-0.427856,235.659,17.7883,3.0345
-1.422,31.201,34.5914,3.03442
16.3961,421.401,-52.4022,3.03427
-31.6744,345.925,21.2771,3.03383
-2.49561,359.873,46.6228,3.03379
-37.1909,448.212,-68.7538,3.03363
25.4847,215.789,54.4869,3.03362
-27.6155,343.581,40.0974,3.03348
38.4366,259.623,45.657,3.03344
-45.083,210.88,-28.8353,3.03274
51.0194,74.0645,-13.5813,3.03272
32.1013,405.913,-63.2737,3.03267
22.007,85.0631,-92.8104,3.03264
-37.8452,396.262,-31.4988,3.03261
-28.2673,408.136,-86.6709,3.03241
-28.566,14.5079,74.8224,3.03215
-9.62622,166.569,-85.3828,3.03215
26.4946,395.33,-77.1455,3.03204
-23.4843,302.895,42.4159,3.03187
-28.1014,193.491,48.9944,3.03127
36.3662,346.772,1.43213,3.03115
-36.4819,406.091,-57.8187,3.03102
5.06384,240.14,6.98022,3.0309
-18.5144,80.1141,-17.9203,3.03073
6.33069,207.418,40.4182,3.0307
26.7159,330.353,-95.0013,3.03064
-21.0065,74.9426,-60.9773,3.03025
-37.353,31.6312,82.6785,3.03021
-37.0634,495.323,-17.0847,3.02983
-15.1298,168.404,46.3678,3.02972
-44.9839,240.46,74.5781,3.02928
45.0176,350.377,10.2545,3.02914
-44.9794,334.679,95.0177,3.02905
44.9727,274.706,-78.1428,3.02902
-45.0967,141.925,17.9811,3.02899
2.67676,413.327,76.9532,3.02896
-44.9976,4.8158,-80.3518,3.02895
10.6956,210.037,6.86914,3.02893
-11.7362,4.93176,-48.4347,3.02876
0.048584,16.5129,-49.9186,3.02845
27.75,424.008,-23.1676,3.02835
9.7417,390,31.8711,3.02829
7.50745,274.462,84.3445,3.02822
-26.923,46.1819,-82.678,3.02802
-31.8396,193.682,11.457,3.02791
43.5349,199.929,44.0465,3.02791
-24.4178,325.242,-65.2997,3.02741
1.4032,249.129,-45.9148,3.02692
-27.8873,304.825,60.1469,3.02676
2.71594,405.69,-31.2357,3.02666
40.6833,4.88025,95.1285,3.02665
28.0691,360.482,3.28113,3.02626
-44.5568,312.228,21.9186,3.02617
35.8756,391.771,-76.5245,3.02613
31.4277,390.745,83.6814,3.02573
-34.7465,97.192,37.5374,3.02543
-26.4952,169.928,95.0114,3.02537
-10.9023,227.637,33.968,3.02533
51.0583,90.5992,13.6526,3.02528
4.13135,224.657,31.6641,3.02515
-32.5662,352.31,-6.29114,3.02508
-26.3508,354.804,-77.7982,3.02503
-0.76062,530.286,67.3073,3.02494
25.718,194.028,-67.8173,3.02456
-43.9103,265.859,11.4868,3.02437
-21.4579,244.546,-41.2233,3.02416
-8.58057,467.964,2.65857,3.02381
-36.3721,328.908,10.6276,3.02345
1.52295,502.849,-17.619,3.0234
-29.5802,387.345,-61.9845,3.02322
1.30396,164.697,55.7499,3.02311
-8.9054,360.529,-66.8345,3.02244
22.8573,482.623,-20.3199,3.02239
-42.7795,12.7374,60.9951,3.02236
-38.938,556.265,-77.2574,3.02222
-4.7843,470.354,37.5691,3.02216
-22.9628,349.444,46.7438,3.02203
-6.81946,304.241,-10.2513,3.02179
45.0212,280.462,-95.0388,3.02151
45.0199,253.063,-55.8593,3.02126
18.1487,128.198,94.5491,3.02114
18.2157,492.802,49.1268,3.02099
-28.627,332.846,-44.7483,3.0207
-19.1829,309.5,61.7128,3.02036
0.57312,268.097,-17.1187,3.02034
10.1407,98.47,29.6841,3.02022
-17.8385,222.372,38.9307,3.02022
-36.8864,543.761,-17.7023,3.02015
24.7058,71.5432,-25.8295,3.01975
35.9127,370.276,-58.1758,3.01968
-15.6196,180.983,-5.70667,3.01947
25.1827,367.595,9.74866,3.01945
-44.9856,498.41,6.0304,3.0194
40.2302,506.985,-3.29822,3.01928
-37.8619,52.1854,79.5223,3.01928
-26.1189,174.38,50.686,3.01921
-13.3229,258.905,-0.0465088,3.0191
-15.0841,559.279,-86.2261,3.01842
-20.3733,457.876,68.7264,3.01823
-0.29187,246.06,-63.3405,3.01814
-35.0099,159.349,-67.9756,3.01808
-32.4119,100.073,-55.0581,3.01804
12.4436,339.328,-35.7037,3.01797
1.12549,57.4802,38.803,3.01781
-27.0328,40.8577,68.1624,3.01726
-14.3958,237.479,-41.9833,3.01723
36.8855,127.526,86.3354,3.01716
25.2183,428.233,-66.0854,3.01694
44.9871,444.482,-77.7474,3.01678
-44.9885,495.897,42.7627,3.01675
51.0088,143.527,-94.9835,3.01671
-8.13403,295.993,75.4806,3.01668
-20.9078,160.64,39.4749,3.0164
-35.942,117.768,-21.1378,3.0162
-19.4224,104.585,57.359,3.01617
45.014,233.565,-4.70508,3.01579
-33.949,271.487,-58.4133,3.01575
45.0287,344.28,-95.0056,3.01575
-31.0344,360.875,30.9736,3.01551
-35.5221,80.5261,95.0836,3.01543
34.9999,310.568,-9.97241,3.01539
-8.49023,111.603,-73.6616,3.01522
29.0299,92.859,51.598,3.01514
-12.3009,433.679,-78.3933,3.015
-40.0168,153.522,87.45,3.01496
-25.6873,529.636,78.8988,3.01486
-26.4844,58.9141,94.9973,3.01482
12.4353,380.798,57.3153,3.01481
40.1296,312.427,-26.8558,3.01475
-14.1056,306.043,41.0911,3.01465
-34.1171,47.6161,19.0931,3.0146
-10.1285,271.964,-94.9917,3.01452
10.0123,483.896,-69.2072,3.01439
44.9911,473.831,88.2086,3.01433
32.5483,96.2985,73.4639,3.01415
6.55115,26.0901,37.6974,3.01404
-40.4622,497.793,26.9298,3.01376
-7.24841,468.376,58.0416,3.01374
11.3162,229.542,-10.9222,3.01356
12.2526,428.778,-6.07007,3.0135
-44.9883,5.01013,94.9852,3.01336
-34.8619,169.492,50.6294,3.01315
-25.3475,264.135,33.4686,3.01311
-31.8221,38.5927,-78.5936,3.01288
-9.29565,463.73,21.4604,3.01284
30.74,90.5586,28.4578,3.01283
-24.2445,437.853,-17.2155,3.01267
-26.4479,502.055,65.1903,3.01241
32.6483,115.268,56.5793,3.01205
4.27417,497.899,-95.0327,3.01176
-36.4155,414.236,-63.6462,3.01156
19.661,352.311,86.1538,3.01152
10.8749,149.298,84.0225,3.01141
-28.6583,413.273,78.2351,3.01135
40.9805,79.6667,61.6558,3.01127
5.62012,473.619,22.2161,3.01121
30.6798,540.636,86.9888,3.01118
-42.6289,134.375,-54.8441,3.01117
-15.2493,357.029,76.3489,3.0103
-10.6564,448.78,56.6741,3.01005
36.7223,232.868,37.8171,3.00999
-2.9425,449.901,-16.9473,3.00979
-14.0082,146.565,2.45276,3.00963
7.16309,289.155,17.4281,3.00959
-10.4537,255.751,59.468,3.00926
-4.21289,209.53,-79.281,3.00914
25.0953,496.161,-57.2324,3.00903
18.0844,477.437,84.3525,3.00891
-20.8871,386.909,-69.6522,3.00878
3.53174,544.375,-41.2236,3.00858
36.1855,289.118,73.7491,3.00842
-13.86,4.92017,84.1257,3.00812
-14.2987,397.621,-32.9883,3.00774
-12.0537,125.441,-6.24866,3.00754
-16.022,308.454,22.491,3.00728
41.4473,94.5907,-67.3966,3.00712
-24.9905,145.239,53.8881,3.007
16.0072,194.333,-54.0924,3.00674
22.3662,426.093,6.17371,3.00673
-37.6929,200.943,-46.347,3.00667
28.7235,196.898,-32.6704,3.00634
44.1362,322.172,-68.6415,3.00616
-13.1986,421.676,95.0159,3.00608
14.8223,372.739,-51.3466,3.00606
51.0234,77.5909,76.5486,3.00596
12.7054,547.15,-44.1123,3.00587
34.2067,331.609,59.3734,3.00577
-36.7688,256.101,24.8567,3.00576
-18.7491,345.908,32.7511,3.00571
12.1302,313.966,8.90527,3.00563
-0.519165,378.613,-69.3319,3.00554
45.053,284.428,-49.9844,3.00527
-45.1156,185.874,46.6091,3.00505
2.375,442.626,-21.2734,3.00497
-38.2305,251.548,-45.7308,3.0049
44.7212,371.676,95.0227,3.0049
-1.45776,4.84778,-87.0253,3.00477
4.79395,402.202,-10.4651,3.00477
-44.3954,90.0547,-71.2853,3.00461
-45.105,85.1051,95.0894,3.00453
-29.7684,349.449,55.9788,3.00437
19.3795,501.028,-27.7357,3.00421
31.5531,92.6608,-23.6931,3.00407
-25.4178,456.325,52.0242,3.00398
-11.4132,447.966,-12.0046,3.00386
16.3784,307.08,67.8596,3.00345
-36.3359,431.873,-35.7969,3.00309
34.3934,553.604,-39.8071,3.00289
34.6403,41.2727,-47.3242,3.00225
-45.0801,43.7345,-51.4584,3.00224
-14.9664,471.614,-51.9344,3.00186
3.922,554.084,-28.7861,3.00173
45.0001,572.282,-11.3898,3.00143
-37.6001,49.7046,36.2312,3.00137
51.0311,90.9978,95.0116,3.00104
12.8057,44.8252,39.4999,3.00075
9.89148,53.6608,-47.0533,3.00049
20.0876,297.545,60.0314,3.00034
-28.1738,227.839,-41.9745,3.00024
-15.7399,505.11,-34.5901,3.00015
-24.7505,109.958,-95.0767,3.00009
-45.0256,458.501,13.01,2.99982
-19.7488,154.692,57.1284,2.99971
-15.4481,227.85,-71.3743,2.99966
51.0962,70.3114,-22.8585,2.99923
-37.9756,293.346,22.6661,2.99914
44.916,481.71,0.0032959,2.99902
-8.35596,364.739,65.2164,2.99885
-17.2917,96.7015,45.1331,2.99883
-17.0115,158.801,48.4701,2.99867
-35.6041,548.34,31.9904,2.99858
-10.521,103.193,41.0687,2.99848
4.41357,79.0302,-12.7295,2.99844
1.8335,190.706,-19.8907,2.99837
45.0024,370.696,-14.1785,2.99823
-27.8684,35.6586,-25.1649,2.99814
-18.4921,190.42,-29.9055,2.99812
21.1584,489.919,40.0015,2.99809
-21.0215,318.189,-32.5891,2.99766
-35.9521,401.851,-39.5868,2.99762
4.37805,327.453,75.7468,2.9975
-37.4663,78.6324,39.9756,2.99746
-19.8065,252.269,59.3629,2.99683
14.8843,530.924,-95.0042,2.99677
34.3135,458.68,-95.0538,2.99676
-29.2654,169.578,23.8679,2.99657
-17.2908,532.678,-39.8845,2.99644
-45.0502,293.213,-81.7949,2.99644
-35.8494,123.914,-29.5143,2.99631
-37.4124,549.896,95.0066,2.99622
-6.97156,291.896,8.04553,2.99618
27.7424,491.161,-84.8547,2.99586
-14.764,484.43,-28.5784,2.99581
-2.95715,28.4956,55.5042,2.99581
45.0331,303.424,-54.4824,2.99571
-45.052,392.711,38.0272,2.99564
8.01172,374.424,22.512,2.99563
51.1051,102.65,57.8773,2.9955
23.0618,571.867,47.9374,2.99528
31.9628,395.133,66.906,2.99525
-18.705,13.9922,-95.0109,2.99489
51.1025,62.2681,-95.0978,2.99477
-13.6106,213.667,59.9305,2.99473
27.1471,392.609,58.3552,2.99473
33.0811,268.877,-62.9199,2.99461
-26.9536,355.587,-93.2087,2.9944
16.5063,231.49,87.6904,2.99394
-45.0105,441.956,-69.618,2.99363
-36.3878,188.268,-9.16626,2.99327
45.0105,377.463,-95.0376,2.99318
43.0364,185.941,19.6779,2.99298
-33.1523,121.46,-2.32874,2.99293
7.27844,72.8138,56.283,2.99277
22.9442,416.425,55.4728,2.99275
21.2638,570.268,16.645,2.99275
-45.0186,549.61,69.4557,2.99269
-24.3466,319.445,86.7068,2.99262
-34.0293,284.763,40.4119,2.99261
36.4672,524.83,23.3799,2.99247
25.7441,242.783,95.0483,2.99236
-6.48975,183.606,35.507,2.99232
-13.6584,218.244,95.014,2.99226
1.45862,540.391,-19.8304,2.99203
29.9688,306.249,-31.7965,2.99198
-6.39868,60.85,21.3662,2.99176
20.6398,149.471,85.4907,2.99173
-27.8326,241.34,-15.8225,2.99163
30.4948,472.832,-86.4858,2.9916
22.8993,508.454,-13.1818,2.9915
-27.9661,247.853,-83.2107,2.99139
-3.58508,307.487,61.0784,2.99135
-45.0869,314.095,47.8182,2.99124
-29.1187,195.619,20.8533,2.99123
-14.4635,287.645,-28.9771,2.99113
0.316162,551.505,12.2794,2.99098
17.9885,413.828,-35.8981,2.99076
-21.5093,220.985,2.07922,2.99076
-38.8954,299.951,53.9712,2.99062
14.3398,406.711,36.5254,2.99058
-24.4077,413.219,-65.433,2.9903
-3.4917,240.194,-86.4175,2.99015
32.9023,171.834,5.81055,2.98992
-19.6752,533.746,86.1406,2.98986
-19.5037,433.206,28.8591,2.9898
13.7865,185.342,24.7426,2.98952
-45.0879,84.6947,53.5686,2.98952
-3.19238,450.045,48.4685,2.98886
-16.2902,292.128,-38.4722,2.98874
-16.507,60.1146,-75.6393,2.98864
45.0459,233.752,12.3298,2.98856
7.86768,378.157,73.7125,2.98847
-44.5614,531.97,40.7826,2.9883
33.9894,357.841,91.3209,2.98802
1.05554,451.624,-53.595,2.98766
5.99329,158.511,-90.9219,2.98765
36.3044,20.4364,-39.8131,2.98741
42.415,36.616,17.2498,2.9874
2.94507,297.771,8.21533,2.98737
-21.9166,306.729,-45.4125,2.98737
1.83679,138.182,-87.1344,2.98731
16.5574,119.802,-28.9818,2.98681
20.106,368.773,-18.2419,2.9868
36.5266,540.597,-83.7362,2.98677
-17.7905,377.519,19.8539,2.98671
35.5205,452.993,30.4216,2.98669
26.0365,341.736,-6.37097,2.98643
45.0543,459.444,-25.2195,2.98588
-30.9882,329.389,-25.514,2.98588
8.75452,285.016,-40.985,2.98577
-25.8014,305.237,23.1394,2.98516
51.0701,14.3101,-95.1704,2.98515
-37.0088,341.599,-59.4806,2.98506
36.7321,449.454,39.6403,2.98506
8.005,393.751,66.5256,2.98504
-18.2349,465.745,-59.325,2.98466
-23.9948,479.579,83.6295,2.98459
-45.0515,278.764,-95.0223,2.9845
-5.61084,411.17,82.8011,2.98449
11.9462,440.88,31.2546,2.98444
7.71643,335.026,48.3007,2.98438
-36.113,312.62,81.0862,2.98433
-10.7887,502.809,-46.2416,2.98426
-15.1453,4.86963,7.96875,2.98421
36.4692,486.808,35.1116,2.98414
14.3938,317.5,52.007,2.9841
-30.0177,264.161,1.76343,2.98409
34.7078,512.017,-35.2421,2.98398
-38.0366,126.236,-95.0432,2.98377
36.6609,273.861,-93.1614,2.98368
-23.7969,163.5,-95.0475,2.98319
-10.1222,429.8,-29.5001,2.98294
15.5598,38.9117,-90.0162,2.98292
-26.6372,91.0802,-60.9818,2.98287
11.0815,174.329,-30.1409,2.98285
3.34827,302.319,-19.2932,2.98273
45.0222,540.04,54.8821,2.98253
36.4615,465.821,-45.6843,2.98244
38.1212,142.434,95.0569,2.9823
-22.4674,19.6134,-20.4454,2.98211
-16.0798,344.874,-68.3651,2.98194
45.03,430.956,7.55737,2.98168
23.8538,106.455,84.5039,2.98163
-4.36353,371.203,95.0197,2.98145
-15.4879,20.2006,-85.9752,2.98141
-4.66052,364.594,-85.0525,2.98137
12.38,119.196,-2.51318,2.98134
24.8805,476.723,-28.1259,2.98128
-39.3606,450.153,-26.635,2.98126
0.189819,213.068,-44.9399,2.98124
-34.5872,176.78,95.0421,2.98121
-3.39832,409.615,-77.8798,2.98108
14.4514,156.738,-50.9534,2.9809
45.0262,470.096,-95.0426,2.98068
35.3569,75.6412,54.0809,2.98061
13.4835,415.978,-68.4034,2.98056
1.43005,141.615,68.6371,2.98011
15.5308,420.666,27.842,2.98002
-14.9326,513.071,18.123,2.97965
-45.0284,473.807,-77.0605,2.97959
2.13867,111.565,-24.8652,2.97947
35.1333,509.949,-83.2979,2.97942
14.213,102.426,59.0485,2.97941
-28.8339,384.368,-21.637,2.97939
8.79834,405.695,73.9808,2.97939
45.0823,231.809,79.7937,2.97919
-23.4105,55.3359,-27.1646,2.97918
17.137,199.228,78.5597,2.97887
-22.5472,174.282,-38.4781,2.97881
-45.0367,191.144,-69.9452,2.97835
7.73718,37.6578,33.2079,2.97834
-9.68689,479.096,-42.541,2.97831
51.0237,55.6514,38.3682,2.9782
43.437,523.472,49.0553,2.97818
51.1432,14.0865,-33.7827,2.97813
12.9829,4.88757,17.3892,2.97807
2.48657,171.151,-56.4735,2.97804
39.5944,108.203,55.6598,2.97796
-28.9844,411.313,48.0424,2.97773
-29.8234,271.763,-28.4792,2.97735
45.0322,510.499,5.82117,2.9773
-3.69177,401.776,95.0442,2.97715
29.2075,241.746,74.9044,2.9769
-18.976,456.51,42.3748,2.97688
-45.0439,360.869,-85.3164,2.97629
7.75586,467.22,-5.70508,2.97614
37.7262,162.158,-40.7703,2.97612
-4.86633,542.639,-12.4608,2.97595
45.1089,331.661,-73.6915,2.97578
-22.3801,195.373,85.047,2.97552
23.9735,73.2219,-44.1704,2.97523
-28.2209,257.401,19.6201,2.97514
-8.2146,56.8723,-53.2026,2.97505
-44.64,544.596,33.9429,2.97492
25.4288,92.5825,-31.5718,2.97491
12.5132,418.901,-95.0325,2.97487
-28.6115,568.521,95.0287,2.97438
34.3737,222.357,87.527,2.97416
18.2462,403.675,-74.4264,2.97397
-22.3887,515.852,28.9191,2.97384
45.0925,184.993,-6.99768,2.97309
-0.383911,283.386,34.4062,2.97308
-20.2472,521.041,20.7153,2.973
-27.317,416.098,-95.0325,2.97294
-32.3049,330.412,-35.309,2.97255
-27.453,453.536,-75.7454,2.97246
6.40845,222.033,-81.5604,2.97227
-25.6989,545.336,18.5312,2.97221
21.7023,78.0458,-18.8857,2.97217
9.04407,36.0592,-47.1113,2.97199
4.50586,389.674,-60.4691,2.97195
45.0369,490.328,-18.3743,2.97159
34.4357,4.82458,-73.2335,2.9715
-23.5559,508.95,-95.0487,2.97148
15.8401,23.2178,35.537,2.97113
-30.8658,83.5259,5.85864,2.97083
-2.83447,23.0277,-65.5144,2.97074
0.270142,435.807,60.2659,2.97072
24.2235,215.766,74.7461,2.97064
16.9097,270.752,35.521,2.97023
45.0345,407.732,-62.1487,2.9702
-36.1774,451.485,-45.6418,2.97006
-17.2184,394.2,-41.8901,2.96992
9.30713,225.48,54.14,2.96989
-45.0376,476.979,55.8295,2.96989
33.8484,215.681,-21.4791,2.96986
5.21606,514.935,42.649,2.96985
40.5265,94.1458,-43.7352,2.96984
-36.5873,182.201,-16.983,2.96983
-23.0742,190.326,14.6708,2.96967
29.6133,313.442,-88.4543,2.96966
-24.4865,68.6807,-85.7715,2.96928
20.6578,301.358,-47.2908,2.96887
4.60681,511.377,-21.782,2.96871
17.8821,138.166,95.0844,2.9687
13.702,75.7098,-11.5583,2.96859
0.292358,309.804,-65.1798,2.96855
-45.1362,317.293,-16.8636,2.96853
6.52856,365.079,44.157,2.9685
-12.5175,93.0614,95.0366,2.96844
-26.2491,33.3475,2.66321,2.96827
-19.4244,202.376,38.4913,2.96808
-45.0737,314.217,95.1024,2.96804
51.1495,71.3799,47.3383,2.96785
-28.0558,321.037,-95.0682,2.96675
-15.1298,446.935,24.5714,2.96673
-0.663208,292.402,-51.7787,2.96666
-14.4802,88.2427,65.5258,2.96658
28.7902,560.794,39.2676,2.9664
-45.0438,531.164,-75.3765,2.96618
-4.54285,287.049,-28.5326,2.96617
-45.0552,54.5206,52.5244,2.96601
45.0485,254.656,63.8713,2.96569
1.41089,137.042,-37.3331,2.96549
-45.0039,391.099,-1.09656,2.96534
31.7993,41.4901,-37.79,2.96519
-35.1105,564.3,39.7013,2.96502
31.3075,445.028,76.0903,2.96502
-9.71594,121.07,34.7958,2.96498
-25.6462,426.372,55.8804,2.96497
-8.33728,38.1071,85.4269,2.96481
-45.0609,259.408,76.4392,2.96425
36.0122,203.338,-34.5812,2.96417
-14.7677,406.798,67.0679,2.96416
2.28113,208.27,-87.3893,2.96408
23.4752,119.98,-5.38367,2.96388
-0.252441,203.475,10.411,2.96334
7.23938,449.994,25.7131,2.96316
-25.6105,348.995,-85.881,2.9623
-29.2906,185.951,-60.4032,2.96223
17.3994,268.663,56.0126,2.96173
-45.0543,155.827,-33.3834,2.9615
-31.3685,454.588,-53.7561,2.96149
36.871,514.778,35.0853,2.96148
17.8738,225.144,-28.1295,2.96107
-11.4554,537.264,-46.5221,2.96088
-6.20129,410.117,-36.7135,2.96051
37.1885,347.207,-45.2626,2.96042
-37.8921,474.021,-1.24731,2.96038
-27.8422,548.171,73.0913,2.96025
36.9009,243.957,-13.0958,2.9602
1.5752,304.113,42.8077,2.95995
-28.7051,88.3057,61.1597,2.95986
39.7673,85.4753,-78.1321,2.95974
-10.4673,234.56,5.37854,2.95964
32.1493,496.927,-95.064,2.95956
33.1182,117.469,95.0564,2.95925
19.4972,471.607,-47.3462,2.95913
-11.0471,375.184,0.943848,2.95902
-2.02759,199.992,-95.066,2.95887
-45.0784,327.151,21.3363,2.95854
-2.36462,213.329,-95.0767,2.95831
3.74451,243.997,72.2219,2.95827
-8.4668,259.795,37.0823,2.95827
-3.16187,460.578,-54.0001,2.95815
-19.5262,239.083,59.7671,2.95812
36.688,425.212,-95.0226,2.95811
45.1467,242.828,-95.0996,2.95806
38.4403,57.5741,-35.5312,2.95756
29.6699,146.737,-50.1735,2.95746
27.9221,361.903,25.4565,2.95715
-45.0885,197.443,47.1315,2.95691
10.5626,178.074,41.6445,2.95688
9.43091,457.44,40.4026,2.95643
-12.618,420.422,-23.0292,2.95641
2.26941,111.737,-95.1108,2.95634
-44.9393,250.506,68.0909,2.95634
24.1528,100.852,76.3148,2.9562
-41.7916,382.544,81.2975,2.95618
6.82581,246.231,53.3032,2.95611
-0.00134277,63.4176,12.7327,2.95602
-33.105,150.554,-43.8417,2.95597
-37.1733,54.0577,-3.88477,2.95593
-45.0892,184.424,56.4489,2.95569
51.1589,33.1505,95.1636,2.95563
-8.79175,265.623,63.292,2.95533
-35.6216,147.448,8.23438,2.95513
14.2003,497.029,-95.0675,2.95507
-34.9647,65.0641,77.2448,2.95505
-45.2123,120.484,95.0568,2.95462
-19.4686,354.374,84.947,2.95447
41.8176,13.9158,-85.4044,2.95442
-12.7603,68.1261,23.5546,2.95422
-23.7753,197.027,-14.9374,2.95401
-29.2554,298.761,87.0897,2.95382
10.8574,355.289,-4.04102,2.95346
-45.0983,504.116,83.9197,2.95337
22.1442,408.514,-19.1794,2.95319
-45.0684,228.492,-15.0323,2.9531
-34.7168,52.986,45.1595,2.95272
-17.6843,495.664,39.7562,2.95267
-23.5432,499.579,-4.9552,2.95262
24.939,194.862,-79.9717,2.95258
45.0493,480.87,26.2565,2.95248
-45.0497,341.139,-89.9471,2.95247
14.673,289.453,-76.4956,2.95245
-28.2059,555.457,95.0508,2.95168
-17.985,493.19,49.3292,2.95132
-19.8934,513.779,-83.6993,2.95125
35.326,541.155,-49.9656,2.95121
2.70117,34.0443,-12.0957,2.9512
9.3844,319.563,81.2629,2.95114
34.249,536.557,35.4296,2.95102
-13.0348,413.869,-75.8949,2.95074
22.6479,548.658,-38.6226,2.95053
-10.6589,405.011,3.78979,2.95043
-35.6986,492.945,19.6549,2.95013
-45.0775,83.797,43.7053,2.9501
-23.1765,342.345,53.7124,2.94981
-0.94458,564.206,37.713,2.94942
21.0684,377.183,44.1921,2.94931
-16.5879,151.087,-41.2809,2.94902
-19.5651,122.863,77.9319,2.94884
-37.6172,265.227,19.192,2.9488
-22.045,44.2812,-52.3148,2.94867
31.3499,72.8793,-95.1803,2.94864
45.0955,408.445,-95.062,2.94837
-22.8457,456.037,-58.5769,2.94828
0.660034,294.708,-25.0427,2.94815
-9.07654,329.792,-50.8762,2.94805
-20.6517,295.649,71.1116,2.94805
-9.28088,150.335,80.7799,2.94801
34.1036,547.907,-77.4634,2.94786
-6.70117,254.164,-83.554,2.94782
-3.28015,486.396,-48.9336,2.94773
-18.5919,510.698,91.144,2.94752
45.0691,363.783,-95.0734,2.94749
-30.2349,4.93213,-21.4561,2.94727
35.4478,171.03,87.351,2.94726
37.3256,494.71,41.0511,2.94679
-27.6154,567.006,-10.6895,2.94672
-6.87158,463.724,66.8329,2.94661
-45.0679,135.937,44.6093,2.94653
-31.3842,395.975,30.5427,2.94651
8.45532,164.447,-13.8396,2.94639
-32.717,479.235,-74.4442,2.94638
-33.0492,202.873,26.2961,2.94631
-18.6692,109.287,75.163,2.94625
-36.821,206.622,59.3912,2.94617
37.1416,223.264,-26.6965,2.94604
-29.7085,300.924,34.9518,2.94601
32.5652,40.5011,59.1523,2.94591
-33.2961,499.436,-3.30249,2.94585
5.67871,559.158,-8.99084,2.94571
18.2328,92.8322,28.3989,2.9457
-6.68079,9.68262,-55.4736,2.94569
-13.0624,429.324,-9.59741,2.94541
-21.1511,386.962,-53.5878,2.94534
6.29272,405.499,-49.1656,2.94503
33.6538,32.125,-53.7866,2.94482
-18.6743,107.448,10.0912,2.94455
-23.8192,244.348,92.2372,2.94446
-37.2981,202.842,86.7424,2.94426
-14.0607,125.689,-95.1029,2.94425
16.4978,331.147,4.75525,2.94411
-8.84033,232.244,21.6992,2.94403
-29.2803,493.364,-23.7271,2.944
-0.57666,327.861,-46.118,2.94399
-45.1218,406.701,95.0701,2.94395
-36.076,191.45,2.7489,2.94378
-10.6466,249.381,-0.966675,2.94373
-45.1069,443.091,-31.4062,2.94368
38.3856,50.9025,-95.1362,2.94332
-37.2252,89.7561,9.91919,2.94319
-5.16113,128.336,-40.8988,2.94307
-6.42615,164.232,-27.1024,2.94306
38.5092,277.659,-46.3558,2.94298
-22.7733,323.796,-80.3091,2.94295
-45.1182,71.2375,-6.49768,2.94281
-13.6622,39.3959,-4.08203,2.94245
-17.4617,384.958,95.0828,2.94204
-27.6166,255.805,54.4799,2.94202
-11.6238,41.6266,-77.4218,2.94187
30.7367,223.911,-76.9375,2.94185
-45.0717,408.463,34.4507,2.94169
-45.1184,32.8319,-66.9318,2.94153
51.0859,17.9124,-51.2391,2.94095
-22.6974,349.195,-9.95007,2.94087
-45.0645,403.08,-43.4025,2.94067
12.2521,117.728,-95.115,2.94066
-21.9589,264.581,51.9604,2.94044
18.3168,65.7371,-87.4651,2.94018
30.9135,570.443,40,2.94013
15.3949,183.412,74.427,2.94001
6.20557,72.041,-19.4889,2.93986
51.1639,23.3052,95.0964,2.93979
-23.0153,69.2117,63.1345,2.93979
33.9237,114.066,29.1082,2.9397
-40.3826,317.44,-64.5416,2.93961
6.80981,223.525,-18.4543,2.9396
28.3344,518.778,-56.7527,2.93952
36.0892,33.257,-33.7371,2.93941
-7.79272,331.963,61.1345,2.93919
-15.6993,568.624,5.80896,2.93918
-15.2916,327.826,30.0304,2.93912
-3.93506,431.515,-44.818,2.9381
-5.02234,307.635,-19.4066,2.93783
4.82556,444.917,66.5437,2.93765
-45.0824,419.921,73.7393,2.93759
-29.2917,81.2982,-95.0984,2.93742
25.6426,65.4082,-80.9542,2.93716
22.9928,30.2854,-75.7267,2.93699
-7.24548,414.253,48.1555,2.93698
36.4877,13.5552,30.0183,2.93689
10.3606,367.216,15.8269,2.93677
-26.5538,130.973,35.5598,2.93672
-2.87988,323.235,-70.6489,2.93652
21.5411,190.379,-37.3188,2.93647
27.2206,272.92,86.2103,2.93645
-35.5642,226.556,42.3577,2.9362
28.7491,81.6915,78.4178,2.93604
40.4454,286.61,85.9911,2.93583
27.2097,488.374,-95.0999,2.93582
-16.3273,237.054,-32.2443,2.93581
-2.08521,480.728,-14.6093,2.93542
-12.1044,506.938,-82.8798,2.93526
-43.5566,147.456,75.0869,2.93505
51.1637,52.8971,-9.54932,2.93491
26.4889,566.36,95.0718,2.93491
36.2208,346.46,-74.218,2.93484
38.8348,220.93,-14.7208,2.93474
45.0908,401.238,-69.5967,2.93435
16.6044,468.963,61.4781,2.93427
-9.72302,490.75,63.3612,2.93387
-45.077,492.043,33.5942,2.93368
-37.1605,555.667,69.6321,2.93362
3.49292,161.977,31.4034,2.93354
35.4052,194.374,-25.5249,2.9335
-1.88953,253.988,95.1671,2.93349
32.3335,113.107,-35.5372,2.93333
36.4423,495.139,-57.7261,2.93314
9.30237,515.524,33.6472,2.9331
-5.36987,508.471,28.1287,2.93253
-31.2864,525.445,-95.0833,2.93217
33.2375,193.017,2.10681,2.93199
15.2045,162.397,3.13672,2.93176
-39.3058,277.014,-31.4653,2.93167
18.988,208.756,1.66492,2.93154
36.2761,447.897,-16.5804,2.93152
13.4109,22.3939,45.0503,2.93136
-19.5444,566.587,-5.00903,2.93135
-17.4777,122.922,2.15271,2.93109
-45.0673,394.728,21.1406,2.93095
12.3707,288.281,-95.1481,2.93078
-8.52698,280.175,46.014,2.93069
24.7773,397.277,-14.9171,2.93068
-42.5956,258.578,-3.62781,2.93063
-17.6172,332.367,-95.1198,2.93044
-29.6416,215.435,1.54565,2.93037
-29.4525,121.115,6.83667,2.9303
-45.0736,406.13,-52.7861,2.93028
-19.3925,84.6035,-62.2865,2.92995
35.5394,158.532,-8.40918,2.92989
17.0365,565.173,43.7725,2.92971
-27.4303,356.535,-14.4734,2.9296
16.0131,253.471,73.8585,2.92947
28.9003,133.884,-47.5908,2.92926
9.53821,123.267,95.0649,2.92917
-16.6753,118.596,49.7368,2.92913
45.073,500.219,-18.6189,2.92899
45.2603,210.43,58.7506,2.92884
17.0806,292.207,-46.2031,2.9287
-45.074,507.676,-45.1838,2.92845
-5.93176,228.177,-21.3669,2.92837
25.2289,32.1025,-20.689,2.92808
-45.1124,297.013,11.1072,2.92793
-18.5455,537.743,29.0111,2.92789
-24.0681,204.631,22.7107,2.9277
10.5164,565.983,93.2407,2.92769
30.8636,176.9,-31.3884,2.92768
-32.7516,152.316,-18.7958,2.92762
26.4299,198.211,-53.4231,2.9276
-13.0244,368.443,-5.98376,2.9276
45.1764,211.089,76.9734,2.92756
-45.0906,433.636,-52.5551,2.92756
-43.4362,181.83,-42.5839,2.92749
33.0347,72.8907,23.8171,2.92749
26.3662,511.497,12.2594,2.92739
51.2368,4.64539,-95.217,2.92736
9.47156,542.311,-10.3975,2.92732
-37.3127,37.6135,-70.4496,2.9273
-17.0492,52.422,33.0126,2.92709
-19.6412,415.48,-57.049,2.9268
5.20166,46.9193,-52.5842,2.92675
-26.9634,289.736,75.8197,2.92663
11.3337,214.667,15.6287,2.92643
-45.1451,394.804,-38.0577,2.92641
-37.3628,4.86548,-28.2754,2.92632
20.709,519.017,-32.1387,2.926
10.5743,331.229,-54.2195,2.92589
-45.0764,561.924,-49.9027,2.92581
13.6283,367.584,66.5281,2.92546
-45.1254,143.286,27.8274,2.92542
45.0748,534.565,-37.7659,2.92516
14.2684,184.223,-22.337,2.92503
28.3839,497.149,-26.1898,2.92486
-45.0958,43.6096,56.3525,2.9248
-1.1272,48.5457,-95.2069,2.92471
-6.83643,403.714,-52.563,2.92469
1.10144,408.755,19.7799,2.92462
36.4833,431.87,-43.8497,2.92455
15.8123,534.603,42.0911,2.92455
-23.6495,506.825,8.40466,2.92438
-11.7152,164.043,38.1553,2.92437
-6.13245,543.808,95.0851,2.92424
12.2225,268.952,-78.8232,2.92419
29.5945,325.962,26.1207,2.92393
45.0789,571.024,37.3962,2.92368
37.8223,438.249,73.1356,2.92352
-14.8016,109.726,87.4829,2.92347
43.1871,17.9347,14.1597,2.92344
-45.0847,389.987,75.7247,2.9233
36.6115,267.629,-85.4673,2.92324
-24.9364,518.393,-92.4604,2.92316
-28.7648,137.129,-3.19812,2.92299
34.6207,349.501,86.0292,2.9227
45.1908,157.805,-95.1565,2.92265
16.1423,275.263,13.0325,2.92241
-18.2749,321.883,-95.0991,2.92236
45.0891,181.772,95.1385,2.92232
33.6282,94.806,95.1626,2.92222
51.2169,55.1848,61.7294,2.92221
-23.504,215.903,-87.9467,2.92215
45.0934,434.728,-10.3586,2.92214
32.8295,194.42,-60.9407,2.92203
-27.7748,340.593,80.681,2.92188
22.0596,288.979,19.7688,2.9218
-45.1744,145.778,-6.13696,2.92163
-27.7533,163.317,-55.5928,2.92145
42.0775,334.938,-11.9324,2.92126
51.0413,48.7255,13.3735,2.92119
28.8615,472.33,95.0803,2.92111
-30.2788,390.184,-51.7771,2.92089
-45.1085,115.643,71.2369,2.92071
-36.8567,248.571,31.3252,2.9207
-6.13245,533.681,-95.0852,2.92042
21.9805,275.354,50.4692,2.92042
21.8301,365.609,-3.06482,2.92034
-33.2391,216.049,45.2557,2.92032
-24.0682,327.881,-89.233,2.92026
14.9277,103.936,-60.6918,2.92011
3.63281,379.484,83.5131,2.91988
0.621948,388.606,-36.8926,2.91967
19.2156,527.252,-50.8568,2.91954
51.1001,145.151,-14.2371,2.91891
-38.5194,557.852,8.53442,2.91879
-27.2625,99.6912,-12.0608,2.91874
-36.2214,79.1265,16.0331,2.91869
-45.146,257.66,-76.0406,2.9186
-45.1791,310.51,-83.2802,2.91829
-40.0553,374.583,-95.1053,2.91817
45.1332,158.656,-46.2825,2.91767
-14.5815,407.182,80.1003,2.9176
-18.8259,38.0803,-44.8738,2.91758
19.2709,298.172,-76.3365,2.91756
27.7732,86.9524,95.2006,2.91726
-6.47119,150.527,17.5361,2.91722
-11.1415,66.2096,-51.9655,2.91717
33.5403,199.218,-82.0524,2.91711
-16.3311,235.935,-95.2423,2.91707
45.2629,171.158,31.7051,2.91698
-10.0566,551.751,-90.396,2.91677
28.2645,436.995,71.2197,2.91655
-45.1737,158.699,-4.04468,2.91606
-37.9758,472.115,13.634,2.91587
51.1025,39.0302,-47.7954,2.91566
17.3776,436.566,-9.65381,2.9156
-37.5966,151.195,-9.21533,2.91548
5.13269,46.464,26.3567,2.91543
45.1229,167.133,-51.1785,2.91531
23.239,490.674,-65.2615,2.91526
-26.9498,221.104,-34.8235,2.91479
4.7561,106.296,38.3428,2.91449
-5.25671,255.608,4.68591,2.91447
-11.5386,498.296,-87.5469,2.91445
-9.78699,197.221,-46.2604,2.91437
45.1915,194.85,-51.8551,2.91431
6.56055,89.7129,95.2407,2.91424
37.006,444.586,65.6553,2.91393
-43.3633,510.813,-35.6328,2.91354
-14.5391,387.205,-77.5262,2.91348
-20.1608,461.321,-50.6979,2.91326
38.5142,67.3865,-36.1447,2.91314
-7.79541,476.441,52.0535,2.91298
-3.22351,169.417,-48.5955,2.91274
24.3727,44.4554,-64.2206,2.91268
-9.53955,79.184,66.9631,2.9126
-20.0602,424.244,22.3561,2.9126
-27.353,394.625,82.3699,2.91259
-11.1515,481.542,33.7874,2.9124
51.1478,22.6433,-79.2543,2.91239
-23.7466,304.683,69.0966,2.91237
-0.377686,430.313,18.108,2.91222
-37.4698,415.067,82.4551,2.91211
9.72461,497.919,48.7379,2.91192
-31.6403,480.497,2.76306,2.91167
17.5444,519.024,79.4137,2.91147
21.6678,109.21,-55.8842,2.91136
-7.32141,23.0364,48.587,2.91127
41.4043,22.5699,43.0129,2.91122
2.61353,98.6086,-67.5778,2.91098
45.092,189.85,59.5613,2.91092
-7.08167,453.032,-95.1097,2.91063
-45.1123,254.307,-12.1149,2.91038
-1.57739,468.117,-72.7927,2.91035
-27.2335,374.065,-19.8008,2.91033
19.4078,539.729,-95.1,2.91031
-8.67053,540.46,-68.2224,2.91012
-38.9869,514.057,49.6152,2.91004
-22.1161,105.236,-19.2446,2.91002
-29.3871,391.145,-13.8906,2.90997
-6.26843,496.053,-63.9183,2.90992
23.9647,398.913,82.2815,2.90979
45.103,528.691,57.6505,2.90971
-8.58069,568.199,-23.5657,2.90966
-45.0902,518.043,-85.4027,2.90951
45.0901,559.246,-26.5306,2.90938
5.70764,474.892,71.5834,2.90917
-17.3185,23.4263,66.2194,2.90917
-45.1198,297.08,70.303,2.90906
34.1277,21.5265,74.8633,2.90901
-11.0219,467.402,-70.2063,2.90884
-33.9705,419.435,-45.9043,2.90881
6.36157,313.495,-58.3546,2.90875
34.9966,128.624,-32.5072,2.90869
-38.1882,178.628,-70.4071,2.90866
36.606,222.324,-50.5668,2.9084
-39.6602,535.348,-35.293,2.90816
-29.4819,447.992,33.9689,2.90802
-24.7703,25.173,-42.5289,2.90783
36.9183,331.028,-68.2933,2.90779
36.5916,315.678,-18.212,2.90775
-31.5574,290.82,-22.8057,2.9076
-45.1351,162.615,-21.6107,2.90748
45.1891,204.056,86.4785,2.90746
-32.9431,58.1511,85.7189,2.90739
14.3102,4.83325,34.877,2.90735
28.1066,417.688,-65.0487,2.9073
3.48999,283.045,-57.5341,2.90719
-1.49207,200.619,-82.522,2.90714
-45.1287,22.8491,-82.8354,2.90712
45.1228,228.162,-51.0544,2.90712
-38.0132,140.589,70.7771,2.90711
-28.333,432.735,-73.5012,2.90702
-45.1816,92.7037,47.7974,2.90689
45.0923,547.601,-95.0948,2.90687
-32.2316,502.13,-74.2156,2.9066
-45.1102,491.035,-23.3978,2.9065
45.1255,470.722,-45.2117,2.90628
45.0999,412.237,95.1179,2.90625
21.0479,447.932,-26.0757,2.90616
36.6007,342.121,-82.9698,2.90607
-45.1565,131.705,15.5432,2.90605
1.82922,285.665,-21.2072,2.90604
10.5719,556.43,-94.8348,2.90592
-18.6744,445.948,-18.417,2.90587
-17.2439,491.795,5.64685,2.90582
-27.5203,80.2476,-66.1606,2.90576
-12.8849,109.626,-14.1134,2.90574
-45.108,547.535,-13.6346,2.9057
-36.0923,515.323,-0.510742,2.90569
-23.179,569.108,-37.7612,2.90561
-25.0386,345.434,-31.4781,2.9055
-45.146,364.555,85.1936,2.90542
-18.4792,91.3346,-55.2129,2.90532
-36.116,124.269,84.6591,2.90514
15.1055,45.045,-59.1837,2.90475
-32.4293,302.534,-65.7426,2.90468
-22.856,125.015,-81.8606,2.90452
-13.5392,289.012,47.1348,2.90442
-38.5018,185.845,-63.8082,2.90434
-45.1096,471.814,-86.7368,2.90415
-45.0958,500.46,-20.6937,2.90386
36.1603,11.3981,39.5568,2.90373
51.2372,52.0715,22.5852,2.90364
-1.92749,327.063,-25.0237,2.90346
-15.8151,332.14,76.2151,2.90342
-11.4374,222.955,86.2739,2.9033
-37.7439,4.84839,-48.6693,2.90315
-17.5804,134.801,-95.1694,2.90314
-12.0881,365.749,3.42749,2.90303
-45.1716,126.744,28.1621,2.90302
-8.40308,312.973,95.2216,2.90291
22.2964,384.006,58.8802,2.90278
0.185791,132.656,-95.1263,2.90273
45.1423,338.947,57.0414,2.90261
8.81311,129.066,11.0688,2.90239
-45.2245,58.5331,77.7036,2.90232
51.1873,4.67993,41.3429,2.90232
34.2902,567.83,85.0292,2.90214
33.7566,4.80835,51.9783,2.90213
45.1078,540.235,-88.6226,2.90208
45.2809,207.455,37.8674,2.90205
-4.16992,518.877,87.3289,2.90203
32.701,320.333,-94.812,2.90196
-39.332,374.144,14.3206,2.90193
38.6981,200.448,-11.2831,2.90155
45.1112,263.967,-14.9779,2.90151
19.1631,480.671,14.9982,2.9012
9.30908,67.0024,-35.1685,2.90117
-23.5563,153.632,-95.1145,2.90116
-30.7162,366.988,-28.1038,2.90113
33.3319,30.9818,72.5485,2.901
-24.1483,325.132,-38.9044,2.90083
-15.2493,459.082,86.8629,2.90075
-45.1025,437.872,95.1057,2.90064
-29.3635,78.3186,45.4246,2.90046
-28.1709,111.508,-37.6704,2.90042
36.8933,501.253,-87.6183,2.89983
11.8942,312.842,-28.0399,2.89983
-24.5374,385.513,-95.1686,2.89976
-45.1279,440.503,10.479,2.89963
-30.1118,536.987,21.3807,2.89956
14.2317,286.615,73.0322,2.89945
28.416,269.78,68.9119,2.89941
2.52405,571.434,91.5286,2.8994
-16.1553,498.085,13.0638,2.89929
-35.2751,109.197,-50.4984,2.89907
0.183716,182.854,27.0178,2.89891
29.9446,442.129,-95.1105,2.89888
-45.167,283.648,4.84607,2.89862
-1.45569,170.683,79.8665,2.89851
18.8511,169.07,-69.281,2.89832
14.5043,282.745,19.1639,2.89811
15.2151,143.296,-95.1171,2.89809
-45.1016,543.671,95.1057,2.89804
-13.5228,550.716,60.7811,2.89801
-37.9255,264.147,-53.168,2.89773
-24.2063,491.705,13.7882,2.89771
-18.6062,460.219,-33.8567,2.8977
-13.5642,35.3739,-61.6919,2.89768
-23.5549,314.822,22.3613,2.89748
-6.52075,49.35,-81.9846,2.89741
14.2069,492.964,-68.3184,2.89733
34.7443,363.324,46.9668,2.89722
-10.0116,414.776,70.3749,2.89685
-34.3656,423.699,92.7001,2.89632
-15.0774,271.484,27.3678,2.89626
5.43579,381.706,4.73816,2.89621
-23.9587,147.514,-47.3612,2.89594
-45.3311,53.5693,95.2917,2.89558
-19.3323,499.277,30.7615,2.8953
-45.126,351.26,-38.296,2.89509
-45.168,267.336,58.4805,2.89498
22.8242,22.8539,7.05737,2.89481
15.3506,9.57312,-36.8302,2.89467
34.3118,4.6283,70.4056,2.89462
-8.12427,405.418,20.1187,2.89454
18.1943,542.267,16.4666,2.89445
-9.17163,110.528,72.9481,2.89439
-0.366455,67.0879,-71.6576,2.89438
13.7554,281.19,0.242065,2.89436
-1.72803,259.037,65.0916,2.89434
34.8076,14.2897,-60.7104,2.89421
39.5192,133.899,66.6543,2.89418
-45.15,471.655,-8.1958,2.89413
-0.713623,129.216,8.99768,2.89405
-27.5541,495.503,72.5244,2.89404
23.7811,461.55,-20.4418,2.89388
25.0511,269.657,40.9814,2.89385
-11.6847,327.92,5.02625,2.89376
16.1475,284.815,-66.1838,2.89368
29.6904,434.936,51.5225,2.89354
36.0924,237.709,29.2825,2.89338
24.9854,419.009,-31.2633,2.89334
-2.25757,356.758,91.1471,2.89332
30.4852,313.993,-25.6788,2.89327
12.9542,267.531,-43.6041,2.89322
-3.2218,255.995,-72.0337,2.89312
-39.275,326.458,37.1182,2.8931
23.1095,339.535,-95.1178,2.89294
-8.94409,37.543,-19.6666,2.89267
7.43079,33.4491,50.3152,2.89266
-39.252,422.291,-68.5973,2.89228
45.1262,320.307,95.1226,2.89227
31.3756,314.137,17.886,2.89225
-13.6125,76.9562,50.1199,2.89189
-45.1367,390.743,85.5118,2.89184
35.3962,205.352,42.5721,2.89177
31.1809,367.701,-66.45,2.89176
-27.2485,333.662,50.9366,2.89148
42.4761,12.754,22.3314,2.89146
-32.9836,305.018,-76.1329,2.8914
19.1547,554.28,60.5865,2.89127
-38.0613,450.567,41.6256,2.89122
-1.89172,522.083,-92.4045,2.89102
20.9041,25.0894,58.3541,2.89073
1.3999,355.244,-31.5107,2.89073
-5.45984,499.702,-95.1372,2.8907
-45.1107,246.394,95.1697,2.89059
26.5265,375.276,-14.4338,2.89057
8.22498,545.678,14.8278,2.89056
-9.54443,135.294,35.6266,2.89054
12.3591,525.417,-87.1936,2.89046
-27.8199,108.217,53.6375,2.89044
27.074,551.505,95.0066,2.89035
18.6064,34.3247,-48.4631,2.89017
-40.7034,390.027,29.6039,2.89009
19.2162,51.5165,52.108,2.89005
36.8378,523.21,-54.6498,2.89003
-37.6417,114.621,15.338,2.88991
-23.9883,478.227,15.0295,2.88981
6.78418,241.343,-71.6237,2.88979
-9.59692,353.029,-20.3834,2.88975
16.7974,289.649,-3.91577,2.88973
51.1238,80.9487,11.7345,2.88971
-26.2299,136.721,67.4419,2.88964
-21.7026,77.8994,-8.84399,2.88957
45.1602,244.915,62.5167,2.88957
-5.4469,532.147,-77.0195,2.88944
9.65149,187.033,-52.2811,2.88941
5.10132,571.938,-79.6758,2.88934
-45.1573,78.153,-25.2632,2.88923
48.1394,45.5782,-15.2426,2.88905
-17.6995,415.81,64.4528,2.88904
-13.5371,415.315,20.6896,2.88875
16.243,121.635,-53.9685,2.88847
-45.3259,13.3864,73.8815,2.88842
3.43652,475.947,-8.05566,2.888
51.1472,4.76904,31.5778,2.88799
41.7085,120.484,-68.6128,2.88777
-6.82898,136.972,-8.96753,2.88775
-8.80432,226.805,-55.5114,2.88772
4.25183,279.529,61.0081,2.88731
-6.19763,159.301,-18.7137,2.88715
-37.1874,128.773,69.73,2.88714
-23.6946,76.7982,4.72375,2.88696
0.463013,417.143,42.8568,2.88695
0.257812,254.425,51.4406,2.8867
14.5743,402.559,-85.2108,2.88639
12.8702,130.728,-69.8622,2.88606
13.6918,44.6515,-48.2701,2.88594
4.49292,163.63,-50.485,2.88584
45.1147,288.158,4.47302,2.88578
-13.0918,135.131,83.6345,2.88561
-45.1609,178.591,-85.3313,2.88505
-37.0281,530.624,27.2866,2.88502
-45.2531,20.0494,66.7861,2.88497
-28.1118,22.149,-95.147,2.8849
-0.0356445,103.867,-75.358,2.88486
-19.1132,439.049,-41.3899,2.88486
17.3279,165.476,95.1112,2.88477
-24.9109,422.941,-5.39612,2.88471
45.116,529.599,-54.431,2.88468
25.7609,100.362,-25.5673,2.88461
45.1847,152.228,14.8151,2.88451
-24.2869,559.025,50.5497,2.88445
-20.7543,197.035,59.365,2.8844
-30.2765,263.574,-19.2845,2.88427
22.3912,117.299,-61.3402,2.88424
13.3052,113.353,-58.7493,2.88423
11.1194,422.86,-86.1184,2.88408
-37.7288,261.947,61.7147,2.88403
28.4052,485.007,15.3882,2.88399
-24.2493,113.271,-46.4088,2.88387
35.8517,478.439,-9.7334,2.88356
22.0288,477.333,-1.03516,2.88346
-0.0140381,518.16,14.5062,2.8833
-6.96533,230.226,-64.8988,2.88315
35.3284,219.307,32.5529,2.88301
-18.6387,315.289,79.8661,2.88291
8.73132,200.008,-50.2421,2.88281
-11.4285,445.021,-41.0629,2.88279
-2.33008,438.811,69.2798,2.88261
3.85132,348.416,-46.0612,2.88238
26.7815,153.307,27.8789,2.88237
24.2267,385.094,-95.1565,2.88233
45.2871,253.831,95.2678,2.88226
0.888672,487.477,41.0439,2.88177
7.30481,208.479,-24.4498,2.8817
25.4569,18.2448,18.7743,2.88168
20.751,114.751,2.33301,2.88167
35.6487,95.8615,-85.1681,2.8816
16.0564,230.81,49.3478,2.88135
22.0062,48.9818,21.3518,2.88133
20.985,57.8296,17.5585,2.88121
19.2505,58.4735,-41.1256,2.88121
-9.6991,487.876,-38.0676,2.8811
17.3827,290.439,-56.3038,2.88108
4.90063,453.529,-35.8795,2.88082
16.3591,569.123,-30.2683,2.88077
45.1193,449.021,62.4225,2.88067
45.1299,183.092,75.6929,2.8805
-45.2355,237.84,65.0604,2.88025
-15.5686,480.249,95.1315,2.8802
20.3969,169.044,51.184,2.88013
-36.572,483.379,46.8798,2.88005
12.4327,428.197,8.63831,2.87997
-4.92285,47.5004,-53.1123,2.87972
-11.6215,21.5229,4.54407,2.87937
-31.3766,171.569,86.5667,2.87926
45.1398,163.15,-2.42554,2.87913
37.6044,222.926,-83.9108,2.87899
-8.13965,400.022,64.4462,2.8789
-15.1805,412.265,-40.0516,2.87862
-45.1522,332.788,-36.3032,2.8785
3.46265,428.469,-64.3743,2.87848
-5.37292,520.132,60.2461,2.87822
28.8784,157.947,-40.7194,2.87818
21.9374,88.6481,61.5479,2.87818
28.9784,83.1514,54.0192,2.87814
17.641,235.898,-57.7467,2.87808
-38.9855,426.932,-27.6821,2.87806
30.2183,332.796,94.0664,2.87792
-45.1826,301.777,-28.4893,2.87765
-6.99622,535.159,-6.04041,2.87763
-0.533813,216.72,24.9696,2.87751
-45.1991,178.092,-51.4487,2.87745
35.9979,60.1079,-63.4209,2.8773
-14.9209,34.6462,-12.5281,2.87723
-9.36169,153.713,-2.41589,2.87708
29.0437,145.365,-70.3787,2.87692
45.1415,159.138,35.3286,2.87679
-45.1392,489.881,23.3413,2.87679
-27.5083,514.526,-7.75098,2.87671
8.00195,190.657,-77.5259,2.87668
37.0704,340.077,71.129,2.87667
17.6287,273.761,84.5231,2.87661
36.4608,154.688,-34.4956,2.87653
50.9604,107.485,-66.955,2.87645
40.9175,118.526,86.8386,2.87635
-29.7711,94.5957,-0.41748,2.87628
-21.8683,130.944,82.954,2.87627
51.2118,96.2228,76.1121,2.87618
23.92,486.25,53.8477,2.87618
45.1749,213.468,-14.7164,2.87618
-31.4087,402.016,71.187,2.87614
24.728,141.288,-95.2291,2.87601
-45.1705,310.8,-35.2841,2.87583
42.0708,570.079,58.9939,2.87556
51.1892,65.2124,36.1392,2.87541
-27.7606,231.071,54.5946,2.87531
12.3391,119.794,65.2349,2.87531
-4.32251,569.932,-66.1829,2.87531
36.8738,563.706,53.7576,2.8752
14.3696,419.474,-77.5696,2.87493
-30.9332,471.424,-67.9761,2.87467
26.2321,37.9683,-80.8314,2.87458
4.58521,468.361,40.0549,2.87434
51.2742,32.2074,-95.1659,2.87427
-45.2468,240.418,-1.13245,2.8741
-20.2163,162.152,-3.59534,2.87396
43.3583,77.236,93.5653,2.87389
11.0514,263.638,20.7578,2.87379
45.1709,381.929,7.36536,2.87376
-26.7969,525.497,-26.4161,2.87375
-37.1746,523.481,-87.5061,2.87351
-37.0173,224.427,77.4736,2.87335
31.7712,236.516,-31.5498,2.87335
8.76526,136.673,64.4746,2.87333
2.02332,466.69,5.93726,2.87295
21.156,386.751,42.0913,2.87292
-5.4397,412.877,25.7942,2.87258
51.1492,67.7634,-86.9877,2.87242
8.28735,233.74,-95.2,2.87232
-1.91492,408.585,-0.00378418,2.87231
34.9565,178.993,-75.1295,2.87211
-26.2578,474.867,95.1597,2.87202
-20.809,174.968,-76.4343,2.87171
-42.0527,280.247,-77.48,2.87161
-22.8125,122.874,-46.1829,2.87159
-44.6742,543.799,-55.1925,2.87138
29.2437,4.84302,-27.7914,2.8713
28.6117,43.8701,95.2373,2.87126
-45.1313,540.041,-28.6892,2.87114
-34.1952,69.9072,46.1226,2.87099
35.8723,299.527,-27.7777,2.87098
-37.1523,83.8292,63.3,2.87078
29.7632,106.525,24.6018,2.8707
45.15,366.376,29.9382,2.87062
-34.6542,419.241,-23.5488,2.87052
36.0872,397.163,21.9202,2.87031
-45.1162,481.176,-83.5939,2.87026
25.9285,192.306,-24.4386,2.87011
45.2297,250.927,-71.3418,2.86989
27.2913,227.153,2.73108,2.86986
45.1627,246.143,-39.5325,2.86975
-13.7876,162.56,56.975,2.86974
25.2831,497.275,95.1494,2.86968
-24.3208,19.733,-59.7761,2.8696
26.3425,505.896,-22.0576,2.86956
34.1273,261.835,-46.4792,2.86947
-37.8597,357.307,-76,2.86945
0.587891,341.872,12.6677,2.86936
36.0212,260.511,55.5367,2.86934
-45.1604,264.196,26.0394,2.86929
-36.5276,538.881,95.1329,2.86924
14.3712,426.331,64.5862,2.86911
-26.0616,469.578,-11.1385,2.86897
-35.8734,411.632,-17.4336,2.86889
50.9091,134.56,2.64697,2.86888
31.6848,149.855,95.2545,2.86878
37.9242,516.191,52.7319,2.86873
18.938,176.421,-95.1635,2.86872
36.5221,290.448,-10.5389,2.86867
37.4747,309.831,49.7375,2.86842
29.6364,150.474,-5.4187,2.86835
-11.5032,303.716,95.1642,2.86824
-31.8367,114.456,87.5746,2.86813
-19.8838,89.8591,32.0121,2.86809
-45.1537,386.959,-46.9397,2.86796
51.1564,53.0319,-21.1143,2.86793
8.49182,380.619,-65.864,2.86775
14.2408,387.689,-52.3903,2.86761
-33.5121,528.677,7.09607,2.86752
-5.74866,425.72,67.0051,2.8675
-23.078,381.419,-77.6135,2.86731
51.3262,4.74622,-69.696,2.8673
51.2955,23.45,-7.86133,2.86726
-21.3795,46.1682,-68.6943,2.86724
16.1382,204.5,-23.6144,2.86712
9.68982,300.109,1.47107,2.86696
45.1772,410.346,-73.0312,2.86689
-23.4271,407.866,32.6848,2.86679
-20.5959,164.578,12.6683,2.86678
-29.1337,343.109,64.5388,2.86663
-16.5465,226.343,20.3297,2.86653
13.3704,379.06,83.7482,2.86653
-45.2448,72.692,38.8508,2.86649
-18.0519,185.216,32.1149,2.86644
-29.0068,8.94324,-47.5034,2.86642
3.72009,265.921,81.1652,2.86642
36.1085,22.0171,34.8699,2.86641
51.2107,110.017,25.8795,2.86639
-45.1709,382.907,-95.1536,2.8662
0.910889,98.269,26.2299,2.8662
-5.92871,178.164,-95.1353,2.86591
21.4667,228.133,-95.175,2.86558
-6.61707,177.112,-4.41931,2.86557
20.7418,538.175,-24.7939,2.86545
7.51929,67.5266,-77.3486,2.8653
-24.9252,502.149,38.2115,2.86523
-2.1178,162.814,39.3231,2.86489
-14.0031,215.679,-35.0651,2.86473
17.3418,517.842,9.72986,2.86472
-22.8264,510.523,42.6853,2.86457
-45.2474,238.671,19.0553,2.86447
12.3431,357.838,-20.9967,2.86441
11.7551,355.476,13.84,2.8644
17.5747,338.835,86.6102,2.8644
20.6523,331.305,95.1575,2.86437
23.5706,391.099,-3.75891,2.86423
-14.1556,483.834,-1.79333,2.86399
-19.2655,142.17,-71.4481,2.86389
41.5922,29.9395,-17.0983,2.8638
51.1649,117.256,-32.0707,2.86373
-21.5323,137.087,58.9412,2.86355
-32.348,436.968,-11.6997,2.86304
-9.81604,240.694,-17.4354,2.86299
-3.63794,450.251,10.7797,2.86243
-28.2727,198.997,35.9855,2.86225
22.5494,307.005,39.8916,2.86214
34.1309,328.252,-86.5286,2.8621
-22.598,454.798,-85.9109,2.86204
-33.8687,24.9824,25.9529,2.86196
-38.3462,104.641,-42.526,2.86192
39.3315,214.74,40.1093,2.86191
-30.627,220.823,-25.2296,2.8619
0.486328,33.7316,95.2731,2.86169
43.3147,43.4489,-43.4648,2.86155
25.4729,164.767,-5.66248,2.86149
-36.4856,49.6781,88.8854,2.86145
-25.2759,337.086,-36.5017,2.86125
28.9698,190.293,29.4028,2.86122
29.7468,216.485,-12.7281,2.86121
27.6249,283.112,95.1523,2.86117
37.126,277.25,-83.885,2.86109
17.9246,491.027,-84.4163,2.86095
-5.53247,447.053,26.5873,2.86074
-22.9457,366.055,28.8121,2.8607
9.71765,90.0884,24.5413,2.86061
51.2007,136.926,82.6481,2.86055
-15.6298,161.931,66.4772,2.86046
-42.4724,57.0247,86.83,2.86038
4.36963,437.769,-88.4883,2.86031
-44.8551,516.361,-75.7837,2.86017
24.6387,428.983,-2.94714,2.86007
-13.0963,222.847,-63.2867,2.85973
26.7341,417.002,5.11548,2.85963
34.2167,279.556,-35.3055,2.85962
-7.77551,528.248,37.042,2.85922
29.933,484.185,-70.0248,2.85908
-42.6287,129.292,-75.6722,2.85894
-32.8308,356.228,-85.1238,2.85893
-27.1091,235.777,36.4448,2.85869
-20.4194,518.83,38.3102,2.85861
45.1654,507.264,-11.8379,2.85837
-2.1908,262.767,56.1079,2.85811
-38.3807,178.574,13.1412,2.85803
-24.5112,211.941,77.7601,2.858
17.8898,50.1456,-23.9727,2.85739
17.8639,317.494,76.8597,2.85729
-40.1056,289.919,-51.4908,2.8571
-23.4075,428.698,-80.8833,2.85708
37.8964,458.475,-52.067,2.85701
-45.1685,462.323,64.9407,2.85672
41.1886,447.558,-59.0032,2.85671
32.4668,315.155,-35.1429,2.85665
45.1619,254.269,31.1246,2.85663
-12.8684,4.83582,-17.5298,2.85637
-44.3834,521.217,-67.3881,2.85633
10.0195,327.503,-5.50818,2.8563
2.09155,59.5447,-77.2281,2.85628
-11.9498,430.607,-50.3512,2.85578
37.4746,314.231,-72.1854,2.85576
34.3925,181.566,86.1726,2.85573
3.44006,193.121,81.349,2.8555
37.0591,145.123,-2.27332,2.85527
-10.2007,217.215,-55.9631,2.85525
16.054,184.073,47.0569,2.85517
-36.6263,386.959,88.3639,2.85512
34.3724,447.068,-66.7267,2.85511
-45.182,362.365,62.1493,2.8547
5.88916,358.823,86.2119,2.85466
3.67358,309.241,34.7211,2.85462
-34.8701,14.0765,-63.4325,2.85456
45.1615,497.031,18.658,2.8545
-22.9905,73.6086,75.6782,2.85425
-6.44568,391.86,69.4565,2.85416
25.6973,119.86,-52.5988,2.85399
-16.6027,54.2737,64.9901,2.85394
-45.1615,126.372,-26.5873,2.85389
10.3223,236.649,80.4213,2.85362
5.17627,24.6223,20.509,2.85356
-12.9658,40.4006,77.106,2.85334
45.0643,494.365,-37.2437,2.85323
2.4917,143.756,49.9941,2.85316
-6.73926,263.644,-66.7694,2.85303
51.312,100.82,95.2047,2.85296
3.67407,527.534,-83.3197,2.85294
-45.2657,218.371,-52.2257,2.85293
-6.16748,106.373,-95.2321,2.85273
7.91833,285.829,54.5654,2.85259
-23.1785,518.366,95.1643,2.85256
-1.6438,212.93,-54.5977,2.85242
-3.36658,86.8291,-77.1096,2.85231
21.5699,190.785,63.3358,2.85225
-21.7715,437.951,-78.4845,2.85194
27.1232,450.761,34.9653,2.8519
-29.3623,427.329,-29.0546,2.85174
-28.2208,538.618,86.1884,2.85166
-9.58032,329.565,14.9655,2.85159
16.5698,435.753,38.259,2.85151
7.34521,554.712,-71.1317,2.85151
-19.1826,188.88,-20.2432,2.85127
-45.2341,283.297,-36.0051,2.85126
-7.68311,134.335,95.2452,2.85104
-45.1943,366.376,14.4653,2.85074
-45.1848,97.3853,66.4518,2.85073
-45.1934,4.74548,21.1615,2.85066
-22.7853,321.595,29.2888,2.85063
11.3232,244.949,43.1215,2.85047
-45.168,218.973,-61.8485,2.85044
3.74426,131.857,-45.2961,2.85017
-13.0608,333.184,37.9093,2.84969
18.6611,463.436,-52.6987,2.84954
-9.97266,202.253,36.002,2.84952
-8.63586,63.2838,8.10352,2.84927
-19.9863,563.004,-30.8544,2.84922
-18.8877,431.219,48.7095,2.8492
-1.48816,439.332,14.5991,2.84911
29.3616,351.852,19.4341,2.84877
-5.63867,211.335,-37.3149,2.84875
18.6376,271.065,-85.8391,2.84846
-45.163,521.374,-15.678,2.8483
8.9364,64.0612,-95.1552,2.84806
13.8596,13.4039,30.3373,2.8479
-2.22058,275.343,-55.934,2.84787
29.5547,559.337,20.3704,2.84781
-27.3152,209.403,-70.1578,2.84766
33.5503,358.859,67.8475,2.84756
-37.0221,559.729,95.1526,2.84718
-16.9866,45.6157,-39.2228,2.84706
-44.6615,219.844,-95.1001,2.84704
-6.6897,173.027,95.2155,2.84697
-32.8728,85.4546,71.7935,2.84678
30.311,28.2197,-39.6892,2.84676
10.6707,153.218,-42.684,2.84669
7.56323,437.547,95.1553,2.8465
43.9292,54.6533,-62.2225,2.8464
28.9781,76.1014,86.3979,2.84625
26.0413,452.682,79.1495,2.8459
-22.5332,492.878,-61.8337,2.84587
-1.78357,374.319,-36.8369,2.84578
27.6129,365.761,-12.7672,2.84546
-45.1832,345.378,84.9073,2.84524
33.1765,175.801,24.6721,2.84508
48.1046,115.889,-62.9956,2.84506
44.0579,426.483,-15.4346,2.84494
-2.77747,232.756,-50.8311,2.84491
-31.7815,471.858,35.9088,2.84474
30.0658,24.6349,13.2058,2.84462
-17.95,354.374,-88.6781,2.84461
-12.3878,170.011,-95.1678,2.84449
12.3002,573.451,10.5271,2.8444
-45.1608,316.246,-43.2991,2.8439
-45.3367,183.87,78.5289,2.84363
-37.1482,489.011,-37.5674,2.84344
-45.1737,433.179,-0.204956,2.84341
-2.69312,152.537,46.5387,2.84341
20.548,442.535,-17.9856,2.84318
-28.7177,28.3655,79.2352,2.84317
7.62036,322.007,14.1577,2.84312
-45.1835,85.8538,-80.1365,2.84299
-35.51,430.544,42.449,2.84297
19.3053,500.647,-17.9214,2.84268
-45.1986,162.517,64.2921,2.84261
-4.58142,237.439,-42.1119,2.84258
24.3101,167.681,3.49426,2.84214
-45.2128,445.922,-9.94666,2.84209
-45.1993,178.078,-14.8556,2.84184
-0.85376,557.733,-77.1722,2.8417
-21.9735,398.64,30.1613,2.84168
7.77039,279.647,-26.0142,2.84163
35.3026,333.248,29.1492,2.84142
37.2466,364.646,24.6064,2.84142
3.03784,150.095,64.1053,2.841
6.90564,344.884,24.7323,2.84086
-36.7021,106.446,34.8667,2.84083
45.1591,450.529,-11.8398,2.84082
22.9166,521.207,16.8883,2.84078
-38.75,457.514,-38.42,2.84073
14.3977,542.265,88.2831,2.84027
51.1628,125.965,43.2847,2.84012
-45.1624,365.395,-14.5658,2.83997
-29.1003,93.0459,77.6971,2.83985
26.6155,409.948,-38.5656,2.83983
15.4592,574.344,92.2163,2.83974
-27.3942,310.917,-70.8668,2.83965
45.1846,432.663,-95.2327,2.83952
-5.62659,176.561,-56.1162,2.83944
25.0521,114.225,33.2943,2.83932
-17.6013,425.013,61.3115,2.83911
-1.58508,389.395,-9.92517,2.83901
-32.6042,453.077,73.5001,2.83896
-45.2657,225.58,28.6327,2.83889
-45.2653,94.803,-62.6552,2.83873
14.3149,522.34,-71.0071,2.83855
-45.307,99.7924,-70.8362,2.83827
-13.2285,363.836,15.132,2.83792
-5.41602,161.664,-54.2971,2.83779
-4.71472,38.8176,10.9341,2.83774
44.6626,166.457,41.6387,2.83748
-37.0432,34.2795,-52.6855,2.83747
28.8195,381.144,18.7782,2.83747
5.21912,553.985,-42.4791,2.83739
-2.2168,519.048,77.8011,2.83714
-45.2043,342.622,65.3754,2.83709
-6.02979,55.6761,-10.2531,2.83685
23.6813,523.888,-2.15479,2.83678
-13.7938,309.667,-14.5715,2.83676
-9.40393,305.622,68.7578,2.83673
31.1061,535.191,95.1777,2.83672
11.4342,447.721,-74.1697,2.83653
41.916,47.0222,43.1058,2.83639
6.91846,374.271,40.8101,2.83631
23.1573,185.231,-18.5143,2.83624
27.8666,63.5127,-59.5162,2.83621
-10.4769,152.564,52.2513,2.8362
-45.2086,235.203,28.019,2.83604
-23.0109,398.499,74.5695,2.83603
36.4384,82.9255,47.684,2.83598
30.7883,486.998,-60.3158,2.8358
-10.6074,297.998,-80.7722,2.83565
6.95618,563.251,-75.6875,2.83564
14.9482,199.865,51.8274,2.83553
-45.1793,63.1082,10.76,2.8355
16.2909,225.696,-18.4839,2.83549
-22.7208,76.1431,85.0466,2.83547
45.17,476.854,51.4749,2.83543
-45.1742,496.294,-11.5652,2.83539
-16.2197,441.634,50.8228,2.83534
45.2551,281.867,54.3649,2.83502
26.9672,290.866,70.8885,2.83486
8.67395,239.904,95.2577,2.83475
10.1313,505.926,-13.7936,2.83464
16.879,99.5515,85.2172,2.83449
2.47949,464.561,57.5725,2.83435
18.5663,452.664,-17.9344,2.83433
11.1741,188.187,-4.53613,2.83414
-0.0240479,256.166,40.3507,2.83394
20.6888,380.494,-52.454,2.83393
-34.5531,115.577,-76.6243,2.83389
-4.8064,440.01,5.52673,2.83386
10.2441,384.204,66.3684,2.8337
-45.332,146.182,-32.0781,2.83366
17.9375,437.934,70.8971,2.83342
35.0995,333.565,-18.5626,2.83336
-32.5214,263.62,-65.8478,2.83336
45.2023,305.844,-8.94165,2.83334
-35.9427,84.4447,-77.7202,2.83318
51.2734,47.6198,80.6807,2.83312
-28.2491,296.829,-95.188,2.83307
9.20557,133.63,-14.4998,2.83296
-45.2896,95.4746,-79.325,2.83291
-12.6633,342.192,69.0076,2.83289
37.6996,42.2515,50.34,2.83277
32.8765,49.2772,4.34216,2.83271
-8.11047,419.758,86.8368,2.83271
36.1895,235.679,78.1448,2.83234
4.47546,455.127,54.0219,2.83223
-12.7701,440.243,-49.7659,2.83219
-15.4211,437.552,-32.3517,2.83216
-1.68286,519.031,-3.07288,2.83211
45.1802,480.194,-47.4462,2.83184
22.5433,124.193,3.38586,2.83159
45.1915,274.207,-35.5851,2.83158
24.2782,224.457,-12.4562,2.83152
-0.471313,423.774,-51.7914,2.83149
26.3557,558.684,55.7637,2.83137
-10.8342,384.848,4.09424,2.83125
-3.23572,126.404,-10.4473,2.83107
-33.3881,569.217,-39.8218,2.831
-36.0602,33.3884,1.78088,2.83091
6.17346,445.241,86.6676,2.83091
13.2531,554.414,1.552,2.83085
45.1793,489.678,95.1716,2.83079
22.318,282.118,86.0537,2.83059
31.95,532.351,-86.4384,2.83044
5.49487,359.271,-59.9966,2.83004
23.6151,372.233,95.225,2.83
45.2322,346.346,-37.2856,2.82998
36.189,30.9595,38.4613,2.82982
-12.5626,120.3,71.6772,2.8295
16.2534,235.981,-1.96448,2.8295
-17.1794,548.257,81.1565,2.82937
45.1718,566.766,70.4816,2.82933
45.1715,440.351,-18.3015,2.82904
2.4458,56.7764,20.3712,2.82899
0.435425,479.572,95.1716,2.82899
-11.8026,208.795,21.2062,2.82893
51.3524,4.7384,-27.6804,2.82877
45.1735,436.137,-0.748413,2.82874
-45.222,4.7666,0.911499,2.82874
21.767,190.777,22.9725,2.82872
-45.1945,310.847,65.9579,2.82867
13.5624,245.898,-94.449,2.82867
-37.312,308.351,46.1145,2.82852
6.73132,53.1943,12.5704,2.82849
39.3813,400.903,-77.4976,2.82835
7.91626,205.574,15.1327,2.82832
10.5803,556.308,94.4504,2.82819
-45.176,418.607,-61.745,2.82817
-45.1744,457.091,95.1831,2.82806
45.3308,332.302,-3.10681,2.82791
-23.5836,179.301,-46.7888,2.82784
-14.7468,533.849,-23.7659,2.82777
42.5214,575.112,87.3604,2.82753
-28.1638,344.524,30.3655,2.82753
4.74268,503.84,86.6802,2.8275
35.8109,164.592,-70.5884,2.82731
-4.54883,555.593,40.6132,2.82728
17.2996,13.9202,84.7451,2.82705
25.8854,542.484,-31.7758,2.82694
36.7698,304.832,-70.4166,2.82654
-22.9681,99.5587,-57.7891,2.8262
-45.1936,296.458,60.6041,2.82597
45.1864,338.528,-85.7896,2.82596
-36.2883,58.8599,52.7809,2.8259
-21.4717,342.921,95.1987,2.8259
45.1587,523.713,-39.9065,2.82551
-45.1953,57.8743,61.6744,2.82543
0.300293,257.968,-41.7437,2.82524
-25.9386,374.012,71.8352,2.82517
-24.7589,146.366,-64.6758,2.82477
-45.1934,243.705,32.5474,2.82471
-11.3267,169.567,-43.2108,2.82442
-35.4332,560.678,61.4397,2.82441
18.512,292.141,-13.1251,2.82426
33.35,51.8547,-86.876,2.8242
3.85718,81.7389,58.313,2.82419
-13.5479,41.1603,53.7855,2.82412
-45.1946,396.073,-50.1488,2.8241
5.58594,142.063,-95.2582,2.82409
20.2642,188.724,-73.9907,2.82402
6.36157,391.921,-95.236,2.82369
21.7509,523.915,-95.1802,2.82354
-45.2378,65.636,1.47778,2.82352
-18.6991,96.9478,-15.6685,2.82294
-21.7576,208.104,-95.2041,2.82292
-31.4734,149.145,24.1641,2.8228
11.9979,375.207,48.9579,2.82277
19.2522,463.638,53.5138,2.82271
0.883057,296.281,79.3077,2.82255
-45.1779,447.522,93.924,2.82249
34.7701,440.382,-59.7441,2.82246
-33.6808,510.811,-15.9635,2.82218
-7.96411,271.772,-13.9849,2.8221
-20.6713,31.1555,-5.53979,2.822
-16.0825,120.501,-87.1188,2.82197
-45.1847,402.024,7.06799,2.82157
-25.6787,507.375,-79.1255,2.82149
19.197,325.41,-77.8452,2.82148
-14.3496,90.2974,-39.058,2.82134
32.2817,376.624,-51.6195,2.82134
34.7571,320.728,-54.9305,2.82124
25.7217,513.555,-38.8451,2.82123
45.2609,181.693,-95.2184,2.82117
24.4301,542.167,95.1791,2.82114
10.35,522.405,51.2996,2.82098
-37.9072,469.922,-61.4143,2.82093
-45.1794,534.785,-51.6731,2.82092
-15.2343,547.076,-53.6608,2.82081
45.2112,462.191,86.97,2.8207
-45.2686,320.231,-90.5476,2.82053
-22.6777,554.456,16.6384,2.82051
45.2701,191.965,-42.5881,2.82044
-30.1742,384.152,-71.2617,2.82041
-27.752,355.61,8.479,2.82037
-14.6764,324.142,-37.0385,2.82034
10.9014,412.119,82.2,2.82033
2.13953,48.6489,86.6222,2.82018
9.43054,247.88,-40.387,2.82007
1.97693,288.061,8.81152,2.82
12.1156,399.385,-68.1362,2.81995
-45.1824,409.457,-22.0367,2.81991
42.9763,335.941,-39.4437,2.81987
9.47375,304.658,10.5735,2.81969
10.1906,301.522,73.7365,2.81967
45.1913,373.019,85.3303,2.81967
-44.5778,70.6339,-56.8191,2.81959
23.0154,13.3375,-94.9038,2.81959
22.5151,24.6353,42.3833,2.81942
-12.1722,248.681,-77.6365,2.81929
-6.03137,164.812,62.3059,2.81925
-13.3387,115.748,80.0245,2.81896
20.5243,504.753,-95.1897,2.81893
-9.08069,193.394,55.2498,2.81869
25.813,458.175,27.3169,2.81861
14.1228,387.502,-62.0547,2.81861
-45.2041,249.729,77.7656,2.81851
37.8635,165.355,33.863,2.81844
45.201,245.759,-49.2024,2.81839
-20.4008,151.309,88.5878,2.81835
-25.2262,320.951,-2.70056,2.81834
-25.8077,261.117,88.8326,2.81826
15.0361,337.703,11.8262,2.81816
-11.9683,43.7952,-12.6019,2.81811
-15.8506,399.391,95.2133,2.81806
23.5485,199.103,85.8939,2.818
21.4742,254.398,32.9336,2.81795
-36.8097,192.647,-35.4203,2.81782
-5.30261,215.888,-3.90466,2.81776
9.9408,142.25,77.2665,2.81774
-45.2194,433.068,-31.8503,2.81772
36.2643,526.103,-26.4403,2.81763
-14.4506,323.012,-27.1672,2.81757
0.314575,365.22,69.7274,2.81756
-13.5714,189.463,24.6537,2.81751
-4.37793,4.73096,-67.4037,2.81742
9.51086,51.7927,-28.4958,2.81738
45.1963,357.419,33.5615,2.81729
11.1926,316.787,-80.5408,2.81701
1.96448,61.3331,-32.2926,2.81697
-27.3975,41.7256,-42.2964,2.81683
-4.76807,348.573,52.931,2.81678
-8.52332,445.235,17.5731,2.81677
-18.9674,40.0358,86.2469,2.8166
-36.9741,552.085,16.4607,2.81658
39.9673,515.681,23.6953,2.81639
-35.2925,296.289,-72.611,2.81636
32.5776,199.063,49.4125,2.81635
-25.116,273.164,-36.9397,2.81623
-45.1998,483.8,38.7858,2.81603
34.4753,386.7,-50.8337,2.81577
-29.2795,456.69,4.44116,2.81536
42.5696,78.4629,71.2383,2.81523
-45.213,88.2279,-15.3005,2.81518
17.1837,393.979,-74.2875,2.81509
-45.213,117.814,31.8569,2.81507
-30.1587,371.824,-37.8766,2.81506
-39.5374,170.476,65.4742,2.815
22.4149,367.091,-36.6597,2.81473
-9.31018,529.32,-85.4598,2.81454
-37.1757,253.132,41.6625,2.81446
-34.1228,505.205,-83.2263,2.81435
-4.56177,317.915,-62.6812,2.81432
-37.1379,441.904,-42.4419,2.8143
-20.2975,133.575,-85.4692,2.81424
-6.54456,531.633,17.3932,2.8141
42.5793,109.027,-43.6039,2.81408
-20.9552,106.63,-9.73438,2.81394
-45.2058,144.884,65.8632,2.81344
3.62659,58.777,94.5193,2.81339
42.4797,94.8164,-78.2239,2.81307
12.6294,162.634,-43.4357,2.81296
-37.168,344.938,70.1632,2.81284
12.2646,280.383,-73.8497,2.81263
-12.4647,103.156,50.6094,2.81262
-0.885498,242.341,-12.2192,2.81262
-45.1975,177.522,-34.0493,2.81251
37.0084,421.216,45.4718,2.81221
-25.3542,449.787,95.2091,2.81194
16.9464,447.055,-10.2579,2.81172
-36.1936,215.632,55.626,2.81156
45.1962,561.085,49.5623,2.81151
44.9268,538.831,-79.0122,2.81139
45.2483,372.137,-55.8754,2.81136
-38.217,435.166,6.26379,2.81125
-22.7183,255.385,-49.8906,2.81117
45.2252,243.642,95.2826,2.81111
-34.7645,506.537,28.9315,2.81098
45.2003,511.702,31.0155,2.81077
-45.2179,271.321,19.5239,2.81061
-7.07727,224.216,-95.2975,2.81053
-3.3335,423.006,49.8719,2.8105
-16.851,91.2286,-29.8824,2.81048
17.0016,49.9283,-67.3553,2.81028
-6.27087,196.947,86.7891,2.81008
-10.0049,86.0719,-55.8267,2.81006
-26.0468,390.538,-77.1658,2.81002
-36.1189,19.9099,61.3049,2.81001
0.273926,142.923,78.2079,2.80994
20.885,352.729,23.9664,2.80994
37.4668,428.93,28.6167,2.8099
-45.2037,392.675,-95.2471,2.80963
-36.4406,420.205,-95.1921,2.80953
15.4796,254.941,-37.9208,2.8095
-1.20837,509.926,37.252,2.80942
-45.1914,436.423,36.2749,2.80941
-10.3066,248.455,36.7423,2.80933
-45.1934,278.883,76.4746,2.80933
-4.67188,141.569,-55.3751,2.80922
-0.330078,511.12,82.9526,2.80903
10.6667,299.986,64.2467,2.80897
-25.5071,148.968,-37.9531,2.80877
15.9835,79.0128,19.1249,2.80868
-45.2037,36.3633,86.8097,2.8085
11.9049,419.774,-9.89233,2.80802
-13.8809,368.979,-66.2339,2.80781
-2.47522,204.735,66.1696,2.80774
-8.1311,20.1238,-73.1826,2.80771
-37.2964,174.794,-61.5835,2.80769
-24.5133,341.733,-77.4143,2.80748
-33.1572,370.939,24.8414,2.80745
-20.2971,165.629,22.2605,2.80719
-12.1796,568.457,14.8933,2.80677
-45.1963,125.578,-4.6134,2.80672
-1.81897,568.706,-2.31433,2.80664
-4.82825,105.06,-64.9094,2.80663
-23.0952,285.642,-84.9788,2.80643
5.698,379.907,-34.4414,2.80634
-37.6445,88.6604,90.0308,2.80628
-7.93604,4.74512,54.9542,2.80615
28.4387,94.9313,-40.6731,2.80605
33.8002,32.5948,-95.2828,2.806
2.39429,146.567,17.5251,2.80589
35.4877,535.85,25.6061,2.8058
45.2126,476.488,-8.26721,2.8058
15.821,236.957,27.7555,2.80565
-39.8746,475.577,-68.9386,2.80557
-22.2648,200.002,-30.4865,2.80553
-4.60583,569.062,-37.2532,2.80551
-7.02686,78.5157,10.6818,2.8054
-28.8461,523.148,63.4182,2.80538
51.1998,136.864,51.3752,2.80535
-33.0795,557.812,32.0223,2.80534
45.2015,545.87,-43.5515,2.80526
-45.2145,295.155,29.0042,2.80523
-32.0453,537.083,-12.3702,2.80506
16.2532,72.0646,52.4803,2.80505
-16.631,322.098,72.342,2.80488
-8.55908,118.361,-81.6033,2.80482
0.792725,492.579,9.96545,2.80464
-37.1306,4.47375,-86.2374,2.80459
-13.5688,113.218,4.32581,2.80447
45.9727,111.744,-26.1266,2.80433
47.4626,101.172,26.4403,2.80428
25.2268,265.986,-33.1991,2.8042
-3.97717,410.046,-66.6154,2.80405
-10.1403,256.688,69.2214,2.80405
-36.6747,177.132,22.5229,2.80402
16.0199,94.1989,95.2501,2.80402
-26.8033,281.616,81.1757,2.80386
16.8251,84.6556,95.222,2.80386
38.5164,102.855,44.9641,2.80369
20.2582,376.036,53.8062,2.80366
-37.2123,372.147,53.3214,2.80359
-2.60352,448.045,-38.5282,2.80355
-36.3557,289.477,-79.3054,2.80326
45.2179,427.512,95.2112,2.80292
-0.0587158,411.219,-9.72571,2.8027
31.1,532.864,79.5792,2.80265
-45.2111,411.843,-83.6053,2.80263
-1.547,42.0382,-15.3933,2.80256
-45.2632,197.86,-51.6666,2.80254
9.24976,131.293,-37.4368,2.80245
39.5135,103.535,-80.8582,2.80243
-28.822,377.535,41.433,2.80231
36.5916,449.164,-94.5641,2.8022
42.6941,74.5586,-2.95007,2.80195
42.8163,47.2723,76.2714,2.80179
5.60193,222.735,-38.9204,2.80177
-45.2648,267.547,35.0968,2.80167
24.7864,188.911,54.4565,2.80161
13.8264,379.414,-29.36,2.80159
35.8157,184.687,95.2007,2.80135
-8.49426,108.094,-43.7155,2.80123
-36.6079,396.776,-77.7731,2.80115
3.88867,98.2639,61.1732,2.80105
-9.43799,434.494,88.2229,2.80094
0.381348,462.861,-80.6971,2.80062
45.2313,467.047,95.2499,2.80059
3.46423,93.0314,-95.3115,2.80055
-24.3202,360.738,-85.3248,2.80032
-23.3887,321.836,-23.8491,2.8003
24.2261,257.064,54.3534,2.80019
1.09216,490.295,-12.4854,2.80009
24.4316,104.36,-95.2405,2.80006
18.5332,4.75183,-95.2515,2.79989
-5.50732,241.326,73.7041,2.79986
-23.8663,419.178,45.1439,2.7996
34.7472,544.113,95.205,2.79948
0.615967,473.908,56.1724,2.79936
-4.62537,378.263,-52.4294,2.79932
14.3955,455.01,-95.2075,2.79909
-37.2557,116.836,-67.4938,2.79907
23.2788,255.538,-61.3218,2.79906
45.1803,404.337,-43.9163,2.79889
-44.0271,391.123,-75.5211,2.79881
-23.2308,464.561,-41.1702,2.79879
37.1324,421.11,-64.5541,2.79879
16.3125,366.896,-88.0381,2.79872
27.3944,469.868,2.02136,2.79864
-2.38501,180.235,64.7241,2.7986
9.65369,133.058,95.2383,2.7985
-45.3156,28.5715,-14.9956,2.79802
-44.2129,570.444,-21.9741,2.79793
45.2023,354.067,-94.6193,2.79791
-36.4539,367.82,3.13245,2.79768
35.0144,408.501,95.2021,2.79759
-23.3202,346.766,-95.2168,2.79757
-32.1608,101.563,24.0984,2.79733
45.2106,454.288,-78.3896,2.79731
45.225,167.578,-95.2572,2.79722
45.3821,175.832,61.6399,2.79669
-6.32581,252.145,86.8019,2.79633
-12.3643,465.917,-16.1993,2.79598
51.249,104.957,17.7073,2.79596
13.0918,39.2913,83.5046,2.79562
-24.6377,90.0143,69.7877,2.79555
-36.7872,220.537,-77.9353,2.79512
2.06287,444.886,-30.7756,2.79504
-36.5344,506.212,-40.7723,2.79496
-29.0004,99.5051,-65.2617,2.79495
16.3424,147.966,-37.0664,2.79487
-5.07056,376.494,86.5443,2.79472
2.44739,420.39,-8.42639,2.79444
-29.9733,430.345,7.28491,2.79437
2.76404,226.782,95.2268,2.79401
-45.3983,36.4368,47.354,2.79398
3.11902,211.762,32.3053,2.79396
-37.1671,181.874,-55.1322,2.79391
-7.23804,116.58,87.9908,2.79387
-43.2756,231.527,45.5179,2.79385
-22.5686,549.878,35.15,2.79375
-30.7948,178.525,7.23901,2.79367
45.1121,530.734,10.0948,2.79353
-23.2288,410.279,95.2183,2.79344
21.0571,385.957,15.8315,2.79341
-23.9943,210.907,39.4343,2.79337
-28.1969,496.914,-32.7131,2.79329
35.8613,295.651,-68.0092,2.79328
31.0199,176.015,69.2407,2.7931
33.5758,431.081,-61.8356,2.79283
7.71436,338.025,18.0322,2.79262
-18.401,226.728,95.2292,2.79248
-38.1852,437.711,-75.1866,2.79223
-45.2505,211.069,-67.3268,2.79207
45.219,358.604,-3.71826,2.792
5.66125,479.22,62.3579,2.79196
-36.3203,47.4991,65.9258,2.79183
-17.0684,427.546,-88.0536,2.79178
5.99622,143.817,-3.62463,2.79177
-36.0977,345.453,81.771,2.79168
-24.8888,229.329,76.292,2.79149
22.8282,197.942,56.9952,2.79146
4.74683,500.995,77.4943,2.79133
-6.42847,72.8536,-66.7938,2.79122
16.4124,429.934,85.61,2.79118
7.74866,310.834,-71.3502,2.79093
44.6853,156.97,86.7521,2.79076
7.74487,504.753,-39.1647,2.79065
-45.3353,122.861,19.3357,2.79059
51.2371,35.3247,64.9349,2.79058
45.2164,482.08,35.9207,2.79057
-45.2202,375.568,49.3025,2.79048
-45.2495,121.576,52.0352,2.79047
29.2812,351.292,6.49658,2.79046
8.50684,343.008,7.28418,2.79041
51.3064,21.9827,76.3669,2.79032
13.8375,336.802,29.4641,2.79032
45.2444,420.69,19.3463,2.79019
21.3262,11.802,-29.6855,2.79006
-17.5731,149.584,-87.5486,2.79
23.3545,235.785,45.4219,2.7898
45.2399,301.835,-92.9989,2.78964
-45.21,268.006,-48.0807,2.78963
-13.7627,17.1337,52.7205,2.78953
22.6775,236.108,-28.441,2.78951
-37.6276,371.053,86.058,2.78911
-20.7089,187.915,-1.00806,2.78893
-45.2307,363.988,2.75623,2.78881
-37.5076,472.897,69.1515,2.7887
45.3197,223.066,-21.5946,2.78868
7.89148,237.789,48.5549,2.78863
-33.3849,215.042,26.8899,2.78858
17.3503,13.2263,19.8152,2.78855
-27.5518,66.4888,71.2131,2.78846
1.90186,485.639,86.5342,2.78831
-18.2191,533.813,-86.4943,2.78777
13.0707,527.736,77.2223,2.78767
-17.0964,402.864,-14.6277,2.78756
-8.50012,293.432,-44.1903,2.78746
21.0967,412.931,-75.3936,2.78732
17.527,371.642,-9.31982,2.78723
21.6653,390.662,-21.2765,2.78723
-12.6396,314,-95.3019,2.78709
20.7585,302.397,-13.9491,2.787
-19.8998,374.597,-3.0542,2.787
-16.2356,545.141,-82.5765,2.78692
-8.78918,324.865,67.6459,2.78637
-22.9495,389.103,29.7333,2.78635
13.8967,261.831,50.1417,2.78626
-45.2166,37.2915,-18.8282,2.78625
45.2993,205.812,-64.9968,2.78622
32.8157,42.0057,-86.5873,2.78619
-5.91187,335.914,8.73572,2.78618
-37.7461,315.562,-86.8254,2.7861
24.8445,112.918,71.3625,2.78609
51.3124,129.512,32.454,2.78608
-2.83252,396.691,-26.5424,2.78599
33.0188,14.0564,-1.19006,2.78564
7.18799,112.98,-14.5153,2.78558
37.1371,143.655,-75.311,2.78551
-26.8005,187.147,6.25793,2.78538
17.4861,103.246,-45.6672,2.78524
45.2343,467.66,54.2441,2.78515
19.39,174.999,76.8215,2.7845
8.14795,279.466,-65.2345,2.78433
-25.8549,12.7747,-6.09668,2.78427
26.6338,224.845,16.9243,2.78425
-0.175171,120.666,-27.2062,2.78421
-36.1664,399.252,-50.8685,2.78419
-28.9147,4.70374,-0.750366,2.78409
9.4812,286.765,95.2592,2.78408
-28.1752,510.5,34.6566,2.78404
-3.19214,381.819,-42.6537,2.78393
-16.6058,354.549,-67.5912,2.78389
10.2727,70.1462,-50.0917,2.78384
-19.608,274.1,-95.2889,2.7837
45.2532,229.74,41.385,2.78353
-19.8333,552.972,-16.7375,2.78341
-27.7655,561.844,-42.7764,2.78339
45.252,367.88,20.4139,2.78336
19.3083,388.051,32.7128,2.78307
-34.1886,376.798,-13.6274,2.78297
4.57178,351.319,95.2584,2.78285
-0.449951,387.623,-0.156616,2.78265
45.2246,436.351,15.6984,2.78261
45.2203,550.1,-23.334,2.78259
40.1406,136.619,87.5145,2.78255
-5.25574,96.7839,-95.4004,2.78251
33.0618,200.295,-69.5032,2.78233
-45.2196,46.9963,1.13953,2.7821
19.786,191.878,72.7157,2.7818
-33.2012,269.438,-11.5391,2.78177
17.3057,281.124,-83.2968,2.78168
-27.5385,391.562,-86.5892,2.78162
26.0441,31.7838,36.8727,2.78158
45.2336,525.598,85.6891,2.78134
12.3669,444.107,-22.7955,2.78121
-36.62,13.2177,-22.2432,2.78107
32.2169,292.858,-95.2427,2.78099
27.5344,117.79,8.41821,2.78097
-9.74365,193.863,-67.3718,2.78096
-28.9307,32.1566,52.7517,2.78095
-31.8367,186.114,95.3345,2.78092
11.6388,520.258,-50.1395,2.78076
1.84583,445.254,95.2358,2.78057
44.925,54.2329,-41.9678,2.78051
-3.7489,86.629,6.79456,2.78045
-45.2665,11.9899,-95.4248,2.78025
-22.4906,220.997,-45.9823,2.78023
12.1595,374.994,-72.7771,2.77996
27.3137,159.49,-95.2638,2.77995
-0.201416,384.917,-95.2415,2.77991
8.9502,363.316,34.9125,2.77929
26.7601,305.93,-7.42175,2.77927
-45.2365,220.474,-83.4524,2.77924
25.3416,160.171,74.5469,2.77915
-0.724609,332.508,-37.5894,2.7791
17.6969,501.514,-53.7286,2.77896
51.3984,13.6001,95.2661,2.77887
45.2344,423.262,37.9854,2.77863
-27.2795,27.8413,19.6962,2.7786
-35.2806,86.4816,81.0389,2.77859
-26.8585,401.448,95.2668,2.77851
45.2253,523.898,66.0673,2.77819
-24.4575,72.8695,-95.3373,2.77818
-35.1416,548.443,47.809,2.77817
2.95728,484.824,-85.7302,2.77812
-37.7363,169.68,16.6943,2.77812
0.931274,130.212,-72.9292,2.77801
-2.17981,242.537,53.3914,2.77769
-4.44629,404.627,11.2273,2.77752
25.4346,188.295,-87.1326,2.7774
38.7853,270.46,1.29358,2.7773
40.5588,381.036,87.7694,2.77722
13.6073,166.018,-34.5846,2.77707
0.0183105,509.07,17.739,2.77706
-2.12134,405.789,-44.3676,2.77705
24.0146,66.6271,-95.2712,2.77701
-45.2728,313.838,-72.1129,2.77697
-45.2457,464.795,-58.0082,2.77693
-24.5406,50.9102,-0.382935,2.77678
18.6229,552.251,9.21838,2.77676
-23.457,522.257,-47.9053,2.77675
-27.9968,564.463,-95.2256,2.77663
41.2893,103.461,-71.4845,2.77659
-2.06482,515.965,-41.7974,2.77654
-29.6692,216.876,-95.2848,2.77648
-26.739,382.063,-86.4768,2.77625
9.0166,276.022,74.7913,2.77623
4.05334,191.038,62.8514,2.77622
-35.5792,405.218,95.2416,2.77622
0.662109,77.7264,50.2687,2.7762
-11.0833,24.2585,58.7952,2.77617
-45.254,4.60364,56.3251,2.77614
12.4299,176.246,68.6798,2.77606
51.2303,25.8806,66.0559,2.77602
1.19067,175.217,0.810791,2.77589
-45.3008,118.882,10.7494,2.77573
37.2922,169.28,14.1132,2.7757
33.823,49.1006,73.7106,2.77566
41.9087,94.2196,77.3708,2.77533
31.0804,381.571,87.0206,2.77528
7.99927,282.786,-82.0372,2.77527
51.3434,69.6631,-61.3002,2.77516
-23.5535,267.857,42.8741,2.7749
2.69165,123.497,15.9672,2.77489
-45.2415,485.62,69.2307,2.77473
42.3662,105.091,10.1115,2.77471
-25.7396,329.509,42.2408,2.7747
0.0187988,364.432,60.1907,2.77452
36.8992,185.299,55.962,2.77451
-37.1594,452.326,-17.3978,2.77446
-15.5731,503.34,45.3429,2.77432
-37.3009,225.347,-19.9678,2.77416
-36.1351,92.9436,-60.6418,2.77375
38.1112,203.207,33.2622,2.77373
35.5774,548.356,4.30859,2.77363
-38.0428,108.865,25.6788,2.77362
29.9209,57.6121,71.1711,2.77358
-34.8455,175.987,71.7273,2.77357
-9.62244,18.7146,71.4717,2.77355
20.7015,44.8444,85.0388,2.77343
-35.2825,156.253,95.4033,2.77333
-45.3127,146.11,-95.2495,2.77329
45.2496,471.158,25.7919,2.77322
-9.14502,105.436,-34.5907,2.77311
12.9506,142.686,32.7858,2.77295
-45.3114,428.245,68.8015,2.77273
-10.1755,158.268,13.1537,2.77269
26.3346,183.292,-79.0638,2.77245
-11.5267,340.367,78.7021,2.77244
-20.2855,557.833,-78.0651,2.77238
19.9928,180.584,-85.8615,2.77236
-6.20581,36.9071,-39.9351,2.77213
45.2474,334.18,83.604,2.77178
-35.639,300.35,-54.3793,2.77139
45.2308,419.083,-95.2494,2.77138
-32.4519,524.009,-45.2451,2.77132
16.9797,432.751,1.48303,2.77131
8.17017,15.0537,21.4906,2.7712
25.1564,101.615,-51.0439,2.77089
43.4669,17.4525,-76.568,2.77071
-25.3002,289.062,65.3718,2.77039
-20.4304,212.018,-4.65552,2.77028
-12.3956,552.225,-27.1459,2.77024
29.511,127.259,-7.11243,2.77023
51.4983,123.255,65.1345,2.77022
45.2648,437.44,94.4343,2.77011
-10.6958,358.52,84.8657,2.77011
20.476,107.729,-28.6998,2.77004
19.547,234.627,-67.5944,2.76989
-0.930176,58.6687,-95.3066,2.76986
-2.09265,37.4561,-80.1346,2.76984
-36.6869,101.458,-12.3245,2.7698
37.1841,279.009,58.5046,2.76975
6.30701,427.324,-31.1322,2.7697
29.4764,316.808,8.42798,2.76947
9.7915,516.016,-29.8896,2.76936
-24.6361,272.162,27.9854,2.76927
-25.7404,4.71106,44.1436,2.76923
-39.2214,130.332,50.5175,2.76922
16.0563,306.17,26.2573,2.76915
26.837,343.056,16.5546,2.76912
-16.9263,248.696,29.637,2.76887
-37.4275,58.1862,14.7478,2.76882
-36.6724,124.993,94.2749,2.7688
14.3477,475.703,-66.0981,2.7687
44.2416,457.551,95.2675,2.76865
-45.2307,555.292,-32.0524,2.76863
9.75146,519.378,-78.9183,2.76853
14.1305,173.171,59.4119,2.76852
28.239,141.394,-2.56763,2.7685
3.37671,322.667,-10.4844,2.76823
26.0834,206.973,-34.553,2.76809
-45.2815,348.574,73.6514,2.76801
24.4543,575.845,95.2323,2.76797
-37.0171,27.1003,52.3752,2.76774
11.3621,452.715,-4.91943,2.7677
-37.652,510.136,-74.351,2.76763
-45.302,342.891,5.76611,2.76761
-15.0988,167.329,-77.3666,2.76739
-2.68298,377.057,-21.5323,2.76725
33.4086,570.54,23.912,2.7672
-28.2629,237.854,63.7142,2.76702
45.3158,361.954,95.3423,2.76686
-36.8582,518.226,-39.0822,2.76666
-7.8009,157.401,-63.4452,2.76665
42.6155,20.7625,52.3748,2.76643
-32.7488,351.909,34.4242,2.76641
11.6158,126.369,-45.3544,2.76638
-45.2408,552.156,-95.2385,2.76591
-23.6091,174.647,68.0851,2.7659
14.1934,137.855,-21.5225,2.76568
45.287,207.231,13.2588,2.76564
-9.28613,569.962,23.8904,2.76563
16.8538,537.738,32.9935,2.76552
-19.1974,529.308,-30.938,2.76545
-16.4852,188.096,-70.7632,2.76532
-5.73193,536.922,62.1154,2.76527
-45.3136,167.526,72.4861,2.76526
-8.83386,521.442,-45.6864,2.76514
-45.2938,299.638,-95.2894,2.7651
-16.2045,298.872,-45.4932,2.7651
-22.88,22.4669,74.4745,2.76472
-7.2533,512.688,-49.0939,2.76465
-9.07678,457.107,-14.5188,2.76462
-45.27,205.357,-95.2855,2.76457
20.7916,551.368,-87.7032,2.76443
43.726,130.303,-88.0378,2.76441
12.1654,297.519,16.6726,2.76441
17.6235,261.329,-91.7584,2.76438
-28.5789,403.758,-95.3438,2.76413
-40.4467,350.642,11.6766,2.76411
2.51855,123.531,-36.7257,2.76411
21.9237,268.347,-24.5593,2.76409
-22.9954,399.655,-88.818,2.76396
-7.29346,68.9788,15.667,2.76392
-31.6342,223.109,-70.4227,2.76388
0.0124512,273.403,76.4506,2.76372
36.5387,448.38,-50.0366,2.76354
36.3208,277.46,-13.5468,2.7633
-45.2452,357.962,-58.1184,2.7632
-10.2799,560.131,-95.2321,2.76292
-22.7659,189.509,-46.1957,2.7629
-26.5631,189.855,33.673,2.76242
-38.1642,331.983,-42.861,2.7624
-20.4607,423.306,-62.6879,2.7623
-27.9872,408.932,65.4441,2.76223
-0.289917,527.714,87.1265,2.76213
-14.0735,372.144,95.2645,2.76211
51.3013,13.8616,-83.5848,2.76206
-44.9954,128.218,-13.7423,2.76192
-34.1555,534.698,-95.2428,2.76179
29.5,4.64844,78.5962,2.76177
33.5082,304.595,-87.381,2.76177
1.67615,56.0958,-4.58557,2.76172
-45.2773,454.77,85.8896,2.76145
20.3562,480.186,34.2684,2.76138
-45.2612,269.357,77.0508,2.76131
-45.2709,274.178,6.55603,2.76099
-0.612793,11.9272,-72.4355,2.76094
0.927002,312.69,-87.4928,2.76082
5.31934,409.304,-87.3077,2.76078
45.2458,427.899,78.7607,2.76078
-36.1504,135.017,14.7318,2.76066
45.2405,355.66,-77.2716,2.76035
45.2754,291.251,52.6189,2.76011
-15.2145,531.202,-10.702,2.76008
28.99,291.918,13.7001,2.75994
-30.7258,447.273,-88.5073,2.75959
-25.3843,435.752,-26.6895,2.75938
16.1531,561.776,86.5814,2.75937
-7.00757,339.615,-37.1257,2.75935
-12.5774,69.6497,-4.9458,2.75925
-22.345,407.932,73.0444,2.75925
-12.6271,160.802,-70.9131,2.7591
17.8566,504.175,50.1774,2.759
-45.2538,511.824,-53.9282,2.7589
-37.1107,385.646,-15.6787,2.75888
-9.03723,63.6368,-95.2496,2.75883
45.3173,226.915,-30.3257,2.75872
51.3376,59.4927,-47.3181,2.75871
-45.3392,61.6337,-7.12915,2.75863
-3.85352,484.289,-23.4497,2.75857
-17.4996,348.078,-26.0457,2.75827
-6.46948,415.77,-28.8759,2.75808
22.9608,440.486,-2.79541,2.75806
7.11646,72.7848,-91.5789,2.75791
27.3975,12.9513,85.5775,2.75785
-28.9148,180.661,88.184,2.75755
-45.2509,408.118,48.0087,2.75748
-8.8689,184.511,-65.8781,2.75706
-1.02734,269.88,-7.66235,2.75701
-25.5986,506.956,25.364,2.75698
10.3022,474.13,-87.5613,2.75691
45.3486,212.105,-81.9995,2.75671
-45.3501,134.146,-83.4557,2.75658
-43.781,248.108,-75.8402,2.75637
15.6041,70.8687,-95.281,2.75636
31.0245,129.657,68.3776,2.75633
33.5952,110.311,48.3517,2.75607
15.0938,4.71008,-28.5117,2.75601
-29.8512,175.341,16.1073,2.75582
-28.0302,41.0873,95.2787,2.75567
-13.3193,525.247,58.4526,2.75556
12.5829,117.035,85.7556,2.75525
-15.98,4.6925,-95.2744,2.7552
-29.1378,415.257,-1.41431,2.75469
-3.89587,42.0509,95.2708,2.75441
43.9354,121.831,19.2623,2.75423
11.832,224.871,-67.7803,2.75415
31.5947,110.565,-95.2578,2.75414
51.3918,119.442,24.4396,2.75409
36.4054,148.936,78.6945,2.75409
35.5562,549.51,-94.9601,2.75395
-35.7645,257.55,13.4811,2.75387
6.62183,210.694,23.0559,2.75384
36.8209,208.794,-15.522,2.75384
2.3606,16.4752,-8.17639,2.7537
-10.0531,534.966,95.2615,2.75348
9.61584,243.846,86.6533,2.75344
-45.2776,149.65,95.2522,2.75321
29.9053,103.221,-87.5034,2.75316
-45.2799,411.009,66.5187,2.75316
-45.2532,454.947,-13.1146,2.75314
-15.7325,79.7245,74.2988,2.75306
-29.4967,50.3334,-8.50122,2.75284
-45.3081,97.5532,-12.2811,2.75283
-45.2527,62.2183,-61.3248,2.75277
-6.40186,429.741,-16.5918,2.75272
33.4874,79.4143,-69.7007,2.75256
-32.3485,420.794,14.8688,2.75251
-45.333,106.05,-77.944,2.75242
-45.312,480.003,95.2576,2.75237
45.2767,315.521,45.6748,2.752
-4.65393,300.757,-48.828,2.75189
-18.1279,356.747,-47.1191,2.75188
-20.1116,168.26,3.81372,2.75179
51.3174,91.2651,-8.13672,2.75178
10.1766,12.3123,-76.9189,2.75175
22.6229,419.168,-82.4855,2.75173
-1.24426,233.218,-94.1466,2.75162
22.2183,26.0425,-44.2743,2.75152
-9.12476,98.5951,-43.9949,2.75141
45.2549,557.284,-17.0721,2.75133
45.2494,564.403,-50.1768,2.75128
13.8923,421.187,82.7598,2.75127
36.3064,525.118,55.9281,2.75116
-45.3619,17.1785,-65.6415,2.751
-45.2509,157.551,-81.0973,2.75098
3.59448,362.455,-77.9207,2.75076
45.2494,509.184,50.9194,2.75068
45.2676,319.608,-16.7379,2.75066
-37.0242,432.601,95.2761,2.75052
-42.8639,418.101,-18.6709,2.7504
16.0022,486.76,-14.6827,2.75039
-0.0881348,114.693,-79.2474,2.75007
31.5712,52.3118,-13.5189,2.75006
36.9008,479.304,82.3307,2.75
-9.94165,293.725,-54.625,2.74997
-10.8491,570.556,-6.53857,2.74994
-6.53918,428.771,95.2676,2.74988
45.413,227.413,-87.0873,2.74981
-10.5339,352.821,-51.1571,2.74966
-22.2628,56.3661,-8.12073,2.7496
28.0077,124.033,84.6897,2.74951
-17.2626,286.976,-19.6732,2.74924
-4.39673,286.782,26.2664,2.74915
-28.1091,357.143,77.1974,2.7491
-25.7478,337.577,-95.3024,2.74879
36.9144,412.497,-68.6433,2.74861
-32.121,53.6344,-86.2148,2.7486
27.2377,530.94,-78.2231,2.74846
27.7385,528.384,20.9989,2.74824
-9.59399,329.034,-74.4222,2.74823
-19.6499,255.893,-58.8967,2.74822
16.8141,72.1036,95.3424,2.74821
-45.2561,475.653,5.71851,2.74796
21.584,87.2917,21.2131,2.7479
-37.0377,158.228,-48.1608,2.74771
20.7715,448.297,-85.0223,2.74768
12.1239,208.433,95.2864,2.74768
35.8188,393.795,-95.2631,2.74764
-10.3295,61.5244,64.9288,2.74752
-45.3893,170.685,-57.4926,2.74745
8.35144,74.2798,15.9062,2.74727
-0.825684,4.74121,73.118,2.7469
-11.6202,144.306,32.9438,2.7469
-9.55725,129.607,61.1775,2.74686
36.7212,217.093,95.3365,2.74685
-12.7123,302.364,60.4714,2.74675
-45.3561,36.8125,-75.6721,2.74671
36.4949,553.495,95.2606,2.74666
15.392,476.859,-95.108,2.74666
-0.236328,431.977,50.9551,2.74664
2.17773,383.343,-16.3204,2.74657
32.5411,193.627,57.4178,2.7464
-25.9209,94.7097,-50.1123,2.74639
-45.3701,159.911,-44.1003,2.74638
31.2939,131.652,-24.1351,2.74631
51.3475,98.9832,-82.7784,2.74624
36.4072,566.55,74.3284,2.74619
-17.3984,13.9036,5.37073,2.74609
-45.3169,325.766,-42.7773,2.74609
-13.8251,44.4509,-57.4479,2.74606
-45.2673,527.641,-84.4153,2.74584
-36.0297,428.794,-44.9976,2.74578
24.4404,332.273,86.401,2.74567
51.2791,140.928,-52.2234,2.74563
11.2345,495.774,-49.7482,2.74561
51.3245,82.2694,-44.4917,2.74559
23.2572,527.21,95.2573,2.74556
30.6628,151.866,48.3906,2.74551
23.4116,68.1782,47.553,2.74543
16.3944,257.066,-54.8966,2.74539
3.49622,77.5052,-84.1965,2.74532
-36.6373,197.09,-5.0647,2.74525
25.8389,536.404,-50.9037,2.74519
5.49561,336.938,73.9103,2.74512
7.78723,518.084,8.88159,2.74505
-32.7721,367.362,72.304,2.74502
-0.0306396,118.067,-18.0676,2.74484
23.0055,365.992,68.2291,2.74479
30.7054,168.828,-40.6667,2.74477
13.0485,354.499,52.3895,2.74475
33.3369,463.705,29.364,2.74458
26.0383,193.611,8.44116,2.74456
-20.6224,54.9528,16.9027,2.74443
-45.2572,54.0237,-66.3571,2.74429
-2.15088,375.77,4.75842,2.74424
27.0492,279.979,-67.5134,2.74411
-45.3491,97.7957,56.3469,2.74408
-36.6029,45.6039,-83.2128,2.74408
-45.3024,33.7087,-57.4296,2.74403
45.2957,295.559,-84.3606,2.74402
45.2844,262.321,53.7377,2.74399
-15.1599,409.428,57.7494,2.74398
45.28,297.659,5.99292,2.74395
18.7843,223.953,55.4824,2.74386
29.047,431.623,23.8691,2.7438
15.5618,112.892,-49.3926,2.74373
8.73242,471.337,-37.9415,2.74368
-45.3246,16.8223,-56.2445,2.74358
-30.3558,464.657,52.9844,2.74348
-45.2668,159.363,5.55237,2.74341
45.2688,316.599,36.2759,2.74339
-17.5542,438.866,85.8245,2.74337
36.0181,419.539,-84.1099,2.74323
-6.66467,546.709,66.2328,2.7431
-29.301,77.1133,-14.6864,2.74301
-45.2593,487.451,47.6196,2.74295
31.3174,124.106,14.4305,2.74268
-20.5742,239.152,42.5107,2.74261
6.80603,388.586,55.6335,2.74255
-27.9182,429.605,-57.9904,2.74248
-45.2644,564.38,-29.2617,2.74233
-27.7513,335.729,95.2708,2.74229
-24.6375,392.819,38.3154,2.74224
41.5752,79.3165,-95.2886,2.74213
18.9431,297.984,0.390625,2.74205
32.6746,280.894,86.7305,2.74199
-9.3324,535.77,31.1776,2.74195
7.89697,384.992,90.1978,2.7419
-21.6963,527.045,-95.2723,2.74185
43.609,291.161,-25.4519,2.74182
10.0751,96.0814,17.0701,2.7418
24.1418,218.854,-31.9948,2.74173
-28.9768,448.059,-40.1036,2.74173
-32.2811,340.065,56.0565,2.74163
31.9368,23.9938,43.2863,2.74158
2.86865,426.584,95.3,2.74152
45.2931,324.194,1.86401,2.74141
24.4562,197.845,44.5548,2.74132
45.2582,499.413,-66.7552,2.74127
-35.952,443.739,9.78235,2.7412
23.1985,264.995,49.1862,2.74119
-6.96887,185.997,-48.0499,2.74119
-36.7404,358.448,-12.5875,2.74118
25.0756,71.5869,56.0883,2.74112
9.96082,566.038,-94.2299,2.74106
-8.98083,202.894,14.3552,2.74104
-37.1648,197.105,60.8458,2.74101
-5.13806,345.808,-44.0349,2.74089
25.5107,323.949,-70.7677,2.74074
0.355713,351.964,-2.21997,2.74071
51.4102,83.5878,-15.5728,2.74061
45.321,187.04,-57.3582,2.74059
-13.6188,45.6516,-21.8322,2.74038
-34.9337,441.855,95.2639,2.74032
37.0486,203.047,-61.3267,2.74028
7.69861,481.256,-78.2982,2.74025
-5.73047,23.965,95.2751,2.73987
28.7445,11.9944,-70.4596,2.73968
40.6044,405.708,-30.5286,2.73928
6.61304,14.8086,0.071167,2.73921
-45.3308,64.0743,-81.8745,2.73905
-37.4163,157.753,-27.675,2.73885
43.8344,16.1357,-57.9589,2.73856
27.3774,67.8683,39.047,2.73851
24.7972,208.071,-53.8734,2.7384
14.2725,236.042,41.5145,2.73812
-29.9932,59.8245,-0.862427,2.73806
2.25146,228.605,-57.8485,2.7378
-45.2871,447.795,-19.3307,2.73774
25.3063,100.439,7.30347,2.73767
23.3328,316.246,-95.2826,2.73767
-35.8904,544.276,87.2118,2.73766
36.7125,528.091,65.4597,2.73755
-7.23633,193.159,37.1221,2.73751
-30.1639,168.055,69.4438,2.73744
26.5403,514.881,95.2639,2.73736
22.8308,243.828,-95.2931,2.73722
45.3146,323.533,-58.5448,2.7372
-19.6281,92.2002,-78.2582,2.73717
45.2996,308.748,-72.2333,2.73707
-45.3883,92.2242,14.3502,2.73704
-37.5054,322.84,-95.3137,2.73704
-15.5698,527.532,-58.6824,2.73676
-38.4933,336.402,-95.2771,2.73674
45.2639,467.229,-64.7095,2.73674
36.0623,552.076,21.406,2.73669
-29.5927,226.675,1.47168,2.73658
-36.6532,298.393,-25.7927,2.73653
-45.3104,274.399,28.5312,2.73592
-45.2778,11.8705,-48.2329,2.73585
-15.259,147.42,23.7822,2.73577
23.1123,315.928,-7.54443,2.73576
9.12573,395.301,-5.14856,2.73573
45.3544,305.103,84.9852,2.73546
45.2651,423.343,28.4907,2.7354
-0.930908,292.852,33.0669,2.7354
-23.0885,89.2306,42.9319,2.73538
9.55957,17.2439,-51.8256,2.73527
-39.1592,269.107,51.2252,2.73526
15.1317,360.386,45.2727,2.73523
-45.426,108.357,31.5121,2.73518
9.12756,53.1915,42.7841,2.73514
-5.32324,327.788,39.5018,2.73513
-17.4535,49.317,56.8401,2.73505
-16.6992,330.072,66.892,2.73496
-45.2915,319.916,63.0059,2.73466
17.6534,273.824,-57.9701,2.73457
-10.4081,312.786,4.67749,2.73455
35.7278,283.275,-95.3489,2.73455
1.42603,159.436,64.8372,2.73449
-45.3412,179.821,-60.8641,2.73437
2.88159,68.7391,48.6498,2.73428
18.7423,510.031,-81.6489,2.73399
-34.2104,132.393,-35.7362,2.73393
8.87585,105.868,-67.9247,2.73388
10.1959,556.714,-50.1824,2.73368
32.834,52.0468,36.4305,2.73344
-5.84583,314.082,-71.2983,2.73328
-5.14722,309.873,46.7539,2.73318
0.701904,4.70215,0.305908,2.73312
14.2411,47.9746,-76.2582,2.73301
-5.47437,78.7469,-28.1451,2.73297
-35.7943,353.948,86.1851,2.73268
-24.9338,83.0209,-54.6046,2.73241
45.2698,500.817,32.2477,2.73239
-28.0024,208.563,-46.6967,2.73232
-23.2639,522.087,-59.4636,2.73221
19.2719,117.507,-20.09,2.73218
26.6222,59.1006,35.7158,2.73207
-29.7823,221.547,-15.7028,2.73204
-29.7958,326.704,33.3459,2.73201
-14.2111,4.7251,26.9363,2.73189
-44.7803,196.184,-20.0646,2.73189
12.319,483.314,-86.3031,2.73182
22.4436,408.465,41.6542,2.73158
-45.3372,288.556,65.8545,2.73153
-45.3641,299.293,20.4686,2.73132
29.2246,412.741,-84.6361,2.73123
31.5734,63.1681,-30.8367,2.73092
0.552612,395.178,6.97058,2.73084
-19.8987,313.362,70.5825,2.73069
-33.0664,229.125,10.1356,2.73068
-31.2837,141.17,-42.7949,2.73058
30.4277,119.078,66.7433,2.73049
-14.9137,399.918,57.6417,2.73018
22.0504,461.999,4.49792,2.73013
18.8641,518.133,36.2826,2.7301
7.45715,473.157,-72.1018,2.73007
-45.2743,172.203,-22.3698,2.73
-9.17834,136.926,-62.3427,2.72998
-12.5016,43.1821,-67.0375,2.7299
36.1219,313.873,86.62,2.7298
38.0841,292.522,40.8053,2.72972
-11.2943,459.776,-84.3331,2.72966
-17.9611,214.892,-61.0447,2.72963
20.7629,87.7242,52.0656,2.72956
20.9708,96.4579,55.5339,2.7295
31.1592,548.136,-86.6704,2.7295
-23.536,197.526,8.20203,2.72943
8.22595,105.093,66.1584,2.72942
-28.8168,25.6857,59.6104,2.72925
-45.3497,142.434,-50.3339,2.72915
45.4061,368.034,-4.84021,2.72883
31.5674,38.7689,87.7913,2.72878
-3.06921,85.0776,-12.4315,2.72875
4.42749,121.806,86.021,2.7287
3.47595,387.238,22.4125,2.72868
21.1056,145.012,-75.749,2.72844
35.5278,195.918,73.9829,2.72837
10.3472,16.5491,-68.4735,2.72819
-32.6354,45.7307,74.4443,2.72817
25.7543,235.208,-2.16003,2.72809
-32.3672,233.884,-20.0236,2.72806
-25.3342,323.173,17.9215,2.72791
5.08337,462.908,48.5031,2.72791
26.4424,381.349,95.2949,2.72781
-45.3347,149.249,48.2583,2.72777
-40.9436,54.6227,70.1415,2.72757
-2.91797,22.3146,-38.906,2.72734
32.3691,210.522,35.0739,2.72727
24.7203,249.876,77.6945,2.72708
-6.08936,515.349,21.3871,2.72701
42.6831,117.927,27.7987,2.72695
-5.0448,437.869,-86.8492,2.72681
5.63965,54.3357,-37.5994,2.7268
-14.152,246.544,14.6002,2.7266
17.0626,394.06,-10.1041,2.72628
45.1725,147.446,-44.3069,2.72591
-27.882,520.167,-83.447,2.7259
-45.3005,265.994,1.84167,2.72571
14.4536,44.7458,-16.8423,2.7257
37.2703,197.83,64.8888,2.72554
-24.0437,513.362,-52.6331,2.72544
-45.3827,34.3562,-95.3156,2.72544
29.0543,563.346,-46.9086,2.72542
13.4675,341.634,71.952,2.72534
43.8091,137.456,-3.19031,2.72531
-36.9022,200.675,-95.3319,2.72527
51.3231,99.5459,9.92114,2.72521
-6.4364,224.089,26.1564,2.72514
-27.8186,349.86,83.2823,2.72508
45.2925,384.969,66.5839,2.72504
4.76965,175.191,23.4713,2.72492
-6.19739,161.855,30.6246,2.72487
36.3623,184.985,-95.2893,2.72486
0.685913,374.804,-93.5697,2.72486
-28.8057,463.187,11.3978,2.72485
28.45,221.139,-4.52429,2.72479
26.9169,195.778,77.6459,2.72471
8.52454,130.23,86.2278,2.72469
-18.1029,494.351,-11.0125,2.7244
-36.9375,29.7159,-30.0521,2.72433
25.502,257.711,13.1271,2.72417
45.2885,382.911,16.8767,2.72416
45.3223,304.466,50.6892,2.72415
-31.4773,330.085,-94.9944,2.72414
-33.1166,210.226,91.2448,2.72403
10.1912,487.055,46.1929,2.72384
-28.9039,376.124,55.6802,2.72374
-4.91797,191.216,28.2249,2.72358
-25.917,184.025,49.5844,2.72329
-34.8479,330.986,56.1658,2.72323
27.9532,573.176,31.2174,2.72322
-17.632,14.3077,-67.0803,2.72309
-12.5908,346.726,58.3856,2.72295
-6.76477,83.3661,51.7476,2.72289
-44.9437,569.525,-1.91101,2.72281
24.8228,158.13,84.6434,2.72279
-10.6516,184.641,-56.6162,2.72275
-25.941,207.841,-56.9971,2.72273
18.9036,128.059,50.817,2.72267
39.7032,474.62,71.7346,2.72258
-18.2385,170.853,55.175,2.7224
13.8962,374.507,-60.8264,2.72187
-36.4305,352.84,75.8539,2.72183
45.3269,317.035,-76.816,2.72178
12.5013,248.213,-75.1572,2.72157
3.52075,277.865,51.6266,2.72156
-45.2789,359.739,41.0118,2.72148
6.55493,288.463,-29.4644,2.72144
21.0389,79.7709,58.2274,2.72144
43.8433,102.841,-62.4141,2.72133
17.6798,103.085,-69.8218,2.72113
0.82959,495.143,-48.8256,2.72101
15.0042,23.7621,-56.9401,2.72088
-2.73718,345.964,33.0947,2.72073
-14.6158,399.848,13.3094,2.72072
-27.8179,294.985,-55.7084,2.72069
8.0824,151.081,23.6423,2.72048
11.9197,418.79,7.01428,2.72045
1.87341,344.134,-54.3488,2.72043
51.3329,40.3539,18.0726,2.72041
4.1886,182.492,95.4072,2.72037
3.06213,4.6803,81.6909,2.72032
-25.9603,69.838,13.4393,2.72007
45.3452,476.719,78.9574,2.72
-35.6572,421.009,42.8954,2.71976
-26.8915,235.637,0.157715,2.71975
-39.8082,328.76,-29.4581,2.71972
-27.9893,192.673,-38.9641,2.7197
0.271118,257.198,-51.2455,2.71969
-24.5092,485.265,-83.5166,2.71957
10.8711,229.466,-76.1747,2.71943
-11.3219,121.875,-56.7285,2.71941
-4.9303,244.21,19.1,2.71918
-25.2587,373.616,4.71582,2.71898
45.2854,539.253,-7.70337,2.71897
-24.8571,545.04,-15.2969,2.71891
37.2793,568.278,32.4398,2.71875
-33.3313,546.792,-61.6891,2.71859
43.0092,96.4061,95.4238,2.71847
-0.848999,248.247,79.5383,2.7183
-25.6232,508.363,57.8615,2.71814
12.496,268.449,-95.2952,2.7181
44.8203,423.876,-48.6754,2.71807
16.1161,193.403,44.8894,2.71805
45.2924,228.077,4.46179,2.71801
-22.8517,474.818,24.5981,2.71758
3.09277,25.192,-95.3843,2.71749
-27.3718,428.944,88.3376,2.7173
-45.2947,250.295,51.6854,2.71719
-5.39209,308.236,37.4771,2.71712
30.0449,272.38,95.3909,2.71701
-26.9871,115.003,-7.22083,2.717
29.9537,408.899,-50.1228,2.7169
-45.3188,391.101,-66.1039,2.71679
43.9095,48.5469,6.89844,2.71666
-15.844,314.812,44.7683,2.71642
-30.7865,183.328,79.3546,2.71632
37.2023,155.24,-71.7059,2.71632
-7.65613,240.033,-95.2937,2.71619
-32.8066,488.083,59.0386,2.71607
17.3008,24.9531,70.9921,2.71602
-36.8009,256.047,-36.1974,2.7157
35.6511,309.709,70.0881,2.71569
-6.52917,4.6593,-95.298,2.71546
-7.75427,138.017,-95.327,2.7154
1.31165,180.505,40.3818,2.71528
10.5525,283.557,43.7717,2.71522
35.6938,427.534,52.4788,2.71521
8.89148,64.2527,60.4843,2.71507
-12.692,53.9417,-37.8357,2.71492
20.4153,525.903,55.2626,2.71465
-4.27063,37.5687,-0.577515,2.7146
45.3497,200.461,95.3508,2.71459
-45.3126,381.642,30.1464,2.71457
45.3064,431.565,23.8866,2.71433
-22.5823,369.163,19.7704,2.71429
-35.8873,87.3615,-1.45361,2.71429
36.5027,279.76,95.297,2.71417
37.9381,487.478,-3.51038,2.71407
0.127686,544.733,51.7164,2.71392
3.19019,335.884,-92.8163,2.71382
19.1669,311.946,-61.1038,2.71361
42.1276,17.0205,-67.2271,2.71346
37.4666,396.631,58.0697,2.71341
4.18494,373.105,-77.5591,2.71316
3.49194,64.101,84.6218,2.71313
-45.3679,419.855,8.83984,2.71303
14.6511,150.049,-87.7858,2.71298
38.066,326.151,-4.76782,2.71264
-39.7816,503.931,-13.4722,2.71256
28.0085,366.22,-93.3888,2.71234
-37.3781,239.788,-6.37598,2.7122
-35.8959,70.7504,-12.5092,2.71207
42.5723,26.2993,76.0012,2.71201
-22.3842,497.826,-18.6666,2.71201
20.0355,76.5498,-33.9989,2.71196
-45.2949,403.945,60.1112,2.71183
-36.2733,395.97,79.0654,2.71166
-25.2413,385.975,86.0151,2.71158
-3.68066,419.778,95.2893,2.71156
-45.2905,232.428,-6.29272,2.71153
29.0056,211.646,95.3344,2.7114
45.371,249.797,75.4691,2.71137
35.4843,50.4497,56.9347,2.71132
0.677612,54.4363,-56.4856,2.71113
51.458,13.1565,-74.1505,2.71104
-21.5109,506.968,-15.5737,2.71071
-20.0299,535.543,47.9305,2.7107
-19.5297,139.087,-47.5942,2.7106
-45.3278,126.328,-88.6962,2.71051
-45.3397,57.4651,-75.1624,2.71046
5.94995,45.6406,60.7925,2.71033
-45.381,357.82,-8.87695,2.71032
-1.33936,173.775,-11.656,2.71023
21.7649,171.293,-85.3656,2.71021
16.4237,140.552,-82.8541,2.71014
25.8519,373.177,1.22693,2.71009
-35.3014,81.6725,-48.5502,2.71008
-24.8698,388.667,-43.9685,2.70999
-7.61011,508.223,-38.8665,2.70995
-45.3038,471.564,-35.7826,2.7099
32.0364,130.316,38.4893,2.70982
45.0135,485.916,-9.53589,2.7098
19.0085,516.982,-55.1191,2.70979
-0.556152,410.926,95.3282,2.70977
7.7699,497.336,28.1591,2.70974
17.9375,221.203,17.9,2.70967
-21.8239,51.549,-76.4816,2.70962
19.634,378.135,-20.4427,2.70938
-45.5742,126.302,-59.136,2.70937
-37.2888,156.038,29.0187,2.70933
-25.1926,497.312,-53.812,2.70931
-27.4617,487.69,-74.8461,2.70913
41.3822,358.294,42.2296,2.70899
16.2849,318.301,29.443,2.7087
32.4401,58.7549,62.1031,2.70868
45.2939,521.08,29.4514,2.70853
-32.4008,378.945,85.3627,2.7085
-24.782,114.269,46.8914,2.70834
9.81592,555.147,75.9042,2.70817
-15.7161,483.882,-95.3138,2.7081
-1.50159,4.68005,48.0266,2.70805
7.70911,99.5393,52.5663,2.70773
13.0469,282.023,-57.5645,2.70763
-45.3179,430.496,56.3535,2.70761
-45.2925,492.643,-33.5555,2.70744
-35.6061,363.137,-65.4363,2.70742
-0.339111,506.833,-44.6638,2.70735
0.410889,319.936,-19.0356,2.7073
30.0837,514.991,-76.754,2.70717
24.3823,197.478,-89.1932,2.70687
4.4386,321.673,-85.1456,2.70677
19.2505,470.69,6.84155,2.70675
2.73877,227.419,-67.1533,2.70664
-23.9929,469.959,-48.9189,2.70658
-37.4557,345.717,29.0743,2.70641
-21.9055,192.184,-77.8055,2.70605
-45.4117,90.9958,37.4115,2.70604
-36.3308,464.74,87.9611,2.70604
-37.0164,27.2561,-10.7494,2.70601
7.89648,390.807,3.03687,2.70591
-36.9022,551.118,-69.2592,2.70566
-45.3339,138.728,-41.6602,2.70541
45.3173,298.558,68.6152,2.70541
-1.79504,95.2714,3.54443,2.70532
-45.299,535.207,31.6835,2.70532
-32.6738,539.63,76.6865,2.70529
24.5452,96.73,-68.8912,2.70512
10.0685,399.453,-77.3832,2.70509
-9.65918,152.737,29.1959,2.70503
-16.494,440.246,2.88721,2.70493
25.5391,515.518,-19.2693,2.70461
-25.4148,34.1632,26.4741,2.70453
27.7432,358.769,-6.28967,2.70443
-6.49402,45.4186,20.9565,2.70437
-45.3574,32.7568,28.8945,2.70428
45.3164,393.023,-74.572,2.70416
25.1697,23.329,-16.7501,2.70414
-37.8602,534.186,47.4233,2.70409
0.419678,216.424,-31.9705,2.70371
-37.6449,160.324,-38.7106,2.70365
-37.0443,178.172,-8.22559,2.70347
45.3096,274.127,-87.7605,2.70336
-45.3381,287.952,56.4075,2.70328
-19.4563,452.569,-25.3281,2.70324
42.0122,4.63379,27.285,2.70313
-45.3263,449.991,17.642,2.70297
-3.04651,390.596,-19.2766,2.70294
-5.35205,74.3826,-57.501,2.7029
14.1538,398.926,95.3024,2.70288
-42.3539,314.693,38.5668,2.70287
-9.59851,125.197,7.18164,2.70286
32.7472,566.745,15.26,2.70282
30.4121,118.481,-66.4215,2.70267
21.9021,254.481,95.306,2.70258
-14.0339,131.834,1.01367,2.70253
-7.53052,455.443,91.2507,2.70247
2.67151,93.5353,87.4124,2.70242
-5.14233,266.823,72.0714,2.70239
20.046,252.845,-95.3639,2.70238
-36.422,143.105,79.8818,2.70221
29.2059,377.697,51.0605,2.70202
-30.7288,217.545,-42.917,2.70199
30.7515,215.258,16.4353,2.70186
-30.0496,533.446,-72.0656,2.70182
10.8633,66.6689,-13.048,2.70179
14.906,70.8824,-41.9087,2.70166
-27.4468,268.878,-95.3903,2.70153
-37.4436,306.095,-86.8745,2.70134
-45.333,237.407,-53.1791,2.70132
-10.4608,93.7478,38.994,2.70093
-22.822,392.926,95.3275,2.7009
31.2799,87.4708,-85.5333,2.70064
-11.2887,497.319,-38.2834,2.70059
22.7269,470.037,-61.6353,2.70056
-45.3367,414.573,-10.2775,2.70055
24.23,515.522,-6.69751,2.70055
-30.5189,341.209,-70.0665,2.70035
-37.7703,485.665,95.3267,2.7001
-16.3575,231.84,-58.3345,2.70002
-27.926,36.8344,-55.4314,2.69994
-24.7499,533.239,-46.0364,2.6999
-15.4249,289.448,60.4099,2.69984
-10.7874,163.113,-3.07642,2.69983
19.4064,67.1453,-8.26648,2.69981
-32.2599,484.231,-6.06018,2.69974
-2.38452,330.683,-86.5504,2.69924
1.63818,188.702,34.4463,2.69924
15.3644,521.459,-24.5181,2.69918
-28.7394,26.8906,-21.2799,2.69896
-13.4266,60.5044,-6.9054,2.69894
51.3383,4.68323,57.8198,2.6989
18.3374,446.966,-67.6415,2.69889
27.9191,34.3916,-46.4982,2.69888
36.5056,456.344,-67.5233,2.69876
51.3014,110.644,-38.9552,2.69871
-25.3025,427.073,14.8463,2.6985
-1.32104,293.591,15.8138,2.69842
-43.3534,230.313,70.5773,2.69835
-14.0435,539.683,-15.4288,2.69826
10.2109,156.965,67.2235,2.69814
-15.532,77.9055,-1.56604,2.69811
-45.3239,429.252,8.47742,2.69769
-26.6542,122.59,87.4565,2.69766
6.69702,495.59,-41.4764,2.6976
30.6633,481.366,-35.9554,2.69758
16.538,214.921,26.1067,2.6974
-12.5862,237.262,14.3888,2.69738
-45.4778,105.155,-6.69531,2.69729
-37.3794,524.811,47.722,2.69725
26.2189,382.192,78.1851,2.69693
2.83923,172.974,95.3353,2.69687
-45.3304,331.635,85.8347,2.69672
-8.01611,429.006,-85.743,2.69661
-11.1892,304.675,-95.3778,2.69639
-32.2058,327.209,-1.48193,2.69612
-35.4581,194.931,31.1908,2.69609
7.64392,4.57129,-34.2017,2.69601
9.81787,531.611,48.9781,2.69575
-18.1743,11.3694,14.389,2.69551
-15.6852,365.844,-46.9359,2.69546
-25.5876,416.691,-49.6309,2.69536
-45.3274,140.247,95.3085,2.69534
-37.1167,407.268,63.6205,2.69533
32.2562,31.0333,-78.2472,2.69532
-27.6282,127.44,95.3912,2.69516
-27.7286,74.0946,-54.0901,2.69513
28.4248,415.741,-18.1403,2.69495
-45.4061,336.722,21.5612,2.69493
-45.3665,238.662,-62.4672,2.69479
21.7444,389.216,-67.4636,2.69476
-18.7852,295.496,-58.1659,2.69476
8.5105,474.547,95.306,2.69473
-29.6832,511.747,50.0828,2.69449
-37.1248,344.525,38.3715,2.69449
-37.2133,428.695,13.1404,2.69447
8.69409,96.3506,69.5631,2.69431
-17.3521,247.958,43.0693,2.69425
-1.55579,549.213,-22.4532,2.69424
25.5612,79.3848,36.9176,2.69407
-12.387,166.512,17.1178,2.69404
-12.0809,327.4,87.219,2.69376
-19.2988,541.621,-42.998,2.69373
-38.4663,5.42346,-95.4905,2.69369
-28.8037,249.715,-44.7848,2.69348
-45.3566,452.391,-33.8745,2.69336
23.1599,496.361,-91.6036,2.69312
6.11597,11.3191,-27.8799,2.6931
36.5,152.225,87.3981,2.6929
-17.5094,54.2614,-65.5306,2.69285
-34.6965,508.273,-6.85938,2.69275
-29.6132,343.125,89.7461,2.69274
-45.1034,4.69287,85.2842,2.69266
8.60303,515.947,18.0269,2.69261
23.6788,569.871,-42.7631,2.69258
35.458,562.869,95.0214,2.69238
17.6031,146.57,-22.6823,2.6923
-29.0978,211.873,19.2135,2.69226
32.2966,470.355,-35.1395,2.6922
-16.5496,501.184,54.4984,2.69218
28.0724,60.4694,44.8252,2.69212
38.8575,373.318,-23.2245,2.69194
20.3199,525.265,45.8788,2.69191
51.4052,98.6387,34.6525,2.69185
4.40295,537.759,-48.2583,2.6915
-45.3668,289.919,17.4908,2.69139
24.3164,359.142,-86.3019,2.69138
13.5303,528.665,95.2952,2.69135
-8.39221,121.242,-32.6486,2.69129
41.6528,111.38,-85.6113,2.69119
45.3196,266.677,-24.1378,2.69115
-24.9817,508.246,-1.00232,2.69103
15.0874,266.35,-52.851,2.69102
35.652,321.593,95.4597,2.69099
-29.4281,198.101,0.917969,2.69097
8.05334,11.8577,85.1553,2.69092
23.7855,231.078,-36.6527,2.69076
28.2084,531.512,29.8763,2.69072
46.292,139.349,-86.6141,2.6907
-19.2024,564.508,68.4171,2.69061
-45.3232,412.053,87.0822,2.69057
36.6064,132.961,95.4041,2.69048
45.3218,452.799,-95.3376,2.69042
-35.4766,67.9399,55.3076,2.69041
17.806,237.279,95.3271,2.69033
-3.08997,168.316,-3.83325,2.68993
-7.69531,407.396,-95.3574,2.68983
16.7388,493.189,-32.7578,2.68969
-21.1348,307.911,-35.8599,2.68967
33.1113,66.9989,57.7164,2.6896
-35.9292,424.333,-15.5673,2.68956
-18.764,532.108,-2.00159,2.6894
9.08289,359.13,66.3492,2.6894
5.83362,95.6465,-33.5853,2.68931
20.6683,493.508,-49.0344,2.68928
-28.2822,544.867,-24.1575,2.68925
-23.1897,46.6727,13.4158,2.68917
45.3312,430.817,-54.9869,2.68912
-35.98,292.571,-59.6525,2.68896
-45.4186,164.385,86.0476,2.68895
11.4453,451.361,4.56494,2.68874
-45.3151,565.49,-58.8243,2.68873
-27.9644,252.911,-36.0248,2.68865
-45.3757,241.767,84.2238,2.68843
-45.3225,265.686,-33.7993,2.68813
34.1466,441.144,-44.4579,2.68809
-45.3521,82.0537,67.8213,2.68796
15.7948,97.9476,-53.3329,2.68796
-28.3203,262.828,11.1797,2.68784
-30.1107,164.124,15.9745,2.6878
-7.44666,150.854,8.01416,2.68736
-28.7262,361.429,66.2527,2.68734
26.1506,502.139,-44.2987,2.68733
36.41,14.9364,86.9271,2.68725
13.3315,281.551,81.0693,2.68719
-14.2443,474.31,-1.98499,2.68715
11.0231,415.599,34.6847,2.68708
27.8778,491.021,-18.8129,2.68707
25.9597,285.007,-27.5068,2.68701
-18.8301,281.429,-77.6426,2.687
-27.9491,534.678,95.3135,2.68698
-7.36829,37.014,70.2236,2.68688
-16.146,559.697,33.4131,2.68685
45.3534,442.24,86.1857,2.6867
51.3386,145.226,-66.6056,2.68648
6.7616,320.144,23.4277,2.68639
-22.2704,469.965,34.5815,2.68635
-45.3545,29.3192,11.0688,2.68635
19.6484,545.093,57.9463,2.68626
5.02637,243.39,16.095,2.68626
33.8138,4.66003,5.74475,2.68622
11.3712,246.019,77.6968,2.6862
8.59827,322.36,46.0437,2.68617
18.4524,332.239,-90.2755,2.68608
11.6113,367.443,-78.423,2.68597
26.5549,250.344,18.9105,2.68596
-9.63208,493.223,-46.5541,2.68581
31.0514,473.643,-43.9446,2.68571
-18.9928,432.959,18.5322,2.68548
1.84082,447.542,18.1097,2.68531
-24.6964,348.497,-70.6469,2.68525
-3.61426,456.892,75.1183,2.68522
-45.3274,420.614,83.3276,2.68518
7.82043,539.053,-1.5127,2.68512
6.83228,560.301,86.2034,2.68512
11.1493,552.79,-13.6993,2.68504
-10.0189,500.089,28.8617,2.68503
24.5123,317.942,24.96,2.68485
10.2502,36.942,-19.9442,2.68479
-40.5834,499.922,-87.7302,2.68465
8.7002,154.915,2.72046,2.68453
35.7994,498.228,-20.175,2.68444
-7.3905,397.718,51.9758,2.68441
-25.983,73.4592,29.5278,2.68426
-38.024,414.44,49.1741,2.68417
45.3685,329.211,32.4506,2.68413
-24.5048,223.537,68.8033,2.68412
32.327,38.0673,33.6257,2.68404
39.6719,475.431,32.1097,2.68401
51.4319,4.66003,-85.7189,2.68395
22.9076,397.908,-85.7936,2.68388
21.3872,542.136,40.0148,2.68367
45.4242,180.869,3.41138,2.68364
-28.1785,102.68,32.9847,2.68363
-9.83911,72.4122,-44.3848,2.68356
-9.35901,570.99,-95.3184,2.68349
-28.599,4.66699,-82.132,2.68333
29.796,457.836,86.2051,2.68319
32.6646,550.118,87.339,2.68305
45.3644,350.198,0.581177,2.68292
-9.1842,271.305,-77.6621,2.68287
37.9042,562.769,-43.7728,2.68285
-35.652,384.797,68.9489,2.68276
-2.48999,396.793,-47.1821,2.6827
17.041,346.149,-64.3337,2.6827
-37.8278,22.7461,-65.8599,2.68264
32.4353,189.602,48.899,2.68262
35.9584,270.863,63.1051,2.68261
30.2454,333.639,-51.8544,2.68255
-45.334,426.983,-20.545,2.68248
11.5164,164.228,11.8032,2.68223
-25.5444,441.174,-34.6686,2.68219
27.7561,422.711,26.578,2.68216
-3.96631,156.851,57.6145,2.68202
-0.538452,77.5193,95.4319,2.68202
45.3474,416.622,-65.8438,2.68195
-9.17041,4.67554,-8.74622,2.6818
-18.2406,77.0619,25.8132,2.68166
-19.4354,180.819,-15.1847,2.68163
-38.631,212.166,-60.6504,2.68138
-28.9076,237.181,-67.4968,2.68133
-37.0073,561.253,-44.7325,2.68125
-15.7189,503.255,-9.18201,2.68069
12.6244,63.361,69.0188,2.68068
-14.5697,480.293,85.6257,2.68024
-45.3226,342.235,-35.2327,2.68023
-35.0968,13.5555,-31.5477,2.68018
-36.4796,507.282,81.1354,2.68007
8.09021,257.62,-19.4016,2.67973
3.27551,216.643,80.0137,2.67973
-22.8987,537.393,-27.7629,2.67965
6.79333,182.59,-72.5797,2.67962
1.40906,457.739,-13.2988,2.67962
-15.1223,421.703,9.20032,2.6796
-8.26587,285.957,0.54895,2.67954
-8.54321,564.938,31.8511,2.67951
-36.1332,568.974,17.9081,2.67926
15.5468,196.793,-75.6957,2.67921
35.0515,549.234,-61.7997,2.67919
1.87183,536.468,-9.33862,2.67919
36.4324,321.634,21.0118,2.67915
12.6272,354.327,-63.7615,2.67894
-25.0757,228.009,-20.5735,2.67877
45.3552,154.139,-37.8654,2.67874
-6.8988,109.312,82.0997,2.67865
9.90198,497.849,14.015,2.67836
-36.6393,59.2092,-31.4769,2.67835
-20.1958,271.508,-28.9908,2.67833
-45.3217,558.601,-40.8971,2.6783
38.8831,374.421,-6.93188,2.67826
-3.78503,44.0968,-24.3215,2.67823
-2.25659,50.715,66.9413,2.6782
-28.4204,422.876,76.7161,2.67804
10.5776,272.234,1.22278,2.67793
-3.85193,310.51,-95.329,2.67779
-14.976,53.5854,-82.4705,2.67774
42.0989,32.8715,-58.2527,2.67755
19.479,43.4552,46.3663,2.67746
-3.58435,249.944,70.3615,2.67739
-33.682,304.63,-95.3304,2.67738
-29.6331,419.707,85.4043,2.67732
22.2844,118.164,-36.5059,2.67692
1.19666,35.3295,-21.4397,2.67684
-36.2163,567.154,89.2465,2.67663
45.3346,459.304,77.9452,2.67647
-33.0005,319.345,38.2076,2.67624
-45.3607,208.329,85.2129,2.67616
23.6628,432.74,-22.582,2.6761
-15.5781,31.2153,86.6799,2.67607
-45.3337,372.377,7.08423,2.67601
-33.1874,266.013,-75.0223,2.67599
-44.062,570.314,-83.6771,2.67571
30.2191,213.831,-48.7791,2.67569
22.7849,134.051,87.9012,2.67568
38.0095,425.104,-56.0376,2.67558
-44.9098,289.966,-60.731,2.67535
-0.868286,461.934,-35.1752,2.67522
-24.5294,317.935,-58.9718,2.67522
0.637695,245.92,88.4713,2.67496
-15.6713,4.56775,49.5076,2.67488
-45.3372,356.724,26.5684,2.67485
-20.234,424.281,-53.3051,2.67481
10.2354,495.86,65.5521,2.67479
33.2303,139.768,15.2295,2.67445
10.9271,550.051,-87.6968,2.67441
5.75513,126.334,47.5636,2.67414
4.77271,71.5802,31.8248,2.67374
31.9022,429.18,67.0295,2.67373
-39.6385,454.973,67.4009,2.67335
-45.3591,395.603,55.8748,2.67334
-4.4043,249.976,-54.9493,2.67313
-35.9739,92.387,-95.4589,2.67312
45.3407,438.997,-59.5061,2.67297
21.1622,14.4448,11.1528,2.67291
-26.5262,11.7321,18.6057,2.67286
-45.3962,108.105,-37.2366,2.67256
-2.2522,92.0762,-87.8623,2.67234
0.288452,95.2739,-79.4851,2.67212
-15.7617,144.264,84.2949,2.67199
45.364,419.437,-56.9275,2.67186
-36.8431,142.74,-90.6899,2.67185
36.2111,423.48,61.0153,2.67181
-45.3727,377.827,88.8374,2.67168
17.1947,308.033,77.4001,2.6716
-33.9354,17.9716,-72.7832,2.67157
18.2606,134.185,-95.0372,2.67148
-26.447,369.128,61.462,2.67146
-26.4098,397.659,-20.3599,2.67121
10.9589,231.629,33.8313,2.67121
12.3926,189.905,67.224,2.671
-36.0365,367.769,-11.5342,2.67096
-37.4357,300.782,15.7927,2.67094
37.7266,69.8994,95.5966,2.67083
-27.8342,188.331,-30.6864,2.67082
-9.22485,365.225,34.339,2.67079
-23.3781,517.05,85.7482,2.67071
25.2738,115.769,-28.0367,2.67068
-45.349,120.548,-19.1283,2.67068
0.207642,75.9709,74.6879,2.67042
51.4937,48.0267,-44.5227,2.67037
45.3424,491.331,0.748047,2.67026
44.8021,50.6936,56.1749,2.67021
13.9301,67.6836,-58.4135,2.67011
31.0176,319.257,-11.316,2.67006
-34.3912,351.746,-18.9932,2.67004
5.01086,556.725,36.6818,2.66984
-45.3723,390.557,-29.4648,2.66973
28.5292,527.653,-53.0797,2.66963
-30.4597,444.577,-20.3042,2.66948
-45.3584,249.474,-3.8833,2.6694
19.5236,419.897,-61.502,2.66937
45.3347,431.443,33.2665,2.66923
-45.5322,305.529,58.1085,2.66919
45.3329,466.847,72.4335,2.66918
-45.4021,174.399,78.8738,2.66916
-2.8678,186.764,57.9312,2.66906
4.54004,262.674,49.3787,2.66904
51.3813,31.8787,-41.4492,2.66885
-17.8802,113.782,20.0083,2.66885
22.2725,486.465,-55.3136,2.66882
25.7529,181.193,80.0386,2.66857
45.3843,275.148,-52.585,2.66853
16.2047,59.1187,-11.7881,2.66835
-12.0974,481.66,-19.7164,2.66816
-45.3752,357.07,16.4425,2.66808
51.3655,113.289,43.3352,2.66803
-12.8627,69.8125,-60.6521,2.66802
-45.3453,245.751,59.8163,2.66793
-15.9159,26.126,50.9576,2.66792
5.2793,486.93,-95.3517,2.66789
-45.4158,48.1089,75.1956,2.66765
-19.4611,139.546,6.22498,2.66764
-29.428,411.062,7.00879,2.66743
-12.6091,354.896,18.2771,2.66727
34.6083,4.63354,32.9952,2.66726
-7.72205,478.819,21.556,2.66715
45.3666,323.334,15.8618,2.66703
25.0552,123.084,-14.3075,2.66697
24.3335,474.65,-37.5236,2.66696
-22.1432,69.504,21.9855,2.66693
-28.311,316.314,76.7689,2.66684
-0.224243,388.73,-86.599,2.66681
45.3665,244.354,-64.4624,2.66677
45.3387,383.984,75.9186,2.66667
-38.0251,221.519,-47.1313,2.66663
36.8781,366.041,95.4088,2.66656
43.215,4.60779,53.2301,2.66647
13.7828,367.068,24.7921,2.66638
-8.98157,352.264,-86.3597,2.66613
-16.9867,89.1616,-20.6941,2.66591
17.0132,331.449,-27.2312,2.6659
-30.7437,509.251,-68.0149,2.6657
-34.6487,151.132,-87.2513,2.66567
-45.3708,104.815,-27.2206,2.66565
-45.4133,34.641,-48.2322,2.66562
-8.87195,497.291,92.3124,2.66559
45.334,192.293,26.9685,2.66556
-7.33521,65.629,76.5201,2.66556
-45.3342,556.601,-10.5826,2.66523
-34.7881,410.632,-35.7496,2.66514
-24.9821,562.39,61.376,2.66498
32.0254,213.145,26.1017,2.66497
-26.4146,329.252,24.9744,2.66487
-20.6641,11.5573,85.308,2.6647
-36.7213,469.271,-75.2457,2.66448
-45.1733,154.723,39.9772,2.66429
6.38757,29.3757,28.6097,2.66428
-9.54224,89.7642,-47.1384,2.66427
24.8677,225.324,74.1469,2.66417
-45.3615,134.022,-21.0995,2.66414
-45.3535,175.465,59.9341,2.66409
-37.6365,184.863,73.2463,2.66407
41.7562,15.7836,-33.4811,2.66403
43.9503,540.225,10.8427,2.66399
33.7909,545.025,27.1827,2.66396
-37.7115,333.714,-5.15857,2.66366
-7.87073,488.285,-70.3894,2.66364
27.2567,180.583,95.3649,2.66361
26.9897,465.343,-42.5775,2.66347
-8.62976,229.143,-44.2756,2.66339
28.4404,327.15,-79.0183,2.66334
-13.8785,501.705,-18.1945,2.66317
-32.5874,61.665,41.6423,2.66312
17.042,462.418,-61.9849,2.66301
34.6,311.032,-80.6152,2.66282
24.7472,215.217,-95.3467,2.66267
30.6752,216.564,-85.3369,2.66264
-35.1913,68.3215,-34.7249,2.66263
12.0579,529.475,57.8098,2.66261
-16.4027,430.823,-58.7533,2.6626
-13.8977,513.822,43.0922,2.66223
24.4509,310.669,-52.6967,2.66221
11.9886,338.782,-66.8461,2.66213
-11.7993,445.811,8.72314,2.66208
12.0259,568.017,18.3203,2.66183
-4.81873,391.597,-58.9958,2.66167
45.3799,390.327,95.3513,2.66163
-45.3107,137.531,76.1571,2.6614
-6.28345,96.8447,46.9243,2.66138
-45.3406,459.862,74.1256,2.66129
29.2548,223.462,62.2488,2.66124
-2.77637,306.632,-29.3099,2.66123
-45.3494,496.727,52.3932,2.6612
-30.6779,446.62,17.1835,2.66116
-35.894,134.281,95.4199,2.66114
16.5876,488.416,31.6575,2.66107
5.88257,85.7805,-30.3365,2.66094
-38.2762,100.902,-64.796,2.66092
37.3145,325.371,-14.3461,2.66072
-45.4562,48.9503,64.2241,2.66067
45.3439,519.13,57.9264,2.66067
15.7277,208.462,-90.4865,2.66057
-25.9453,194.398,-23.8844,2.66044
36.348,310.758,10.488,2.66033
-17.0599,182.863,-80.204,2.6603
31.8477,376.692,26.5643,2.6603
-36.017,284.759,95.3561,2.66029
-30.2214,546.996,39.8892,2.66024
23.8102,25.1832,30.5243,2.66023
45.3486,493.611,9.79224,2.66023
-26.8846,213.581,52.488,2.66022
-45.4385,337.782,-2.10071,2.66017
-3.90149,196.023,62.7489,2.66004
-13.5431,185.806,41.6945,2.65987
-8.54138,264.715,28.8324,2.65975
-45.3414,526.01,29.9264,2.65973
-3.83435,539.642,1.83105,2.65966
-21.6942,318.459,-71.6306,2.65956
9.24365,258.864,77.9597,2.65942
38.5515,50.7192,95.4058,2.65923
21.6206,236.502,-87.4556,2.65921
38.6981,56.7014,3.93652,2.65908
11.9336,144.536,49.7078,2.65903
-33.871,253.501,-54.0862,2.65898
44.1652,469.207,63.4913,2.65897
-9.98621,218.711,-19.2939,2.65893
31.1361,57.5251,17.9755,2.65884
27.0792,392.236,-48.7734,2.65881
-18.8365,35.4331,-53.8865,2.65849
-37.2878,269.348,5.36523,2.65843
42.1566,258.189,-76.5052,2.65839
35.3881,57.3527,-24.575,2.65838
-36.5588,159.134,-57.4595,2.65814
-13.7598,124.841,-48.2147,2.65811
35.9384,191.966,11.2384,2.65804
7.09546,15.2372,59.7393,2.65802
-15.7782,271.678,-37.1852,2.65801
-45.4106,97.3936,-21.6462,2.65796
-11.3884,295.124,-63.8136,2.65795
-0.942749,341.536,79.5605,2.65787
-45.4185,220.772,-20.8567,2.65782
34.7297,290.326,28.9314,2.65774
-37.0674,115.672,95.3965,2.65752
45.4021,337.498,74.8186,2.6574
8.09094,550.271,-5.24097,2.6574
24.759,92.2834,80.5778,2.65739
25.4033,208.312,87.3679,2.65737
29.8202,340.665,5.13208,2.65727
4.97742,390.544,13.7919,2.65722
-29.9604,116.409,-28.5629,2.65693
-45.3665,487.948,-51.822,2.6569
-28.87,441.529,61.5123,2.65685
18.7169,552.158,51.2917,2.6567
-36.792,318.815,46.6793,2.65668
9.90161,310.127,-87.0057,2.65649
2.14368,391.89,-77.9591,2.65641
-4.651,323.413,-80.113,2.65626
25.3179,474.827,-71.7488,2.65624
38.6758,228.525,61.0181,2.65614
-25.458,136.943,-64.8948,2.65606
22.5004,164.725,-38.7621,2.65586
8.34326,80.3235,95.4121,2.65578
3.05579,548.184,-14.3894,2.65576
-28.6207,424.41,-67.4608,2.65576
0.316772,298.095,-95.4395,2.65569
43.5547,9.01099,87.0494,2.65565
-19.8973,118.16,-95.4153,2.6556
-34.2549,339.423,-38.6167,2.65555
-17.6976,147.989,48.2494,2.65531
45.4584,160.768,95.3958,2.65525
4.83704,147.258,31.5393,2.65521
9.58374,70.9862,83.5217,2.65521
19.0669,120.62,-44.9114,2.6552
2.98584,539.006,44.2703,2.65519
27.0673,318.711,33.911,2.65514
5.55225,350.156,34.3652,2.65513
18.0498,262.276,-82.4232,2.65497
35.8694,556.093,-88.2443,2.65495
-3.29858,198.966,95.4684,2.65488
-35.3918,146.182,-79.3887,2.65481
35.2721,99.979,53.3413,2.65474
1.17273,442.045,77.7875,2.65468
9.85474,539.422,-94.9747,2.65468
23.9493,321.47,-16.9686,2.65461
-3.41675,346.082,-90.5513,2.65448
-32.0674,448.352,48.7126,2.65439
-16.5743,53.3252,-56.2845,2.65421
-17.2334,231.775,81.6194,2.65407
45.3695,331.895,-51.6335,2.65406
-34.5398,362.691,39.7979,2.65404
-31.4008,184.726,15.1049,2.65397
-5.48767,558.522,-85.4121,2.65397
-16.4967,506.761,82.6481,2.65394
-26.8536,530.402,-88.1853,2.65389
45.4156,265.695,-3.41028,2.65387
-45.3909,335.992,-27.3755,2.65373
-45.3483,428.405,78.2006,2.65365
27.3618,136.823,95.5144,2.65361
15.828,158.755,-11.7172,2.65361
-28.9971,415.007,-29.9204,2.65356
36.6832,421.178,23.2511,2.65353
-28.3966,313.702,-36.8501,2.65343
1.46179,279.986,-44.7402,2.65337
41.9166,547.766,-52.2129,2.6533
30.1465,377.421,-5.88818,2.65324
22.0437,417.24,21.6742,2.6532
-34.7579,205.437,-65.8004,2.65306
0.857544,544.448,-4.61487,2.65305
45.3923,290.647,-66.4036,2.65296
35.333,512.215,15.5577,2.65294
20.4762,443.229,-95.369,2.65288
-31.3175,376.649,-76.9127,2.65273
45.3571,510.037,93.5023,2.65256
18.1821,501.052,64.9651,2.65253
14.4928,408.246,95.3967,2.6524
35.2571,522.012,-63.973,2.65229
-27.6533,232.673,-95.3939,2.65215
-14.7118,463.187,61.3281,2.65191
5.85388,146.917,-87.1492,2.65177
-16.7472,460.56,51.9254,2.65157
8.31873,515.063,-69.9525,2.65139
-36.0397,569.032,-17.4475,2.65136
30.2062,461.259,-34.8522,2.65129
-45.4463,20.8132,-9.78162,2.65121
-4.61877,170.737,6.71667,2.65106
-12.5327,133.48,-45.1532,2.65093
-7.1947,201.757,-17.8296,2.65089
-35.1027,285.23,-1.12427,2.65085
-13.0211,114.839,95.374,2.65076
-18.5928,89.6952,-87.7802,2.65069
10.5442,470.133,3.45654,2.65055
24.1122,110.972,45.9806,2.65045
31.0604,264.561,83.5692,2.65042
18.3459,561.962,-95.3527,2.65041
-7.99512,241.196,-34.1472,2.65039
-2.84155,558.028,85.9755,2.65015
-45.3584,479.752,-3.15466,2.65003
33.2356,77.1584,70.9598,2.64992
19.1772,31.0068,-95.3588,2.64983
-20.0913,78.2289,43.2358,2.64977
51.3651,54.0348,5.46924,2.64975
20.0265,385.804,-44.7042,2.64968
-19.5596,300.528,-95.3687,2.64962
20.0687,174.78,95.4725,2.64962
-7.19739,179.464,44.1382,2.64948
-45.469,235.593,37.389,2.64944
-28.5009,376.33,18.6616,2.64941
-18.6937,138.969,50.1194,2.64926
45.4619,410.07,65.6071,2.64925
-13.954,453.799,-4.76233,2.6489
44.6189,570.471,95.3514,2.64885
-35.8031,226.569,95.3885,2.64849
-11.5397,555.203,84.2712,2.64848
11.4816,523.301,-16.2196,2.6484
36.2078,525.673,82.9897,2.6484
-45.3789,129.255,57.5139,2.64834
-6.10254,325.956,-33.5031,2.64833
45.3585,524.785,-95.36,2.64817
-35.5092,314.562,-51.5289,2.64815
13.7432,15.0056,-59.8739,2.64815
-45.3507,532.08,22.8715,2.64798
51.3755,99.7273,67.2762,2.64795
17.0204,247.824,-29.715,2.64788
37.239,162.762,49.386,2.6478
-14.6115,487.704,-62.5831,2.64774
-4.65552,87.1321,-95.3704,2.6477
25.1115,177.297,4.37622,2.64738
-19.1584,430.27,-72.5312,2.64735
14.0774,558.645,-58.5011,2.64734
2.39307,175.177,-76.105,2.64719
-1.60425,494.666,87.1389,2.64719
4.4231,500.791,7.07739,2.6471
-6.07666,71.1302,50.0487,2.64704
-45.3744,463.789,-40.9683,2.64693
-45.3887,337.214,-57.781,2.64678
-20.8667,4.4989,19.978,2.6467
-26.9347,33.4232,-46.7942,2.64651
45.3822,408.943,85.9856,2.64649
-22.5094,479.089,-25.3214,2.64644
35.8287,41.7588,-95.4467,2.64636
6.83044,107.604,75.0651,2.6463
20.8202,249.928,11.1288,2.64622
32.0479,14.5536,-12.8763,2.64615
15.6084,367.769,-43.1699,2.64593
-2.62354,163.895,12.6693,2.64592
-37.1351,317.392,72.8312,2.64591
1.9408,50.5961,-13.8282,2.64587
-10.9293,184.655,-31.3739,2.64574
45.4337,218.683,-50.4956,2.64558
25.8882,538.188,58.5076,2.64548
-30.8162,33.4849,-86.5422,2.64545
-25.344,252.836,29.0801,2.64538
5.74573,25.6531,-39.3909,2.64536
-17.4652,444.417,-5.3988,2.64534
-45.3827,19.9247,-43.4575,2.64522
-33.7904,95.1603,-86.1073,2.64513
-0.236694,194.344,20.776,2.64503
-26.6725,247.683,-53.609,2.645
22.2239,311.329,31.1307,2.64495
18.2441,315.754,95.4321,2.64493
-0.950439,333.252,16.3644,2.6449
51.4148,69.476,26.0878,2.64487
4.08862,40.9752,-2.98743,2.64485
3.23157,106.927,-6.42798,2.64483
-3.67358,242.133,-50.1892,2.6448
9.40344,553.925,10.1906,2.64474
19.0525,244.47,72.6932,2.64469
25.5402,320.163,-52.8763,2.64459
28.4777,80.4752,-61.8895,2.64457
24.5389,517.163,43.9487,2.64437
-10.3639,559.643,95.355,2.64418
32.6105,36.624,-16.6975,2.64414
30.8013,87.3475,19.4437,2.6441
35.1329,371.159,-14.8232,2.64395
-44.3361,537.781,-19.1561,2.6438
-35.4462,449.76,2.62366,2.64366
30.7509,153.405,-65.2333,2.64358
-1.31885,319.204,67.2396,2.64354
27.8026,196.686,-4.85266,2.6434
27.4169,260.775,-23.9128,2.64336
30.8236,478.299,31.5599,2.64332
4.67395,137.77,12.4236,2.64332
16.5105,307.083,16.4144,2.64308
4.98621,154.171,-50.1671,2.64303
45.3906,434.304,-46.3334,2.64303
5.84143,382.114,-75.8436,2.64298
45.3586,553.535,-8.42749,2.64289
23.9271,88.7329,34.8696,2.64274
-24.7262,535.921,-95.3582,2.64261
-21.5179,40.58,-61.0789,2.64252
-36.8542,223.492,-62.6068,2.64239
-15.6713,453.555,95.3984,2.64229
5.25256,393.716,-30.3167,2.64221
45.3611,197.241,6.22498,2.64208
-11.4197,79.457,-62.4017,2.64199
18.4601,86.3881,-59.2155,2.64193
23.9014,354.749,-78.1326,2.64188
-4.92651,455.367,-6.25977,2.64185
33.4198,24.3386,-31.6182,2.64169
-21.9171,427.089,71.5544,2.64153
-11.4185,299.398,12.085,2.64151
-37.3322,398.465,37.6373,2.64151
-11.4296,417.958,40.3848,2.6414
23.873,104.474,67.4697,2.64129
29.3556,518.29,-95.2637,2.64116
36.2268,565.568,-52.5049,2.64115
-24.5183,94.3553,-40.8654,2.64094
33.89,260.279,-79.9948,2.64087
-18.4021,28.0861,3.75989,2.64084
42.1869,114.71,95.4216,2.64067
-15.4915,146.968,-78.7314,2.64052
-37.287,549.638,-8.59351,2.64045
5.49976,134.129,72.9733,2.64042
45.3832,234.876,61.7632,2.64031
22.9659,262.961,-67.024,2.64029
-38.9641,212.267,-95.4677,2.63993
-20.9125,15.1169,69.007,2.63989
-45.4062,349.088,55.4564,2.63963
-45.4038,516.894,-42.7107,2.63935
16.704,560.265,-72.9359,2.63934
-15.8845,402.942,-55.562,2.63922
24.7921,218.258,23.4449,2.63919
-6.37512,273.533,-86.2496,2.63918
29.6388,231.332,10.8048,2.63918
-13.0756,189.802,-95.4648,2.6389
18.2567,345.269,79.7429,2.63853
24.0575,453.815,19.118,2.63839
-36.4379,4.50867,26.7639,2.63834
38.6129,298.309,75.1331,2.63833
-14.1549,57.7719,95.3918,2.63828
45.3621,480.231,95.3856,2.63824
-5.33435,453.545,-60.4841,2.63816
-25.306,12.6349,-77.1558,2.63799
33.3517,98.4426,-71.4705,2.63795
-45.4351,28.7369,70.1265,2.63791
-16.0272,263.7,-64.9843,2.63783
-13.9651,175.131,-84.8706,2.63755
-23.0254,206.492,-14.2771,2.63755
34.6023,60.8177,-16.0367,2.6375
-13.2261,350.226,-42.6005,2.63721
38.2664,175.374,-95.3999,2.63721
-37.108,270.142,-20.0704,2.63713
-37.7462,72.944,-50.7085,2.63695
9.13098,106.019,-42.4205,2.63694
-12.3877,566.022,74.6307,2.63682
-14.7043,145.316,56.6141,2.63665
-31.1079,114.168,60.2982,2.63645
-45.4025,101.571,85.0624,2.63624
36.6193,268.566,-19.1329,2.63618
33.2825,19.8362,-68.2729,2.63566
-6.96118,171.351,-20.7357,2.6356
-9.70996,515.886,4.66492,2.63534
11.8717,294.22,56.4727,2.63531
2.75745,515.23,60.0563,2.63525
38.5844,353.258,17.7649,2.63521
-45.41,490.561,-80.0044,2.63521
37.7672,377.354,16.7216,2.63494
51.3916,38.3452,81.6041,2.63486
22.3391,71.0957,-60.4108,2.63479
45.3728,374.896,37.5404,2.6346
45.3776,265.916,-82.1017,2.63456
37.9357,60.021,95.3169,2.63452
45.3663,384.676,46.9139,2.63452
13.576,400.907,28.8912,2.63432
-25.5372,357.405,-68.1299,2.63428
43.745,329.693,9.28113,2.63401
19.1991,529.573,63.7651,2.63383
8.45959,511.518,-3.0918,2.63343
-45.401,331.477,12.7904,2.6334
-21.1169,335.206,-0.301758,2.63336
-29.9734,521.161,74.9966,2.63333
15.0856,322.379,-27.6538,2.6333
19.3799,534.975,91.7064,2.63327
-45.3713,476.862,65.8105,2.63318
-34.9982,148.024,53.2654,2.63314
-0.252686,207.763,-18.8198,2.6331
35.5793,237.884,95.4288,2.63309
20.3715,389.749,-82.1229,2.63305
-12.1669,295.451,66.7594,2.633
21.988,297.329,10.7521,2.63299
9.51208,297.315,-95.4137,2.63298
-32.6157,337.268,73.2383,2.63289
37.4515,385.945,-23.6064,2.63282
19.7281,78.9587,-64.5104,2.63276
-44.7607,432.914,17.0404,2.63264
6.22717,301.718,-88.0051,2.63262
-38.9689,152.918,-95.4064,2.63262
23.4779,231.438,-20.3571,2.63254
26.5056,386.556,49.929,2.63247
40.6829,29.2897,0.229126,2.6324
45.379,485.139,-39.3762,2.63231
28.4075,489.916,46.3192,2.6323
6.90686,143.66,58.3795,2.63186
38.4297,436.345,-52.059,2.63186
45.4247,177.958,-36.899,2.63168
-31.97,95.1422,66.9221,2.63168
-12.8621,60.5835,-60.6921,2.63166
45.3811,475.066,42.1991,2.63161
45.3933,543.659,72.61,2.63153
-8.21863,265.196,95.4993,2.63147
-27.6959,205.619,84.5663,2.63131
-12.7139,32.2485,-95.3895,2.63127
-0.521118,515.322,95.3796,2.63113
45.4086,266.26,45.2604,2.63108
-45.369,489.51,12.4667,2.63103
-4.00244,310.859,-1.88171,2.63088
21.7242,211.326,-27.0533,2.63086
22.3193,128.696,-52.1587,2.63082
-38.2653,291.373,-40.1405,2.63059
-45.4105,465.964,54.0612,2.63042
-7.95312,87.3131,15.1436,2.63033
45.4786,191.193,95.4075,2.63014
0.0637207,384.592,95.3752,2.63013
12.5973,458.655,95.3907,2.63004
25.2627,442.442,-34.4771,2.62999
-11.0439,169.222,-54.0168,2.62981
-45.3798,555.271,95.3744,2.62979
-11.7936,268.258,-1.54541,2.62978
-45.3884,212.77,-88.8361,2.6297
-36.5681,337.521,-29.8267,2.62967
45.4266,225.767,87.217,2.62966
20.8571,198.832,-61.0529,2.62963
21.6074,571.172,37.8984,2.62958
1.13269,442.123,-1.5238,2.62953
27.7356,429.476,13.4227,2.62949
-36.7592,563.858,-54.1858,2.62939
3.60571,76.6664,-27.4299,2.62936
21.3749,218.689,62.7273,2.62899
24.5967,305.307,63.335,2.62898
-35.3473,459.564,-2.18005,2.62894
5.30615,250.512,-69.6782,2.62861
-33.4723,200.409,52.9453,2.62856
-29.519,280.361,-32.7085,2.62852
20.1179,171.457,-60.1729,2.62844
-17.3721,280.565,-12.8457,2.62819
28.6956,17.0709,37.9001,2.62818
-29.007,451.501,-64.8022,2.6277
-19.4553,352.814,-18.1925,2.62769
-12.7854,161.021,-46.7822,2.62766
-3.24011,197.723,49.2661,2.62763
-36.8265,569.071,47.8431,2.62762
-7.8175,154.775,-26.8909,2.62759
36.5538,327.937,-48.0774,2.62755
-45.4032,259.963,66.9142,2.62742
-45.3835,472.197,-26.4828,2.62734
-29.4004,212.293,61.2484,2.62713
51.4291,115.955,-71.824,2.62701
-24.5682,173.024,-95.5052,2.62699
26.9094,184.534,-68.7416,2.62692
34.8665,61.7631,10.6644,2.62673
-35.2196,539.543,-67.266,2.62671
-9.03613,91.5865,-24.6705,2.62662
45.3938,220.912,-78.8845,2.62651
41.9844,189.538,0.778809,2.62642
-17.9049,57.2217,-95.6334,2.6264
-1.18018,266.711,-59.5582,2.62639
24.0962,45.8433,-41.4506,2.62624
-45.5641,53.1659,40.0061,2.62618
-14.916,140.665,-88.2556,2.62598
40.5527,132.236,-55.1541,2.62596
13.5109,58.6367,-33.5708,2.62584
-35.3824,229.954,86.7638,2.62583
37.5717,388.565,62.7764,2.62578
27.4272,151.251,79.0005,2.62575
10.6357,76.6913,36.85,2.62571
45.3821,354.897,-22.2325,2.62564
13.2927,332.787,40.8792,2.62562
1.81653,345.224,41.2645,2.62555
36.8213,531.146,-34.3917,2.62539
5.3252,404.531,82.8944,2.62537
-45.3885,283.18,46.4539,2.62517
37.4673,385.538,95.4,2.62512
11.1498,263.284,86.3431,2.62512
17.1146,512.461,86.312,2.62505
30.4017,76.0944,62.2297,2.62479
-45.4705,4.58008,-54.0961,2.62473
-30.7094,523.169,-0.109009,2.62459
26.369,313.28,59.0007,2.62437
25.4657,405.766,-10.6385,2.62432
-45.403,530.044,-1.07068,2.6242
14.2567,486.97,-50.6523,2.62414
20.9867,496.508,32.6053,2.62407
45.3756,566.679,-59.9041,2.624
2.39099,138.858,-18.2936,2.624
16.879,416.474,-18.5088,2.62394
37.0629,319.797,2.07202,2.62384
27.4718,27.0179,-67.6539,2.62379
15.3253,4.505,-11.2137,2.6236
10.9535,46.4963,89.1467,2.62359
-29.2097,362.961,21.7639,2.62357
-20.5907,497.633,-38.2069,2.62347
19.0486,324.56,-95.4673,2.62331
51.4261,145.446,-81.9089,2.62331
45.3931,253.902,-34.1632,2.62285
45.4702,296.491,44.8484,2.62276
16.2897,387.094,1.46558,2.62251
-24.9575,190.505,-67.5988,2.62244
-1.64844,60.7837,68.259,2.62243
7.505,554.991,-80.6132,2.62229
36.7437,456.404,79.9879,2.62196
42.1267,133.791,-36.125,2.62194
-25.7291,274.826,-9.72876,2.6218
45.4463,181.825,54.4521,2.62168
-6.90662,262.681,-53.6088,2.6216
2.93213,523.884,-43.1635,2.62159
-36.6642,108.436,-34.0786,2.62153
-26.4468,77.7695,-45.6346,2.62131
-5.18347,549.147,87.2339,2.62107
-29.5979,264.746,57.6757,2.62103
15.7954,333.42,-18.2487,2.62095
-26.8763,383.336,-36.3503,2.62085
26.176,291.667,4.75757,2.62084
-3.04736,76.2113,-95.4736,2.62077
32.916,349.244,95.4076,2.62073
15.1558,207.563,20.6517,2.62072
-33.3776,513.512,58.4458,2.62071
-2.20581,535.908,37.2429,2.62068
4.44666,346.722,-95.4081,2.62068
36.2449,513.439,-56.3413,2.62027
16.973,43.4309,72.3165,2.62026
45.3895,183.65,-16.4242,2.62017
24.0675,309.062,22.3518,2.62013
13.5331,489.671,22.9954,2.62008
-45.3969,403.026,16.4457,2.62004
-17.1316,75.3119,-69.7498,2.61968
-19.6172,488.051,84.7554,2.61963
-33.6633,490.676,0.517456,2.61952
27.5574,453.369,-30.4117,2.61942
22.2317,465.049,-11.7627,2.61917
51.4397,58.0721,-57.6189,2.61913
-1.5603,340.792,25.4182,2.61909
15.5811,274.562,-27.5521,2.61903
18.7177,103.613,-87.8235,2.619
45.381,313.879,88.142,2.61884
36.0918,480.411,-84.646,2.61877
-21.9291,267.124,5.97253,2.61868
-31.8265,285.437,-50.4688,2.61866
-28.545,403.794,25.8217,2.61865
-29.7684,369.764,36.1923,2.61845
-34.2795,275.455,69.4082,2.61844
7.0094,122.251,-13.5701,2.61834
-45.4562,246.689,-49.7853,2.61831
51.464,80.1359,43.5974,2.6182
25.7345,492.961,10.3441,2.61806
-45.4935,341.241,29.6055,2.61798
36.9241,319.226,-86.3524,2.61789
-38.881,227.342,-84.0448,2.61786
8.34155,403.905,57.2482,2.6178
24.4224,4.47461,-12.4679,2.61753
-14.9708,189.953,61.7299,2.61745
-30.5757,245.893,-61.7662,2.61732
-18.6617,392.959,-83.8997,2.6172
-35.1301,414.615,95.4093,2.61715
-25.6986,157.997,83.4081,2.61711
16.1377,141.015,86.1382,2.6171
8.79102,106.817,46.8906,2.61709
37.552,539.814,69.6208,2.61707
-28.4769,266.74,21.4606,2.61691
-15.6888,275.779,-45.4209,2.61689
-28.0254,82.755,24.0553,2.61676
26.7438,346.504,27.9366,2.61672
-15.7581,45.814,-87.3423,2.61668
-36.5374,330.85,-13.8562,2.6166
-13.5653,236.636,74.6823,2.61659
34.0731,355.801,-38.2301,2.61653
22.9147,209.337,30.4468,2.6165
11.7765,279.945,66.754,2.61637
-0.832031,292.074,-66.7927,2.61615
13.0137,279.803,90.1542,2.61612
23.7717,78.3162,95.3846,2.61607
9.81653,265.144,-4.71741,2.61604
10.412,537.488,95.3982,2.61587
-15.517,107.591,-95.4354,2.61584
10.548,255.419,25.4198,2.61573
3.96069,334.768,83.488,2.61562
4.31665,46.4536,95.4846,2.61554
-16.7444,54.851,48.2417,2.61541
3.276,62.4696,-41.4899,2.6154
17.0222,246.549,95.3981,2.6154
24.502,371.22,-86.3566,2.61531
-45.5388,171.992,31.9421,2.61517
17.411,530.703,-39.1661,2.61513
-20.4375,504.83,-86.9918,2.61436
-12.989,81.639,58.4668,2.61428
11.3398,86.5553,15.9308,2.61392
9.32776,150.713,-95.4061,2.61348
28.092,81.3199,28.189,2.61346
-6.52136,49.6776,-17.4377,2.61342
45.4054,498.381,-57.4594,2.61341
-37.1707,516.261,-58.7623,2.6134
-12.847,332.925,-34.1256,2.61336
3.6991,422.6,-95.3959,2.61331
-45.4213,274.037,86.1995,2.61304
-11.3423,410.84,-56.9714,2.61301
2.56445,233.299,-74.3586,2.61273
-35.7404,98.7073,95.502,2.61258
-45.4685,181.339,-6.02795,2.61258
29.6846,231.736,-63.5441,2.61233
10.8109,171.904,-73.4957,2.61225
19.4667,360.178,29.5352,2.61208
-20.0848,196.188,24.0264,2.61203
45.4089,152.983,-86.8248,2.61198
42.054,144.476,-11.3572,2.6118
-29.7755,473.615,9.07178,2.61178
27.1908,523.59,82.77,2.61174
45.4374,169.523,-41.9965,2.61165
-24.8772,486.724,77.2861,2.61162
-26.9788,136.707,95.4779,2.6116
-37.0787,372.864,42.1665,2.6116
36.851,269.294,30.7727,2.61157
-29.4489,222.392,51.2062,2.61149
-45.4014,368.924,42.6552,2.61144
-20.0046,14.3326,-30.0343,2.61133
-17.9076,445.024,61.6875,2.61133
38.319,473.402,95.397,2.61132
16.3379,100.052,-25.3156,2.61126
33.4586,66.9651,48.5403,2.6112
-37.3732,12.3362,-54.4768,2.61114
14.2772,29.4648,63.4694,2.61113
20.0503,457.807,42.2557,2.61104
10.0201,409.665,-95.3976,2.61103
33.9745,399.922,49.3849,2.61101
40.6107,4.58752,-10.7126,2.61099
30.3342,185.333,8.11499,2.61098
27.731,30.5974,-11.6503,2.61078
-44.5175,478.224,46.3485,2.61078
31.6503,61.6605,-51.1427,2.61072
7.05151,42.5454,-11.6083,2.61055
-45.4153,203.409,39.6892,2.61046
-11.9093,368.271,57.0466,2.61043
-37.6141,470.458,52.0947,2.61028
-45.4485,422.895,-75.746,2.61024
-45.3845,226.191,38.0674,2.61015
45.474,307.279,-32.8633,2.60992
-10.5325,101.603,-18.6052,2.60975
36.2472,539.124,5.80298,2.60967
17.5858,468.502,-22.3116,2.60965
25.0488,381.165,35.5109,2.60957
37.0724,263.304,76.371,2.6094
-45.436,315.181,-56.8008,2.60918
10.5004,105.366,-51.5771,2.60905
-28.7498,61.933,57.5061,2.60888
-29.5688,185.286,-50.9106,2.60885
-9.9447,159.307,22.4674,2.60883
-6.64954,559.435,77.656,2.60878
-45.4614,33.5227,77.9281,2.6087
-24.4147,292.646,95.438,2.60869
51.4623,132.481,-83.2281,2.60861
-16.6788,95.7538,3.61255,2.60859
-40.1814,125.675,-51.6543,2.60854
-25.806,190.889,77.3883,2.6085
-36.3044,228.494,51.5604,2.60848
26.4982,24.2692,50.8202,2.60847
-30.824,270.74,37.7786,2.60814
-29.6012,544.613,-7.27905,2.60808
-23.9983,60.1613,65.2587,2.608
37.683,291.042,10.437,2.60772
-24.0372,103.63,-74.1365,2.60769
51.443,52.679,47.4512,2.60765
34.2397,296.305,-58.7815,2.60763
-45.4696,75.2866,-64.8895,2.60762
-45.441,56.2893,0.315552,2.60762
-10.7502,146.14,-25.6683,2.60761
-36.3213,83.9807,-39.5845,2.60742
-45.4464,296.289,-47.0513,2.6073
36.2197,452.698,95.3958,2.60725
-24.8761,115.827,81.3381,2.60715
12.3705,164.329,29.0548,2.60713
-19.7302,368.005,9.70422,2.60713
13.5688,175.576,50.3693,2.60712
-35.9795,144.63,17.2699,2.60696
35.4791,427.926,87.7784,2.60685
-8.89551,271.834,-50.2468,2.60669
45.4362,342.398,-45.8196,2.60667
15.8929,548.566,-95.3937,2.60665
-43.4226,12.3353,-12.5939,2.60657
-36.9,170.606,29.4266,2.60652
-23.3752,181.029,12.4652,2.60652
-37.2175,161.976,21.9188,2.60645
-15.3759,201.855,-12.0592,2.6064
31.636,384.218,57.2205,2.60609
-2.51648,99.7416,-5.67505,2.60604
28.5183,350.225,-2.80774,2.60603
27.2915,414.311,95.4073,2.60596
18.6067,456.205,-68.6716,2.6059
-8.7439,58.4564,-18.8544,2.60582
35.5199,379.237,-29.6377,2.60577
-29.042,20.6781,67.4635,2.60577
25.2699,303.877,-22.054,2.60574
-45.4028,450.098,8.39038,2.60572
-45.3961,513.956,40.9548,2.60561
8.01562,419.456,63.2379,2.6056
-31.1587,289.682,-9.47729,2.60559
14.9281,260.932,31.3406,2.60557
1.31543,317.71,49.9456,2.60554
3.53845,431.614,-38.9554,2.60543
3.11243,470.669,30.9922,2.60536
-45.4789,134.836,-3.12024,2.60534
-1.21033,328.133,-95.4146,2.60531
-45.4749,51.1038,31.0356,2.60527
-34.8181,220.566,-4.51648,2.605
-18.4746,62.1327,-14.3871,2.60497
-18.6923,520.677,-27.3348,2.60497
26.8579,540.056,-88.4849,2.60496
13.5842,192.869,18.8026,2.6048
-37.3409,492.307,-28.7211,2.60471
-23.8467,218.311,45.2079,2.60455
-45.5088,42.9979,-83.8658,2.60454
-25.8489,97.944,41.0392,2.60437
-45.5182,121.931,-80.5973,2.60431
-12.4515,249.132,-59.4117,2.60426
-1.46765,96.6781,68.6584,2.60423
13.9449,54.6947,71.9734,2.60423
34.8293,503.769,95.3975,2.60417
-6.76465,144.264,48.1989,2.6041
-39.1399,559.265,-95.3989,2.60406
-1.62671,353.577,-40.3373,2.60389
20.5153,36.0531,-13.3494,2.60377
-30.3563,291.462,-86.2632,2.60375
30.9718,12.8965,-52.205,2.60369
29.2269,375.453,-93.6426,2.60368
-20.2463,312.282,-64.9017,2.60366
-36.0096,516.869,-68.0576,2.60365
-33.3745,400.577,86.623,2.60363
-3.11438,23.4419,76.1162,2.60337
16.8982,66.3132,-77.2775,2.60336
-45.4099,499.526,61.2151,2.60329
-12.2761,4.5719,-38.896,2.60325
-37.0048,499.977,86.8276,2.60323
20.7904,108.285,-76.891,2.60317
13.5015,401.595,66.7068,2.60309
-5.04443,226.764,42.4504,2.60282
-16.9331,134.537,66.738,2.60261
18.4183,35.4858,-26.3983,2.60259
-19.3838,274.225,75.193,2.60243
45.4257,472.862,-72.1359,2.60236
-14.3921,507.085,10.613,2.60228
21.3879,460.455,83.2615,2.60226
36.7026,559.233,-31.1677,2.60226
-30.3314,88.9868,16.4073,2.60223
4.7218,283.024,87.7355,2.60217
-1.82788,143.699,9.66663,2.60187
-26.0339,282.112,-15.421,2.60184
33.3088,221.625,22.6434,2.60181
-25.6511,476.13,-84.7131,2.60118
45.4327,176.373,-52.9602,2.60111
33.7714,287.139,-42.983,2.60104
-10.3959,267.419,20.1805,2.6002
19.3846,523.417,25.3473,2.59987
15.4144,4.5813,-76.807,2.59982
45.4609,330.981,-64.1702,2.59929
19.7188,137.364,27.5635,2.59927
34.3781,564.512,6.37878,2.59915
-36.7104,210.56,-44.0397,2.59905
-3.55127,54.8835,-36.3466,2.59893
36.6096,463.994,54.2665,2.59889
-30.4004,520.064,-53.8093,2.59876
14.2463,80.0386,-95.4349,2.59876
-0.127441,236.66,-66.2178,2.59859
28.4004,495.872,37.9894,2.59851
12.0897,442.745,21.8453,2.59839
-37.9689,135.918,-46.5845,2.59823
-32.6218,41.53,-61.9229,2.59818
24.1412,150.719,-95.5393,2.59815
-13.1123,338.384,30.0221,2.59791
45.4379,320.371,-26.0361,2.59788
36.5927,168.343,-87.0139,2.59783
-10.4688,182.102,60.3888,2.59774
-13.0552,324.515,58.3671,2.59769
-29.7695,304.572,-36.5845,2.5976
45.4014,561.622,33.8815,2.59752
-45.6776,198.762,85.6638,2.59734
-45.5156,4.46753,46.5483,2.59722
18.2562,128.353,10.6484,2.59714
47.8574,50.1987,31.2025,2.59697
-4.61902,540.015,-38.6353,2.59689
-28.3055,398.77,5.85767,2.59681
-45.4066,26.0044,83.2358,2.59679
26.9966,175.84,87.433,2.59673
-45.4675,152.209,31.0105,2.59669
30.4882,302.269,-51.866,2.59634
51.4988,89.7905,-84.073,2.59627
-18.3793,512.031,-7.85315,2.59623
-31.9071,19.2255,18.7998,2.59622
-23.7617,370.021,-55.7393,2.59611
33.6002,31.7109,18.3267,2.59599
7.87012,569.558,-13.8975,2.59597
-24.1255,557.564,29.1838,2.5959
-19.9772,212.513,18.6597,2.59574
-19.6476,210.043,-22.776,2.5957
-45.4048,529.325,49.9473,2.5956
-45.4469,4.38599,-33.5428,2.5956
0.516479,270.504,46.7943,2.59551
-36.3868,21.85,42.3462,2.59523
-16.5836,510.64,-75.3326,2.59516
-19.0156,61.0425,23.9983,2.59506
-17.6837,229.668,70.313,2.59503
-10.5645,55.5096,57.8418,2.59498
-24.2433,487.562,-95.4092,2.59495
51.5281,73.04,-45.5562,2.59489
-19.5377,514.355,-63.0973,2.59487
-34.4972,314.029,-95.4608,2.59484
45.4061,555.633,18.4006,2.59482
20.7516,455.089,10.5966,2.5948
45.4196,467.646,-5.13855,2.59476
-31.222,248.74,22.1697,2.59474
-20.6046,512.892,-31.8315,2.59441
-29.1096,407.2,16.5216,2.59432
37.3513,432.609,95.4392,2.5943
-28.1689,439.666,-44.0825,2.5942
6.95984,545.856,-79.5304,2.59419
-27.6089,514.846,4.97168,2.59389
15.4293,19.1024,-40.5074,2.59387
35.6927,376.06,34.9159,2.59386
-45.4283,438.404,27.111,2.59382
39.0675,151.206,-80.4204,2.59379
7.04321,27.1439,-16.889,2.59345
51.4597,118.876,-95.4248,2.59334
44.4303,483.218,86.2402,2.59326
38.5831,518.502,-95.4071,2.59325
23.6107,271.845,-64.8669,2.59321
-18.4652,324.579,81.2051,2.59318
25.6801,276.68,-22.821,2.59297
2.61768,136.48,-8.39539,2.59286
20.6909,375.659,-76.6949,2.59263
41.0675,95.8278,86.4552,2.59238
-45.4435,201.122,55.8507,2.59233
-19.6049,523.212,65.0615,2.59231
6.5885,338.032,-59.4388,2.5923
42.7078,402.491,48.0947,2.5923
-32.5361,40.5962,-13.853,2.59225
20.5009,360.041,52.8907,2.59216
-6.16138,36.3469,-9.55945,2.5921
2.44214,73.1904,40.5996,2.59197
-2.03125,446.452,60.1323,2.59185
-5.14978,186.582,20.2119,2.59179
10.2089,225.407,15.0181,2.59178
-11.8174,171.394,0.971069,2.59174
-33.3024,432.196,-95.4355,2.59163
-35.8951,75.5315,7.15466,2.59158
28.629,480.909,-79.3021,2.59157
34.2485,138.425,-18.4771,2.59138
26.4308,282.183,-81.5128,2.59133
-36.2676,354.423,26.1554,2.59123
7.26538,567.357,-4.38916,2.5912
21.8079,313.594,12.6418,2.59111
40.7987,23.5104,-53.1353,2.59104
10.2905,569.211,-41.0439,2.59103
-2.23816,382.902,-60.7627,2.59094
6.97021,308.561,67.9036,2.5909
45.4286,164.874,74.0479,2.59089
-11.6157,124.692,43.4084,2.59078
-28.4578,450.326,81.5101,2.59066
-45.4143,89.1785,61.9453,2.59064
35.8811,327.443,45.421,2.59058
45.4364,453.067,-42.3174,2.59051
45.032,151.16,-63.3097,2.59029
-9.9176,33.0618,50.6932,2.59028
45.4111,421.341,-39.7493,2.5902
45.4836,347.709,-27.9877,2.59019
45.4185,454.26,41.2247,2.58984
-16.0898,83.8184,-80.2311,2.58982
-45.5165,85.8235,76.2699,2.58974
45.3802,262.414,-53.6677,2.58954
-45.4349,401.734,41.1874,2.58938
23.4178,381.599,26.4718,2.58929
45.556,163.009,-35.5063,2.58909
-38.7776,562.659,-35.7423,2.58907
-4.63782,241.065,37.8768,2.58904
-24.0869,4.56323,53.2753,2.58887
21.3438,79.0216,48.9861,2.58886
17.1339,62.0242,-25.8021,2.58876
-7.47388,390.943,-32.2229,2.5887
45.5831,182.709,28.3099,2.58865
1.04651,82.432,-39.3148,2.58855
-44.905,400.546,-2.49988,2.58852
13.5488,220.241,-11.3712,2.58827
-17.8892,128.158,10.0691,2.58827
-30.6354,445.588,-50.6316,2.58823
8.56665,479.081,87.2051,2.58816
9.43018,261.123,-87.2987,2.58813
25.4093,126.216,-60.4176,2.5881
-2.54895,77.828,-19.3525,2.58807
-27.4117,345.296,-40.6459,2.58801
18.3961,468.223,87.1879,2.58799
-23.212,235.417,-38.8878,2.58798
-45.5042,242.771,-10.2318,2.58798
5.19946,168.224,-42.3129,2.58786
20.5043,161.35,-30.3644,2.58784
41.2645,72.1296,-51.151,2.58779
-27.8317,61.207,-38.1575,2.58762
51.4349,32.5594,44.5868,2.58753
-32.1431,88.7338,-53.5426,2.5874
-20.1548,449.791,-66.625,2.58738
-45.4285,513.004,87.3649,2.58726
-24.5028,528.393,4.2478,2.58719
-34.8137,382.45,14.615,2.58714
12.8743,134.284,-50.1484,2.58708
8.0946,563.9,11.0325,2.58701
-15.2274,105.024,-71.9037,2.58696
-44.8378,568.462,84.9041,2.58694
7.34387,470.072,63.4617,2.58677
-1.96838,157.991,73.3506,2.5867
4.57849,324.055,95.4492,2.58668
-45.4489,444.768,40.5247,2.58664
-37.1206,298.522,-81.5504,2.58635
12.9264,499.591,57.5154,2.58632
4.93994,542.974,-88.0027,2.58617
28.12,184.992,-10.5078,2.58612
2.83838,558.662,27.6195,2.58592
-3.84082,279.092,-95.4611,2.58587
-7.04932,295.094,59.1394,2.58581
-45.4203,339.49,38.5734,2.58561
-45.416,431.404,-72.2606,2.58556
3.48926,121.087,-93.7339,2.58534
-36.8738,492.022,-8.06628,2.58529
-23.9177,101.051,5.47852,2.5851
-1.14319,378.902,42.0753,2.58497
-1.06738,13.6124,45.0004,2.58493
-16.1075,525.073,6.53564,2.58482
-23.911,517.505,57.6342,2.5848
-31.1167,420.299,50.9865,2.58475
45.4498,500.587,66.3301,2.58474
-45.4294,212.593,39.8619,2.5847
-1.69128,90.2196,-51.8787,2.58461
-37.6709,257.322,83.0858,2.5846
7.87988,347.088,15.6586,2.58456
-13.1886,456.184,25.9238,2.58445
-4.41357,419.687,78.1923,2.58431
43.7256,431.912,87.0547,2.5843
36.9048,533.405,87.9767,2.58427
6.24121,34.7119,-38.1996,2.58424
-17.2413,101.004,-79.7321,2.58423
1.45496,258.167,-95.4392,2.58418
25.8738,460.785,-59.8514,2.58409
-5.74731,69.9911,-89.2599,2.58407
0.756348,138.401,95.5469,2.58401
38.3977,182.23,-53.5249,2.58393
20.0359,444.924,17.8458,2.5834
34.4137,476.79,-28.8053,2.58315
45.4559,480.248,9.44116,2.58314
-29.718,335.262,-18.1384,2.58308
15.6311,124.502,-37.1583,2.58303
-19.6296,4.42383,95.4733,2.58287
29.5223,84.4331,-4.61267,2.58266
-2.10474,116.475,-88.1388,2.58265
-17.613,140.834,-62.2609,2.58262
-9.47083,19.2476,-6.49243,2.58259
-16.7614,435.546,77.1616,2.58257
13.7228,458.592,23.5977,2.58246
-37.0741,217.431,95.4838,2.58226
35.5258,340.452,95.4283,2.58224
3.07727,441.929,45.9954,2.58223
12.5221,268.327,78.7755,2.58222
-45.454,80.6194,-72.3273,2.58221
45.5142,326.304,-10.3025,2.58207
45.4689,293.715,14.4213,2.58188
17.1343,512.374,17.4178,2.58188
5.02222,435.009,-5.81409,2.58184
-10.5896,522.703,80.0773,2.58169
-21.1127,41.3208,-76.7993,2.58157
35.5248,4.48779,61.1564,2.58157
32.2716,189.017,-53.207,2.58138
-30.4893,91.2281,95.517,2.58137
-30.5905,152.182,88.4806,2.58101
-36.2466,406.043,78.2244,2.58096
-14.2859,181.663,95.4758,2.58087
28.5292,372.814,-32.4803,2.58071
-28.2743,473.649,51.6975,2.58068
-21.0846,168.539,-60.637,2.58054
-20.0162,442.065,95.3942,2.58052
21.4202,180.104,53.7168,2.58032
-8.11243,489.139,38.6631,2.58027
16.7429,327.414,-35.5398,2.58027
13.4646,450.033,57.3175,2.58021
35.7021,242.723,-95.449,2.58011
14.8789,473.415,69.6923,2.57975
24.8088,296.99,40.1199,2.57957
39.231,503.05,47.0398,2.57957
-37.1868,448.495,-35.7739,2.57955
6.7113,4.51013,7.3717,2.57955
-13.8895,252.827,7.3064,2.57945
-27.6798,364.592,-19.4789,2.5794
16.7417,156.046,-95.4856,2.57938
-22.8162,352.52,-53.9229,2.57937
-39.8367,523.552,2.31055,2.57935
18.2533,279.161,-40.985,2.57928
35.7472,417.837,94.73,2.57927
51.4528,136.292,-10.0125,2.57925
-40.0295,542.59,-47.0513,2.57913
-23.5385,433.636,-65.1558,2.57908
-7.83362,240.032,-1.97681,2.5789
8.46106,386.833,79.9304,2.57884
8.14404,367.662,74.2244,2.57866
-5.68408,4.44373,7.68823,2.57865
-1.61292,146.678,-8.28394,2.57862
12.5758,191.746,7.62146,2.57858
9.09631,312.249,27.6345,2.57854
-37.8634,99.4717,-26.4829,2.57836
8.20508,62.9988,-63.7845,2.57835
-37.3077,105.335,17.0881,2.57823
-43.614,556.208,62.6691,2.57817
7.4292,201.202,5.29407,2.57805
28.0364,278.094,-95.4591,2.57782
11.8757,480.021,-36.7192,2.57771
-16.0751,458.18,-42.7408,2.57765
37.6499,483.735,-54.5988,2.57752
-45.475,304.63,48.9275,2.57735
45.5057,299.788,-74.6796,2.57734
6.91174,289.04,36.2737,2.57734
43.0465,129.939,-69.792,2.57712
10.1129,73.7433,45.5889,2.57693
29.3827,32.3501,8.08252,2.57686
4.22791,537.685,7.35059,2.57685
-5.25684,85.9757,60.8845,2.57677
11.9583,146.921,-77.2976,2.57672
12.0891,32.8468,-11.8582,2.57671
8.9281,416.044,-49.6405,2.57656
14.318,194.334,27.8364,2.5764
-21.1824,105.241,18.9067,2.5764
-34.9186,21.2236,-17.4594,2.5763
-2.61536,506.748,-82.5186,2.57621
4.67236,306.929,-95.4288,2.57606
51.5551,72.7306,56.7189,2.57599
37.7473,187.229,28.4454,2.57588
37.7942,59.3756,-44.8491,2.57588
-4.99121,336.703,-45.7605,2.57566
7.73352,291.854,-2.59473,2.57535
-8.9967,280.077,36.5446,2.57529
13.5818,545.712,36.5667,2.57508
-2.24695,211.775,86.3102,2.57503
-35.8932,231.766,-46.0415,2.57501
11.1099,230.889,95.516,2.575
-10.5029,222.8,57.0658,2.57496
-38.0336,548.958,62.963,2.57491
32.2478,133.192,-0.591187,2.57476
-45.4845,261.835,-67.624,2.57473
22.0035,129.562,31.8077,2.57457
47.5198,146.167,-22.962,2.57455
-0.564819,292.608,1.02026,2.57455
7.57214,88.002,-12.6393,2.57444
2.89001,518.323,-85.16,2.57436
-44.1985,101.147,12.5352,2.57413
-36.1809,359.807,-50.631,2.57404
10.8867,528.078,-45.0754,2.57402
36.7738,340.53,61.7018,2.57396
-31.9349,386.496,29.8802,2.57394
24.0627,188.597,45.1533,2.57374
-28.2402,118.212,95.4512,2.57357
-13.8359,541.483,62.8427,2.57351
-25.0122,313.33,-18.6936,2.57348
33.6516,134.929,-39.4603,2.57337
-24.072,529.715,21.6837,2.57331
40.3987,502.365,-50.8811,2.5733
7.9856,564.485,-54.7991,2.57318
-45.4674,373.598,34.7634,2.57317
-18.668,526.793,-18.9594,2.57265
51.6754,64.5288,60.4904,2.57258
33.7567,411.639,-32.6837,2.57253
-45.5286,321.079,72.2122,2.5723
45.5134,287.349,44.1594,2.57228
6.04956,190.659,26.5579,2.57226
-11.6052,444.677,-95.4929,2.57213
33.458,316.152,27.802,2.57207
22.6449,285.185,-73.7397,2.57198
-45.5165,330.751,-50.6255,2.57189
26.869,123.514,-23.3024,2.57185
-0.266602,453.027,-68.1539,2.57175
-40.7308,150.044,22.8862,2.57172
38.4642,405.325,-50.376,2.57168
-28.0326,13.9572,-25.6165,2.57161
-11.9276,234.676,-50.7816,2.57157
23.4674,248.154,57.0795,2.5714
45.4427,342.061,48.1196,2.57139
7.46997,353.735,-39.2198,2.57133
-3.29382,524.094,95.188,2.57127
31.5061,415.733,-44.0927,2.57125
6.21008,54.7922,3.41492,2.57114
15.5475,217.465,3.28076,2.57102
15.9653,112.366,-87.4467,2.57083
44.472,348.972,-15.2587,2.57082
-7.94397,4.47864,41.4602,2.57074
13.5172,127.531,42.7472,2.57062
-32.9934,425.32,-88.1294,2.57028
19.6373,164.687,-95.4644,2.57021
10.8962,425.848,17.9792,2.57014
51.4956,81.493,95.4822,2.57
-14.1732,532.597,64.95,2.56997
-35.4393,120.594,65.2565,2.56985
-40.5101,182.093,-95.4728,2.56981
-0.505737,288.778,-42.9668,2.56978
5.24194,220.177,-72.3181,2.56974
-10.2135,309.562,54.5327,2.56971
7.87512,116.369,-30.6798,2.56959
8.53955,252.546,-32.2921,2.56958
-45.4379,298.077,-56.033,2.56954
15.769,242.642,35.163,2.56945
-36.8239,379.293,-22.4803,2.56942
11.1771,215.319,-86.3141,2.56939
11.7766,352.33,4.95496,2.56936
36.3386,23.4904,58.631,2.56936
35.6547,423.143,-47.366,2.56933
43.16,24.5111,-61.9281,2.56926
-31.1511,148.112,-95.4741,2.56916
51.4862,118.453,-22.7297,2.56915
21.1744,38.1631,95.4646,2.569
-1.58386,372.192,-46.0023,2.56892
6.10461,208.97,-51.1904,2.56891
-19.9689,470.58,79.5598,2.56887
45.4377,380.087,-24.2936,2.56864
11.9711,459.297,-38.2397,2.5686
45.4606,257.2,-84.9994,2.56855
14.4365,182.459,-77.7263,2.56837
-17.9443,66.3135,-95.5234,2.56806
12.8984,83.6792,-87.1494,2.56797
-28.3988,514.45,-60.7672,2.56793
18.489,458.464,-6.57947,2.56792
31.5059,500.469,-51.6149,2.56789
-8.31567,465.589,87.7216,2.56773
-18.1823,528.272,14.856,2.56772
-12.623,560.982,49.1372,2.56762
-26.7236,216.623,85.5754,2.5676
-18.5474,179.347,-68.4457,2.56752
-1.26001,434.962,-25.6659,2.56728
-12.2224,114.071,64.7675,2.5672
-12.2369,400.171,-91.8647,2.56715
-23.0909,421.438,-32.8734,2.56708
-3.46399,218.6,60.9948,2.56703
-45.4338,558.963,54.1448,2.56702
41.3629,45.5177,-87.8986,2.567
45.4526,201.584,26.7737,2.56695
-1.60376,310.565,70.2675,2.56689
9.38416,200.248,-28.5327,2.56684
-18.1975,501.912,-77.6075,2.5668
-33.474,357.95,1.43628,2.56669
-21.828,305.087,-21.0166,2.56664
18.1104,493.026,69.4596,2.56664
-28.368,463.094,35.6453,2.56659
-45.447,540.726,-85.2974,2.56635
8.3595,118.902,-21.9336,2.56635
45.5361,206.301,-8.58948,2.56634
29.9253,293.912,47.0398,2.56624
22.0392,235.83,72.7777,2.56611
10.7594,52.9752,95.5852,2.56605
-11.1747,405.884,50.1769,2.56603
8.17896,184.768,83.6895,2.56582
45.5078,352.803,65.8185,2.5658
25.1855,426.151,-76.9014,2.5657
10.8833,371.958,32.0299,2.56568
36.7944,335.644,8.39539,2.56566
27.8148,191.683,-95.4957,2.56565
-12.9932,111.961,43.9598,2.56564
13.4139,477.795,7.90466,2.56564
29.7638,322.531,-2.7948,2.56549
10.3848,168.197,21.0551,2.56544
31.7397,379.155,-21.2894,2.56531
10.4648,442.423,74.6533,2.56528
-45.496,269.065,67.7515,2.56528
46.3627,31.2534,-9.09778,2.56527
45.4747,260.702,37.979,2.56527
-45.5195,105.913,21.0304,2.56493
-16.91,568.705,30.7491,2.56489
-15.218,323.786,-46.7983,2.56482
27.3811,254.068,-53.0569,2.56457
33.4617,45.6438,-19.5968,2.56448
-45.4348,4.50549,-42.6631,2.56446
-1.61414,353.621,-95.4814,2.56445
-45.4854,204.001,-86.0979,2.56432
-18.7478,197.036,-69.3584,2.56432
6.12463,440.321,-37.8224,2.56429
41.752,556.458,-95.3346,2.56415
-45.4594,322.249,42.8826,2.56412
-45.0032,197.448,-10.8585,2.56409
45.5066,240.245,54.3129,2.56393
-15.7103,265.435,34.5881,2.56389
-34.1538,242.547,-22.8433,2.56385
-8.73206,113.84,51.7418,2.56377
-29.5167,69.3837,4.87634,2.56356
-12.4102,340.545,95.4407,2.56346
-1.49109,151.304,-66.4402,2.56344
-6.12476,380.985,-89.2183,2.56336
37.6735,349.171,68.7183,2.5632
11.7583,62.6997,-44.785,2.5632
-24.3427,266.163,-12.4299,2.5632
28.4835,160.853,47.7238,2.56317
-27.9113,535.811,-63.1323,2.56314
-0.90979,430.688,87.9065,2.56299
-14.4412,171.971,79.8282,2.56287
33.7869,571.241,-45.6809,2.5628
5.2959,422.502,36.7988,2.56271
-9.81372,551.732,-80.9216,2.56269
-45.6318,4.50269,-8.43494,2.56264
3.62732,524.561,-52.2676,2.56263
25.6259,403.847,-56.528,2.56263
41.988,111.246,-34.5542,2.5626
28.978,140.332,-78.3329,2.56245
45.4528,221.81,95.4869,2.5624
-24.3188,85.2635,-24.7067,2.56234
-38.1417,345.993,60.1764,2.56227
26.7994,324.18,95.533,2.56227
38.6536,250.669,-64.715,2.56207
-15.4181,162.777,95.5116,2.56206
-11.3915,273.5,70.8461,2.56203
25.1206,4.46802,-74.5294,2.562
-23.4064,143.148,25.0903,2.56192
11.26,228.401,-34.1165,2.56191
-34.3604,404.713,2.49146,2.56178
51.4467,58.6316,29.3906,2.56176
-7.32068,510.288,-75.3981,2.56175
-31.2389,378.042,-95.4518,2.56172
45.4685,387.901,-19.5718,2.56171
-17.3347,94.9515,-46.5612,2.56161
28.9752,535.508,1.56445,2.56153
-6.54968,472.617,-94.3461,2.56141
24.384,239.499,-52.2506,2.56141
-4.28564,21.157,-81.5641,2.56139
-9.35095,184.723,51.6896,2.56126
45.4941,150.75,56.5745,2.56122
45.4547,460.905,-47.0281,2.56118
-3.75317,366.595,7.79797,2.56117
29.787,426.402,-84.7758,2.56116
45.4575,401.991,79.9496,2.5609
-8.82812,389.224,-3.953,2.56089
45.4415,459.514,-70.6399,2.56088
45.4397,569.635,-68.5984,2.56087
-36.3035,236.86,76.4684,2.5608
27.9073,363.912,95.4486,2.56073
8.05176,361.25,-28.6069,2.56059
-30.0032,138.68,20.6536,2.56044
42.5649,111.175,46.0114,2.56043
-41.3793,301.859,3.96509,2.56037
8.23657,451.075,-27.4132,2.56037
40.1377,257.654,23.0319,2.56025
-1.16418,203.588,-53.7344,2.56019
-45.4734,13.1246,5.12451,2.56017
-11.0468,96.7106,-52.9026,2.56016
15.2191,551.073,18.1908,2.56009
-33.3566,296.478,-34.2673,2.56005
28.7007,373.303,40.1125,2.55997
51.495,101.617,-11.4155,2.55986
9.47827,4.51086,-43.2725,2.55979
-45.4724,328.688,-70.8909,2.55956
45.443,235.603,-33.6702,2.55956
-25.9591,203.483,-22.4401,2.5595
-6.28125,163.682,95.5271,2.55945
-30.1357,50.1064,95.5952,2.55936
-7.55139,544.438,56.9078,2.55924
-3.72205,478.382,-86.5094,2.55919
-7.40857,288.85,38.3802,2.55893
20.781,428.154,-57.6116,2.55892
-10.4624,515.12,-4.45654,2.55882
36.3672,295.621,-49.9136,2.5588
-45.4491,520.148,-58.0996,2.55864
-45.4779,442.636,-95.4805,2.55861
45.4985,306.172,10.7954,2.55859
11.2523,176.741,95.5168,2.55851
-18.126,71.2629,-14.5317,2.5585
-3.41699,470.943,23.6636,2.55838
-45.3418,536.51,14.8052,2.55822
45.5682,391.228,8.72498,2.55822
34.2834,100.197,4.91663,2.5582
-45.5422,15.5675,28.7117,2.55815
-37.1639,462.999,16.0275,2.55799
34.6604,41.5447,68.3259,2.55788
-17.6322,170.281,-68.9025,2.55782
-6.09338,445.396,-54.8828,2.55779
-45.4263,555.72,14.6637,2.55776
-1.66772,271.848,63.9375,2.55774
26.6842,132.141,-14.4476,2.55761
-13.4126,515.23,84.4996,2.55752
22.4688,406.834,-82.3319,2.55747
9.73926,207.407,49.3143,2.55742
51.5048,4.51794,86.449,2.5574
45.4675,535.188,18.4106,2.55738
20.0697,508.129,78.7858,2.55738
-45.459,522.547,-6.35437,2.55725
45.3916,220.511,78.0399,2.55723
-28.262,178.148,-14.7949,2.55718
-25.5314,210.213,30.2372,2.55709
37.6995,24.4559,-74.7699,2.55703
45.5081,339.135,-31.0516,2.557
9.99158,119.928,26.9474,2.55683
1.70862,417.78,-85.9921,2.55678
51.4432,67.1412,-52.446,2.55666
26.9845,437.787,17.2345,2.55652
3.7511,458.176,-4.39294,2.55634
19.6383,199.915,22.9651,2.55623
-28.1973,435.455,95.4683,2.55617
21.3057,60.0782,-2.64758,2.55613
29.7498,565.052,47.7302,2.5561
-4.23206,463,95.4524,2.55605
32.6093,206.7,-76.3221,2.556
33.6016,236.012,-56.5527,2.55597
-1.72961,168.206,88.9059,2.55597
10.4301,340.625,80.8048,2.5558
-0.602173,572.154,50.489,2.55575
45.4532,369.113,76.8519,2.55574
-45.4689,513.031,14.5894,2.55568
-36.3557,294.359,33.2461,2.55567
51.4556,90.4099,-28.5625,2.55556
-45.3634,363.25,75.826,2.55549
-7.14539,512.256,12.7015,2.55548
33.3369,42.5249,-2.14124,2.55543
-0.240112,472.575,46.9618,2.55538
6.4198,37.7828,76.6501,2.55533
26.4678,9.96875,3.99243,2.55521
-16.312,292.395,78.8398,2.55509
1.28088,318.349,-2.49133,2.55503
37.326,519.579,-42.9991,2.55498
45.4604,292.198,75.3082,2.5548
40.0814,84.1498,-87.5176,2.55478
-45.4916,263.947,-58.8053,2.55477
33.6851,118.265,-57.8428,2.55467
-9.35803,496.47,44.2704,2.55455
-44.0304,162.21,-53.0133,2.55451
21.2246,338.176,-62.3572,2.5545
-45.7706,34.821,18.3818,2.55447
23.8539,149.815,70.7756,2.55444
5.8938,51.1488,-78.514,2.5543
-45.45,544.715,77.635,2.55428
28.1992,72.2321,-34.6951,2.55416
-45.4534,468.767,71.7882,2.55414
-19.1561,566.886,51.5175,2.55409
28.5953,18.8701,57.8983,2.55399
-45.6366,4.52075,-89.8779,2.5539
-10.3005,455.973,46.2026,2.55387
-4.57629,292.818,-86.5248,2.55358
11.6543,552.758,-22.9231,2.55354
-38.08,70.1354,-63.5287,2.55348
20.1375,202.854,-10.2128,2.55343
-1.11206,490.692,-40.757,2.55342
26.0696,206.491,40.528,2.5532
18.1768,52.9385,-51.6302,2.55312
-1.00549,29.1528,-83.9966,2.55312
17.6731,455.824,76.2927,2.55303
-7.44934,280.803,74.5836,2.55298
35.8872,395.03,31.5438,2.55294
-6.24792,320.825,1.99341,2.5529
-22.8666,445.63,-83.7961,2.55283
-45.4521,25.2792,-61.2211,2.55282
-7.1947,346.867,-3.87891,2.5528
-45.2773,454.051,-44.5088,2.55278
-2.16614,405.094,29.91,2.55266
22.829,22.6302,-95.462,2.55257
43.5282,97.4575,39.2153,2.5525
30.8303,258.68,20.6371,2.55243
-15.813,277.908,-64.8685,2.55242
-45.4802,302.756,77.8162,2.55234
43.5487,56.6765,45.2114,2.55216
45.4518,257.614,-25.802,2.5519
-35.2598,405.323,31.8777,2.5519
45.5079,440.649,7.43713,2.55185
7.1687,520.117,-0.163696,2.55182
11.1979,569.942,-22.4099,2.55173
-40.2379,268.766,-65.0529,2.55171
-45.4518,445.903,-40.4496,2.55171
-39.7405,358.131,33.7544,2.5517
1.07996,283.85,-35.4718,2.55158
-15.6274,534.08,-95.4573,2.55157
25.3339,400.324,-3.27283,2.55145
-28.1891,86.7671,-45.6788,2.55137
-26.7888,14.4564,-68.1952,2.55128
37.2692,226.477,79.4987,2.55121
8.13513,274.939,-17.944,2.55116
-39.2089,362.883,-4.27747,2.55103
-45.4762,447.529,26.5266,2.55103
29.6398,241.751,-7.38538,2.55098
-7.39575,280.102,-62.1349,2.55072
3.21912,4.41809,90.9048,2.55065
5.69629,487.706,-46.2015,2.55063
-35.0054,21.3344,-26.5836,2.55056
-12.9379,423.433,72.6433,2.55055
42.6311,72.0674,26.353,2.55049
9.46655,230.742,-42.7389,2.55043
37.5546,226.331,95.5397,2.55041
-6.69006,454.316,32.439,2.55039
-3.97913,553.028,95.4523,2.55035
-27.1095,394.594,-95.4619,2.55034
22.6272,320.829,55.384,2.5503
-37.8418,123.964,57.1575,2.55009
-27.6691,427.558,46.6613,2.55002
23.2432,509.662,3.43457,2.54996
19.9846,77.2014,80.1671,2.54993
-45.4744,157.785,23.3533,2.54987
14.2501,271.486,64.4791,2.54979
-9.48572,83.8652,-19.8251,2.54965
-17.606,235.138,23.4432,2.54961
41.5194,68.0299,10.6202,2.54957
-45.4707,13.7856,-3.87244,2.54956
-0.358765,279.138,69.1713,2.5495
-45.6112,91.452,-87.6101,2.54947
-24.1119,464.362,-95.4941,2.54941
25.2449,500.347,-2.57544,2.54931
32.2089,67.7218,-87.2899,2.54924
11.7629,79.7262,62.7748,2.54913
8.46313,169,35.8324,2.54905
-29.6128,564.283,-32.7952,2.54904
-36.2101,4.44702,87.7828,2.54885
42.8336,81.6414,40.9784,2.54885
-17.915,379.082,6.15942,2.54885
-13.2025,565.398,-36.9005,2.5488
-2.22754,449.401,86.3993,2.54877
-43.8849,87.7382,-95.6141,2.54872
-29.6466,297.298,68.7373,2.54864
29.1835,165.028,11.1388,2.54859
-9.64429,464.594,-34.1855,2.54856
-13.3003,462.428,95.4702,2.54854
-31.2858,520.912,53.4656,2.5485
-16.7629,297.573,-73.7581,2.54842
36.3538,102.865,30.0668,2.54841
-28.0446,21.1892,-79.0681,2.54831
-35.0449,36.5977,-43.9032,2.54827
14.6578,467.665,95.483,2.54822
6.97388,231.472,87.4515,2.54815
-4.69714,124.605,-95.468,2.54812
-36.6432,465.724,30.7799,2.54796
-7.6825,50.6837,-29.4182,2.54782
-26.1685,298.86,78.1302,2.54762
-32.2623,358.29,95.483,2.54756
50.2291,4.4425,95.4596,2.54749
18.2404,431.472,-74.533,2.54747
15.8612,403.473,45.8402,2.54742
40.5647,12.3586,49.0312,2.54737
-35.4324,474.437,44.1611,2.54736
-7.78796,202.331,-38.608,2.54714
-1.05225,264.955,34.1454,2.54703
45.4709,501.45,-43.3915,2.54701
-23.6019,178.94,95.5457,2.54696
-37.1914,470.354,-30.1692,2.5469
12.7751,398.213,-27.6808,2.54684
-45.5178,222.145,74.2578,2.54683
-27.4718,111.829,-71.874,2.54653
-21.0226,204.57,-75.1051,2.54646
42.7167,27.9854,21.1821,2.54645
0.994019,336.692,-18.496,2.54645
-45.5873,170.234,95.5457,2.54624
21.3912,270.616,-40.7467,2.5462
-45.6282,80.7112,-90.2534,2.54605
-45.4911,175.619,18.4708,2.54597
34.0007,429.988,-27.2723,2.54594
-14.6992,190.481,-50.6927,2.54591
-9.80554,321.004,11.1455,2.54588
-37.8384,498.867,77.6288,2.54575
8.89966,458.348,-88.4337,2.54568
-42.7759,9.47168,-61.2899,2.54564
-16.2097,94.1088,-95.4865,2.54563
-30.1191,182.619,-23.8695,2.54543
18.5522,4.35583,-43.9337,2.54534
-10.7754,432.716,34.8531,2.54528
42.7991,105.59,95.6381,2.5452
-9.22864,13.459,-95.5553,2.54505
45.4779,543.765,-16.5049,2.54502
0.706055,293.031,-35.0013,2.54497
9.40173,152.001,14.5642,2.54495
37.5151,379.139,2.69958,2.54494
-36.2957,563.345,25.2112,2.54493
-32.912,238.062,51.049,2.54493
-5.24658,382.186,-33.2032,2.54491
-10.301,359.122,41.125,2.54489
-38.3053,142.26,-36.8561,2.54486
28.9758,298.205,-15.1578,2.54485
36.1708,329.491,-95.5576,2.54476
22.3617,528.368,76.6416,2.54456
26.1072,348.415,-24.191,2.54452
-9.03662,218.759,44.3582,2.54443
5.99097,450.576,46.0201,2.5442
-3.11694,430.693,30.416,2.54419
-4.88892,513.71,-23.7175,2.54413
-45.5386,117.465,-9.2373,2.54405
51.4791,11.8364,-44.0665,2.54397
45.4844,507.822,-70.7424,2.54397
45.4791,499.522,41.4213,2.54395
19.0465,472.95,50.9469,2.5439
-45.4814,99.1344,-45.1967,2.54384
2.40649,22.9608,61.4382,2.54376
-1.35706,439.712,86.9644,2.54376
4.3219,502.638,-86.7513,2.54372
33.1528,265.309,-95.457,2.5437
-17.7878,569.893,-24.8595,2.54368
-45.4633,552.976,47.2847,2.54364
-45.5299,252.438,-83.855,2.54348
45.4865,485.477,55.0897,2.54344
-11.973,243.274,-26.1704,2.5434
34.4092,328.425,3.41724,2.54329
32.0999,571.501,-12.5092,2.54328
45.514,381.15,95.55,2.54322
-37.046,424.155,33.0804,2.54315
-10.6865,110.455,-86.066,2.54306
21.3751,242.673,2.26733,2.54303
-17.2675,523.915,86.17,2.54296
-18.4539,379.308,73.6979,2.5428
-32.9185,243.669,58.1382,2.54279
16.1294,267.957,-33.8462,2.54271
30.8538,426.22,95.4814,2.54267
-10.4073,275.474,4.70142,2.54265
-15.7878,365.993,-37.7003,2.54258
-16.5864,518.825,-53.1755,2.54247
-36.9878,498.699,-35.2506,2.5424
13.0746,240.725,19.7146,2.54228
28.5757,269.223,-47.9961,2.54228
-45.4845,368.057,54.7509,2.54224
-7.49097,133.328,-70.6753,2.54212
45.5017,412.909,-27.5164,2.54209
16.2842,435.869,-91.8862,2.54206
14.4674,4.40332,44.2513,2.54205
-11.9713,155.969,73.637,2.54197
-14.6945,424.508,-79.3864,2.54172
-11.3405,340.296,-28.9628,2.54169
12.5282,219.746,60.9265,2.54167
17.2256,546.009,-15.1128,2.54166
13.7367,12.7216,-95.5828,2.54164
8.8374,500.975,-0.9729,2.54157
-1.05237,248.791,34.6202,2.54127
-39.9761,286.479,-16.5099,2.54125
-45.5182,382.933,-10.141,2.54118
45.4835,491.205,37.7782,2.54108
35.3154,482.197,68.7427,2.54082
-45.4091,549.17,-4.33765,2.54079
21.7014,174.674,67.8566,2.54077
1.91931,127.649,56.2247,2.54074
-5.87659,557.857,-21.1418,2.54057
-22.4191,129.579,72.0933,2.54056
20.208,396.591,12.9915,2.54043
-12.9525,91.4993,-62.8362,2.54028
12.6956,92.0363,-5.43689,2.54021
-45.5303,51.0806,-7.19702,2.54005
21.4398,157.471,66.5443,2.54003
-19.4119,299.301,-33.0631,2.54002
3.97583,266.899,-82.8375,2.53989
35.1445,220.267,-69.171,2.53986
-37.6637,266.621,-3.39111,2.53971
8.95129,364.266,-14.3318,2.53968
-45.5056,110.016,12.9813,2.53966
-9.43347,133.425,44.8721,2.53952
51.5076,98.554,-59.5525,2.53937
-16.7092,361.509,23.4884,2.53933
-8.64624,231.857,84.8341,2.53925
45.4648,452.947,-51.4349,2.53921
-19.5953,429.413,-30.2404,2.53917
51.4797,125.248,-88.8184,2.53906
-3.04712,460.322,1.23315,2.53898
-24.056,352.134,37.6414,2.53891
16.4517,262.494,-73.4098,2.53889
19.2225,57.9924,65.3293,2.53883
-19.1792,59.225,0.0853271,2.53883
-20.6187,366.835,54.7345,2.53883
45.4658,395.391,53.127,2.53878
-20.2566,274.585,20.1526,2.5386
-16.3027,510.711,0.94165,2.53859
-4.53723,4.49817,95.5646,2.53858
-9.08215,10.7117,47.9545,2.53856
29.6553,249.71,-64.799,2.5383
-13.9551,337.217,87.1123,2.53826
-0.170044,79.8976,66.478,2.53816
0.401367,229.525,-42.6235,2.53793
-5.927,243.402,28.2565,2.53783
10.7723,195.386,-10.4435,2.53771
45.5027,157.275,-78.2922,2.5377
15.3058,442.485,-60.1587,2.53759
17.3611,427.6,-95.4675,2.53759
-35.746,571.406,-8.57593,2.53757
45.4854,459.542,-9.30566,2.53755
10.6581,64.7577,51.4456,2.53753
-36.438,566.282,-27.1411,2.53738
45.4661,394.329,62.1058,2.53731
23.7382,36.5759,-38.6388,2.53728
15.3102,345.536,51.8179,2.53713
-36.0404,236.392,-95.5889,2.53704
-18.4409,326.995,-72.5404,2.53702
2.77112,191.746,52.6958,2.53701
17.3567,98.3572,-95.486,2.53701
-41.3702,470.039,61.1804,2.53694
-23.6698,94.322,-24.2866,2.53694
-36.5963,151.884,-35.1155,2.53693
51.666,40.2198,-8.43774,2.53691
-45.5696,130.914,-46.5278,2.5369
-17.1488,271.806,-10.4099,2.53689
23.4077,173.053,59.1334,2.53688
-43.5786,537.316,53.9695,2.53666
-43.9381,474.599,86.6183,2.5366
-45.4757,462.283,-7.45569,2.53658
-31.6631,158.265,-95.5173,2.53636
32.6732,33.699,-0.182129,2.53635
-36.9781,170.738,79.0527,2.53625
36.4781,490.668,-25.403,2.53618
-45.4716,252.751,-67.9967,2.53607
22.429,44.9686,-73.4062,2.53606
10.7769,529.821,-54.2357,2.53592
-12.1636,143.16,-43.8656,2.53587
30.0345,239.311,39.9905,2.53584
32.5055,356.291,-29.2338,2.53584
20.1017,112.521,-95.5183,2.53583
-34.9137,380.402,23.8049,2.53573
-37.1621,278.783,5.07898,2.53567
-20.0051,339.154,-26.5894,2.53561
-4.48059,195.486,-75.2058,2.53551
-45.4612,165.408,-86.0427,2.53543
36.5333,465.661,-4.47632,2.53542
34.7571,175.456,95.5898,2.53541
45.4919,240.373,-15.4188,2.53539
-24.6039,183.256,-8.03198,2.5353
51.5667,122.812,-57.7762,2.53527
-26.2999,206.72,0.237915,2.5352
31.5083,11.9094,22.187,2.53519
-24.3425,365.127,-34.7926,2.53518
-2.81409,363.479,-60.1279,2.53518
-20.5028,443.624,-27.3647,2.53508
-14.4006,54.3832,-24.6368,2.53504
45.4703,417.159,59.8124,2.53502
45.5171,348.303,57.9725,2.53499
9.23108,371.793,-95.4667,2.53499
-26.7762,280.032,-95.4773,2.53491
-23.7646,280.012,-68.6686,2.5349
19.9053,393.177,-30.0696,2.53482
-0.0843506,166.342,-17.3644,2.53472
20.1899,369.054,59.9457,2.53463
19.3723,472.366,-86.7285,2.53458
-10.4324,145.306,-6.44861,2.53447
-35.9664,370.511,-20.3127,2.53446
-29.8318,100.156,-21.1213,2.53446
-29.8864,295.761,27.0372,2.53445
20.4902,162.812,10.901,2.53437
-11.8708,119.825,57.7836,2.53431
-15.5483,115.928,-48.7311,2.53428
-38.4081,215.768,-24.0537,2.53424
19.3407,477.779,-54.5426,2.53418
-0.338867,536.019,-68.4806,2.53418
45.5017,166.276,-77.2208,2.5341
-21.4108,105.028,47.2781,2.53403
13.9852,323.875,95.4673,2.53396
-22.3088,100.786,-95.4973,2.53396
30.5017,476.486,63.6021,2.5339
-8.78394,454.075,82.1973,2.53383
45.4789,465.492,-77.4626,2.53382
45.5181,349.53,28.0977,2.53368
14.5236,456.148,-76.8401,2.53365
-12.5322,110.303,-65.1202,2.53361
21.6097,120.972,14.8051,2.53353
11.7192,549.617,56.7198,2.53352
0.396973,67.8035,-95.5531,2.53344
11.9125,191.378,77.8694,2.53335
-15.8953,285.607,38.6611,2.53335
-45.4729,439.235,-60.5013,2.53334
-17.109,451.539,50.2399,2.53332
3.92529,312.909,85.965,2.53325
-10.6312,107.937,58.3248,2.5332
18.4954,338.385,64.8961,2.53314
15.3553,39.2285,-40.7809,2.53311
51.5038,22.1852,-28.9269,2.53303
-18.5089,39.2687,-95.537,2.53302
-45.5748,29.8932,40.8279,2.53299
34.423,11.98,95.5068,2.53298
2.43994,560.259,78.1008,2.53295
11.7648,395.344,10.0608,2.53294
43.1119,4.45996,36.4214,2.53293
30.4998,277.129,42.808,2.53284
3.26501,380.229,-86.5286,2.53282
0.754761,500.101,15.4569,2.53274
-28.4595,220.752,77.7173,2.53272
23.2798,558.74,46.7935,2.53268
36.9454,223.789,40.6519,2.53266
6.46899,50.9897,34.3488,2.53237
14.2017,121.575,-63.1426,2.53231
17.9814,507.795,58.733,2.53231
-17.0409,554.189,0.62793,2.53228
51.5593,37.9907,-57.5411,2.53215
-11.1903,450.686,-21.671,2.53205
6.05029,536.842,65.9187,2.5318
-13.6604,312.226,-32.511,2.53166
-0.29541,282.95,-66.9689,2.53161
-23.2628,555.865,67.6239,2.5316
-38.1473,443.294,-15.4597,2.53152
10.3384,161.897,-4.93567,2.53144
3.88623,90.2609,-63.446,2.53142
37.3871,487.68,-35.6843,2.53141
5.66528,291.935,86.0515,2.53137
12.1127,508.855,-54.9556,2.53136
-17.1368,189.472,7.38733,2.53133
8.68176,164.259,61.8317,2.53127
45.4595,439.625,62.7871,2.53104
17.2279,236.493,-95.498,2.53099
-30.9968,162.119,-32.5856,2.53062
2.32263,403.337,66.9797,2.53061
-36.8036,339.593,95.5229,2.53056
6.48938,547.949,-95.4783,2.53053
34.9268,207.822,51.6393,2.5304
-39.5981,165.851,-62.7828,2.53013
-27.6044,169.71,9.08862,2.53003
29.1002,132.349,48.3313,2.52999
25.8619,444.577,83.8455,2.52997
-14.6324,523.746,-37.9363,2.52996
27.5502,410.356,34.1921,2.52993
-1.75745,436.688,95.4907,2.52989
-23.9705,183.911,-74.2986,2.52983
23.2919,131.939,57.9677,2.52977
13.8337,389.738,95.4833,2.52975
14.104,11.8787,-45.8508,2.52973
37.5044,147.435,-66.8422,2.52969
2.44971,57.6023,-68.0935,2.52967
-26.1493,313.436,56.5404,2.52954
-19.7408,121.409,95.5808,2.52948
-45.5037,167.01,0.367188,2.52937
24.5334,229.669,-56.3027,2.52937
-25.7075,379.91,79.0787,2.52922
-31.6405,557.219,-83.3774,2.52905
32.3215,146.731,-95.5437,2.52891
23.9768,571.322,7.57922,2.52891
16.6239,487.574,-2.23254,2.52886
37.0134,537.211,-4.05042,2.52882
-45.478,499.149,-95.4858,2.52873
-45.4977,284.458,-85.4442,2.52872
5.53674,278.37,95.5181,2.52868
-22.1494,354.988,70.0867,2.52862
23.599,471.807,67.1361,2.52858
-30.5244,267.059,48.8953,2.52818
4.4939,331.805,-11.6984,2.52809
29.0674,220.501,9.06628,2.52809
36.287,245.306,45.3812,2.52806
25.9963,463.297,-95.4731,2.52803
22.4487,299.445,-38.1985,2.52799
24.5183,549.708,-61.0079,2.52785
-18.5513,254.592,74.4891,2.52775
-18.745,493.404,-48.4916,2.52766
-38.4648,79.1886,-95.5125,2.52761
-15.3818,502.93,95.4955,2.52759
45.4911,197.82,34.9854,2.52745
5.47473,11.8135,76.3826,2.52741
51.5077,21.6053,-59.7885,2.5274
51.4957,48.5231,-81.58,2.52739
-27.5992,254.359,-63.4747,2.52729
-5.82629,311.674,-36.9343,2.52728
3.33179,505.533,30.3934,2.52724
12.6527,331.46,71.759,2.52718
-15.0667,248.96,87.7167,2.52706
0.185669,72.7991,11.8091,2.52674
30.541,517.758,21.0664,2.5267
51.5574,41.9548,-87.6918,2.52654
-45.4811,536.855,-42.5638,2.52653
-37.8796,396.341,2.50879,2.52644
-31.6564,313.973,-63.1852,2.52627
-37.6394,310.589,-40.9071,2.52601
-19.9709,204.867,-44.0448,2.52593
-3.6394,476.802,30.6021,2.52592
11.608,403.773,20.4633,2.52578
-2.50061,447.889,71.7452,2.52575
-45.531,154.469,69.0577,2.52575
0.217041,316.344,93.4623,2.5257
2.25427,102.265,-95.4893,2.52566
-27.5052,343.151,13.1592,2.52565
-45.5371,227.888,-77.8401,2.52563
23.5803,352.186,34.354,2.5255
-45.4939,79.5399,-54.3425,2.52549
7.05957,202.577,-95.5425,2.52542
-45.4966,520.483,47.324,2.52525
-4.72607,4.48926,86.5636,2.52521
-45.567,125.365,86.9558,2.52519
-33.4535,66.1334,64.082,2.52511
-18.0402,76.0262,-42.5168,2.52495
-45.4867,146.911,-15.4601,2.52492
-16.8157,553.639,52.4673,2.5249
45.4832,551.263,95.475,2.52488
-27.0704,352.716,-45.9094,2.52477
-34.8076,133.927,-89.2303,2.5247
-35.6659,285.609,30.957,2.52462
8.42419,483.555,-10.4403,2.5246
19.2595,27.3453,-11.0039,2.52443
-5.30371,476.478,-2.42358,2.52437
-28.0031,221.471,8.94348,2.52423
-25.0818,192.187,-54.7146,2.5242
44.1168,533.867,-95.4904,2.52416
25.5812,303.101,29.0989,2.52412
23.1417,320.106,-62.748,2.52411
27.3571,420.038,-3.73706,2.52403
-8.61877,329.627,-41.4742,2.52375
-34.448,510.751,20.6113,2.5234
45.5031,365.953,39.2944,2.52336
-34.6337,93.3667,-8.35132,2.52334
-7.92712,316.388,-17.3533,2.52331
44.0389,96.7617,-9.79089,2.52331
-21.959,257.639,-14.4036,2.5233
51.5374,132.551,74.3964,2.52329
-15.3448,137.782,-78.7629,2.52325
-23.3173,305.302,13.9618,2.52324
-12.5577,547.107,-62.6136,2.52318
4.97754,173.045,58.1219,2.52279
-12.3936,459.232,-55.6216,2.52278
-45.4792,551.049,-72.6578,2.52268
-45.5211,28.4397,-24.2037,2.52264
42.3566,9.30212,69.1992,2.52259
-45.4852,381.663,-85.8667,2.52256
0.119019,4.44421,-59.2452,2.52247
45.5304,267.915,83.1816,2.52235
51.4847,62.2933,69.2776,2.52228
51.5356,78.0203,-4.91223,2.52228
-2.80725,4.45435,25.0723,2.52222
-45.4987,522.769,38.5797,2.52217
-28.3434,426.133,-49.4139,2.52215
-3.51196,280.641,7.44617,2.52209
43.2935,75.8242,-43.1284,2.52201
-19.019,68.5364,-47.3943,2.52194
30.8885,4.47876,43.0997,2.52192
-45.4877,193.113,60.1824,2.5219
11.8865,134.972,-4.8844,2.52183
40.126,172.96,-80.0697,2.5218
-12.3239,493.275,-95.4917,2.52172
51.5345,62.2777,45.0161,2.5217
-25.2805,556.751,-35.3977,2.52168
28.9261,433.912,-79.7468,2.52168
28.4209,141.345,22.8344,2.52154
-20.519,328.6,55.1066,2.52151
45.4822,552.849,27.08,2.52148
26.9862,531.221,87.7808,2.52143
11.3901,571.135,-86.6296,2.52136
41.9686,26.0093,-34.6993,2.52133
-45.5342,247.457,5.06274,2.52131
3.77075,175.274,-36.1344,2.52128
17.0623,335.733,-47.2638,2.52122
-4.38904,114.115,60.1897,2.52111
37.6329,159.065,-63.3188,2.52099
-45.5347,287.67,-44.2206,2.52094
36.2589,527.821,32.3861,2.52088
-33.3234,200.658,78.5378,2.52087
-8.73987,104.253,-79.6733,2.52078
24.9548,91.9857,-7.5686,2.52073
35.1973,553.526,-69.9327,2.52068
39.1732,442.049,-9.76953,2.52054
-25.1361,287.39,56.2336,2.52039
-28.2921,157.532,-39.7561,2.52036
33.5543,12.8804,78.4675,2.52033
-12.7374,416.34,79.2506,2.52033
-30.8464,568.26,-48.7672,2.52022
-28.3356,511.331,-87.2075,2.52017
-45.4993,467.579,10.2465,2.52016
42.7268,95.4974,-26.2921,2.52013
14.193,326.664,64.2938,2.52011
-45.5127,165.965,-12.8641,2.52009
-21.5348,68.1583,-76.248,2.52004
5.95398,130.704,-63.4923,2.52002
-28.4025,468.257,27.9714,2.51996
-31.8242,467.312,95.5365,2.51995
-26.3239,246.818,63.4196,2.5199
-15.1849,556.625,-35.7535,2.51988
-45.6245,255.687,44.2517,2.51947
-26.7018,430.886,23.1151,2.51933
-10.1688,326.57,-95.5619,2.51926
-37.9819,312.803,-77.7163,2.5192
-14.2267,147.238,72.3793,2.519
-26.4009,220.854,24.9604,2.519
38.4155,312.908,95.5133,2.51871
7.3125,495.019,85.0629,2.51867
-28.0632,173.667,-22.6456,2.51861
-13.1475,73.2906,-21.8727,2.51835
25.3317,472.222,18.8179,2.5179
-30.1123,131.937,87.7885,2.5178
-45.488,213.767,92.6017,2.51777
17.6002,157.109,-37.8232,2.51769
-13.6405,215.997,0.239624,2.51766
45.522,419.071,-20.9138,2.51756
45.5127,175.612,39.9862,2.51742
45.4772,203.293,-56.0441,2.5174
-16.7251,402.716,36.7421,2.51739
45.4852,568.777,28.2352,2.51723
27.4911,391.551,37.121,2.51722
27.531,296.938,-31.177,2.51713
35.8645,504.558,-58.4244,2.5171
-3.16089,521.99,6.52686,2.51709
22.3064,199.825,-18.4655,2.51709
-45.5723,256.526,58.4843,2.51709
-34.4468,220.949,87.553,2.51694
-36.5397,314.745,-13.9037,2.51693
-16.895,485.233,66.3391,2.51689
2.85852,412.355,86.901,2.51675
-14.6879,495.082,-68.0093,2.51667
-45.517,355.947,49.4288,2.51661
28.6149,435.107,95.5013,2.51661
-22.8125,122.361,-55.5599,2.51629
-18.4636,118.416,87.2423,2.51625
-28.2795,313.728,-45.9941,2.51609
45.4904,437.164,78.5177,2.51606
-35.1184,205.24,-0.955322,2.516
-28.9518,123.489,78.6263,2.51597
2.05066,293.15,24.3588,2.51594
30.5504,85.4209,-75.9945,2.51594
6.47717,24.267,-65.239,2.51555
28.826,22.8977,-75.6367,2.51542
1.94482,122.705,-45.941,2.51535
-30.115,74.0026,21.3306,2.51527
-13.5236,229.609,-26.8151,2.51518
6.62781,503.792,-49.8625,2.51514
39.6095,97.8113,-1.98389,2.51511
-4.89062,524.266,23.4999,2.51511
-39.5065,219.213,37.9578,2.51474
-45.5437,120.098,-46.8517,2.51445
33.9672,398.557,88.4979,2.51436
-6.5769,170.422,42.816,2.51435
-35.7902,462.18,-95.4985,2.51429
45.0439,102.915,-21.3082,2.51421
-10.9963,369.358,86.9854,2.51398
-18.7291,167.229,-87.9846,2.51394
20.7206,273.448,-49.2856,2.51386
16.1919,30.0863,-19.4298,2.51372
-25.2596,270.804,-52.3563,2.51372
21.7888,494.029,86.7645,2.51371
-25.9762,148.416,95.4868,2.51366
-23.4902,152.403,-17.0188,2.51353
22.3188,16.1664,63.7261,2.51352
18.8389,566.464,-58.7549,2.51345
-15.7104,351.866,41.0665,2.51337
-31.1506,30.7513,-38.4376,2.51316
-32.5366,518.28,95.4939,2.51315
2.18188,135.597,-56.9058,2.51309
-45.4867,461.948,35.4475,2.51291
-28.442,11.7694,-57.0314,2.5129
-9.77795,540.416,8.7677,2.51286
45.4888,249.248,-80.568,2.51278
-14.5725,152.898,-20.9167,2.51267
42.5919,186.796,-35.3804,2.51265
21.9022,199.731,-38.5193,2.51263
-5.79272,480.729,88.3101,2.5126
-28.5516,164.584,77.8276,2.51243
-3.06677,199.997,-65.3605,2.51238
-1.07581,534.998,-86.3917,2.51236
13.2653,90.3099,-79.9537,2.51233
-8.45715,96.2491,-35.0796,2.51226
-10.6134,257.95,-60.4419,2.51223
27.5836,51.886,-22.3885,2.51219
45.3428,201.826,66.9417,2.51217
51.569,36.5673,36.4899,2.51214
16.1833,46.6422,-95.4923,2.51213
-45.5793,220.743,20.6575,2.5121
-26.6052,452.868,-19.5203,2.51195
22.8737,27.4272,-53.3467,2.51178
-45.5708,310.087,31.2943,2.51174
21.0365,290.55,78.1027,2.51164
14.3578,203.624,-56.7764,2.51147
-23.6511,548.397,-1.49805,2.51146
-5.26501,490.469,-30.2118,2.51142
-45.5499,153.064,-89.1317,2.51134
16.3529,498.11,24.9204,2.51131
27.6481,424.649,55.9037,2.51129
-37.0067,309.964,-69.2336,2.51124
-44.4487,559.74,87.4611,2.51124
-45.5219,469.213,45.5377,2.51101
26.8115,452.581,-67.0647,2.511
43.9854,97.5435,54.2488,2.511
4.01477,570.452,-70.4607,2.51094
36.3889,452.631,-25.9028,2.51093
-9.67322,96.3593,64.7906,2.51084
36.3195,301.174,-95.5099,2.51082
-45.489,301.585,-86.2384,2.51073
-45.5164,142.797,-23.4449,2.51071
-21.3149,267.064,15.3254,2.5107
-23.272,230.197,62.7227,2.51059
-39.7943,45.2122,-10.9427,2.51058
5.15552,368.079,7.59277,2.51034
-27.2333,457.532,-45.7792,2.51033
27.3866,123.072,35.1648,2.51032
11.158,293.549,78.5814,2.5102
-4.51575,291.588,46.4828,2.51012
-23.2881,221.068,16.568,2.50995
39.7543,4.45361,44.7629,2.50994
2.65784,4.34985,-95.5825,2.50993
30.5104,204.366,28.202,2.50987
-27.6906,404.059,80.4055,2.50984
-8.04932,41.163,-86.0818,2.50975
45.5048,364.322,3.60559,2.50973
-45.5184,186.885,-89.6594,2.50972
13.2084,111.916,-24.8661,2.50966
-23.9956,399.261,65.3185,2.50942
27.0183,328.241,-62.7424,2.5093
40.8358,22.4548,84.1874,2.50927
14.7234,144.725,14.1744,2.50922
-5.29199,527.475,54.3983,2.50914
-25.3663,352.914,-0.118774,2.50912
19.2438,144.416,-60.3048,2.50911
-15.4891,481.741,25.446,2.50911
21.9572,437.127,-57.181,2.50911
-20.7943,561.318,95.4908,2.50894
-28.9384,201.317,60.7728,2.50889
-44.7783,357.131,-18.9218,2.50885
-29.6748,321.935,-32.0756,2.50882
36.1085,391.225,39.7498,2.5088
10.9681,137.147,-89.4495,2.50879
-45.5454,221.829,-8.4696,2.50873
-25.6367,360.956,38.7985,2.50859
-45.5004,57.6168,-36.0159,2.50859
-36.3837,410.588,-26.7206,2.50849
-34.6621,128.953,-70.8536,2.50834
29.3427,314.583,-59.3335,2.50833
35.8431,406.708,19.6202,2.50832
-26.1566,394.785,-68.8949,2.50826
-24.0222,321.178,38.5365,2.50806
-45.4989,515.512,-0.647217,2.50801
-9.12134,93.8334,8.92798,2.50791
16.2537,258.758,12.9662,2.50789
22.9885,12.1024,-42.462,2.50782
-31.0409,207.745,-95.5049,2.50777
20.8064,212.765,44.3961,2.50775
-4.80017,362.535,18.9242,2.50772
-36.8978,236.428,15.1512,2.50762
34.5393,418.705,80.1456,2.50762
45.5017,502.85,-84.2023,2.50758
-8.99792,96.8074,73.7617,2.50751
-45.5605,262.095,-22.6757,2.5074
9.56226,273.065,-86.8746,2.50738
-38.9564,187.538,10.8052,2.50736
-4.86597,565.632,7.95447,2.50704
32.9486,119.627,-95.5775,2.50699
-28.0701,27.7834,-53.8888,2.50694
3.8324,522.953,21.6047,2.50687
51.511,83.0117,-35.3174,2.50675
45.4984,375.073,1.04211,2.50674
30.3475,336.387,-60.9727,2.50659
-24.9524,302.039,-72.3101,2.50659
-34.6737,274.191,-78.9241,2.5065
34.3082,24.0919,-16.9152,2.50644
-15.9661,63.8767,49.1364,2.5064
8.56348,235.116,14.2604,2.5063
-2.8634,373.883,-84.6346,2.50622
-14.2952,467.245,-95.4961,2.50612
17.7222,528.623,-29.787,2.50611
18.4419,284.718,95.5527,2.50606
-24.7896,280.858,24.7845,2.50597
19.1434,85.7854,77.4686,2.50572
51.2578,108.888,-6.0061,2.50556
-28.0601,288.069,-41.7048,2.50554
-45.6049,264.235,46.9321,2.50548
41.7521,42.4491,58.6605,2.50543
10.8198,307.508,95.5132,2.50517
-13.7694,141.786,-54.1233,2.50511
-12.9971,431.349,-95.4948,2.50511
-24.7072,50.0292,-45.4392,2.50505
-9.60999,351.904,34.4806,2.505
44.6155,94.6865,-87.285,2.50483
-19.5004,504.79,18.7317,2.50475
45.5391,316.347,-85.9957,2.50469
25.8656,63.0059,11.53,2.50464
-26.2462,283.015,-5.26428,2.50441
44.9025,515.068,68.9038,2.50439
7.72327,272.655,-71.4642,2.50439
-45.5199,33.3578,95.5719,2.50422
-36.2592,176.168,-25.2458,2.50403
-14.0941,278.19,-84.7948,2.50402
-13.7795,381.75,-5.2334,2.50399
-18.6587,48.2003,-95.613,2.50385
26.2585,292.161,-78.1943,2.50385
28.8555,180.64,-58.1179,2.50371
17.7261,422.062,13.3638,2.50363
29.8342,131.046,-71.2285,2.50356
16.6658,513.621,-73.4045,2.50355
-36.983,308.621,-58.312,2.50351
26.3107,148.481,3.08716,2.50342
28.582,4.41016,26.1156,2.50337
-31.5924,566.864,10.2139,2.50337
45.5624,410.249,-53.0421,2.50323
41.8379,53.8987,36.8158,2.50321
-44.348,172.408,-6.73413,2.50307
-36.4803,200.171,6.34399,2.50301
-4.31799,288.142,-59.3885,2.50291
-17.4867,382.366,-85.0311,2.50284
35.8629,356.037,76.3947,2.50284
21.2579,420.899,-70.6469,2.50259
44.9567,125.195,-95.5746,2.50251
25.8688,259.952,-95.6392,2.50251
35.7393,552.491,68.6044,2.50228
1.27002,445.417,-72.8477,2.50227
15.3201,13.2762,-22.8207,2.50226
17.3644,61.0973,25.5492,2.5019
13.7679,569.499,-77.0021,2.50189
33.8007,366.864,-49.5647,2.50182
-16.1113,471.459,-77.0012,2.50176
11.7135,17.1375,95.6188,2.50173
-45.511,250.765,86.9309,2.50156
-45.498,518.881,7.69373,2.50134
0.055542,562.44,-58.7015,2.50119
45.6033,164.529,14.0747,2.50113
7.74866,98.6635,-75.4041,2.50109
26.6913,459.99,36.4103,2.50103
26.4816,512.838,-85.8291,2.501
-21.0712,246.569,-60.7355,2.50094
14.2687,133.843,-30.0405,2.50089
36.931,553.105,-3.52808,2.50082
9.17566,316.291,94.4806,2.50078
45.5171,418.672,68.7042,2.50077
-13.3693,243.128,23.1354,2.50068
-45.5641,106.322,64.0133,2.50062
12.4564,482.806,38.326,2.5006
-12.2926,165.621,7.96692,2.50045
45.5001,347.492,19.3121,2.5004
0.536621,413.511,34.2002,2.50033
7.16345,570.947,-30.5436,2.50028
17.3518,311.079,-12.8422,2.50025
36.7854,137.813,24.7256,2.50021
17.333,326.253,-12.8359,2.50019
