# Rhino

v 650 0 -100
v 650 150 -100
v 650 0 100
v 650 150 100
v 650 0 0
v 50 0 100
v 50 150 100
v 650 0 100
v 650 150 100
v 150 0 100
v 250 0 100
v 350 0 100
v 450 0 100
v 550 0 100
v 350 150 100
v 350 75 100
v 90 150 100
v 70 150 100
v 350 112.5 100
v 200 150 100
v 200 75 100
v 200 112.5 100
v 200 131.25 100
v 125 150 100
v 125 112.5 100
v 125 131.25 100
v 50 0 -100
v 50 150 -100
v 650 0 -100
v 650 150 -100
v 150 0 -100
v 250 0 -100
v 350 0 -100
v 450 0 -100
v 550 0 -100
v 350 150 -100
v 350 75 -100
v 90 150 -100
v 70 150 -100
v 350 112.5 -100
v 200 150 -100
v 200 75 -100
v 200 112.5 -100
v 200 131.25 -100
v 125 150 -100
v 125 112.5 -100
v 125 131.25 -100
v 50 600 100
v 50 150 100
v 50 600 -100
v 50 150 -100
v 50 375 -100
v 50 375 100
v 50 150 -76.5
v 50 150 -53
v 50 150 0
v 50 600 0
v 50 375 0
v 50 262.5 0
v 50 375 -50
v 50 262.5 -50
v 50 206.25 -50
v 50 262.5 -75
v 50 206.25 -75
v 50 150 -26.5
v 50 206.25 0
v 50 262.5 -25
v 50 206.25 -25
v 50 375 50
v 50 262.5 50
v 50 150 53
v 50 150 76.5
v 50 206.25 50
v 50 262.5 75
v 50 206.25 75
v 50 150 26.5
v 50 262.5 25
v 50 206.25 25
v -50 0 -100
v -50 0 100
v -50 600 -100
v -50 600 100
v -50 300 -100
v -50 300 100
v -50 0 0
v -50 600 0
v -50 0 -100
v -50 0 100
v 50 0 -100
v 50 0 100
v -50 0 0
v 50 0 -53
v 50 0 0
v 50 0 53
v -50 0 -100
v -50 600 -100
v 50 0 -100
v 50 600 -100
v 50 150 -100
v 50 375 -100
v -50 300 -100
v 0 600 -100
v -50 0 100
v -50 600 100
v 50 0 100
v 50 600 100
v 50 150 100
v 50 375 100
v -50 300 100
v 0 600 100
v 62 0 -53
v 62 13.63636 -53
v 62 27.27273 -53
v 62 40.90909 -53
v 62 54.54546 -53
v 62 68.18182 -53
v 62 81.81818 -53
v 62 95.45454 -53
v 62 109.0909 -53
v 62 122.7273 -53
v 62 136.3636 -53
v 62 150 -53
v 61.55014 0 -55.27946
v 61.55014 13.63636 -55.27946
v 61.55014 27.27273 -55.27946
v 61.55014 40.90909 -55.27946
v 61.55014 54.54546 -55.27946
v 61.55014 68.18182 -55.27946
v 61.55014 81.81818 -55.27946
v 61.55014 95.45454 -55.27946
v 61.55014 109.0909 -55.27946
v 61.55014 122.7273 -55.27946
v 61.55014 136.3636 -55.27946
v 61.55014 150 -55.27946
v 60.19822 0 -57.2866
v 60.19822 13.63636 -57.2866
v 60.19822 27.27273 -57.2866
v 60.19822 40.90909 -57.2866
v 60.19822 54.54546 -57.2866
v 60.19822 68.18182 -57.2866
v 60.19822 81.81818 -57.2866
v 60.19822 95.45454 -57.2866
v 60.19822 109.0909 -57.2866
v 60.19822 122.7273 -57.2866
v 60.19822 136.3636 -57.2866
v 60.19822 150 -57.2866
v 58.1807 0 -58.58968
v 58.1807 13.63636 -58.58968
v 58.1807 27.27273 -58.58968
v 58.1807 40.90909 -58.58968
v 58.1807 54.54546 -58.58968
v 58.1807 68.18182 -58.58968
v 58.1807 81.81818 -58.58968
v 58.1807 95.45454 -58.58968
v 58.1807 109.0909 -58.58968
v 58.1807 122.7273 -58.58968
v 58.1807 136.3636 -58.58968
v 58.1807 150 -58.58968
v 56 0 -59
v 56 13.63636 -59
v 56 27.27273 -59
v 56 40.90909 -59
v 56 54.54546 -59
v 56 68.18182 -59
v 56 81.81818 -59
v 56 95.45454 -59
v 56 109.0909 -59
v 56 122.7273 -59
v 56 136.3636 -59
v 56 150 -59
v 53.72054 0 -58.55014
v 53.72054 13.63636 -58.55014
v 53.72054 27.27273 -58.55014
v 53.72054 40.90909 -58.55014
v 53.72054 54.54546 -58.55014
v 53.72054 68.18182 -58.55014
v 53.72054 81.81818 -58.55014
v 53.72054 95.45454 -58.55014
v 53.72054 109.0909 -58.55014
v 53.72054 122.7273 -58.55014
v 53.72054 136.3636 -58.55014
v 53.72054 150 -58.55014
v 51.7134 0 -57.19822
v 51.7134 13.63636 -57.19822
v 51.7134 27.27273 -57.19822
v 51.7134 40.90909 -57.19822
v 51.7134 54.54546 -57.19822
v 51.7134 68.18182 -57.19822
v 51.7134 81.81818 -57.19822
v 51.7134 95.45454 -57.19822
v 51.7134 109.0909 -57.19822
v 51.7134 122.7273 -57.19822
v 51.7134 136.3636 -57.19822
v 51.7134 150 -57.19822
v 50.41032 0 -55.1807
v 50.41032 13.63636 -55.1807
v 50.41032 27.27273 -55.1807
v 50.41032 40.90909 -55.1807
v 50.41032 54.54546 -55.1807
v 50.41032 68.18182 -55.1807
v 50.41032 81.81818 -55.1807
v 50.41032 95.45454 -55.1807
v 50.41032 109.0909 -55.1807
v 50.41032 122.7273 -55.1807
v 50.41032 136.3636 -55.1807
v 50.41032 150 -55.1807
v 50 0 -53
v 50 13.63636 -53
v 50 27.27273 -53
v 50 40.90909 -53
v 50 54.54546 -53
v 50 68.18182 -53
v 50 81.81818 -53
v 50 95.45454 -53
v 50 109.0909 -53
v 50 122.7273 -53
v 50 136.3636 -53
v 50 150 -53
v 50.44986 0 -50.72054
v 50.44986 13.63636 -50.72054
v 50.44986 27.27273 -50.72054
v 50.44986 40.90909 -50.72054
v 50.44986 54.54546 -50.72054
v 50.44986 68.18182 -50.72054
v 50.44986 81.81818 -50.72054
v 50.44986 95.45454 -50.72054
v 50.44986 109.0909 -50.72054
v 50.44986 122.7273 -50.72054
v 50.44986 136.3636 -50.72054
v 50.44986 150 -50.72054
v 51.80178 0 -48.7134
v 51.80178 13.63636 -48.7134
v 51.80178 27.27273 -48.7134
v 51.80178 40.90909 -48.7134
v 51.80178 54.54546 -48.7134
v 51.80178 68.18182 -48.7134
v 51.80178 81.81818 -48.7134
v 51.80178 95.45454 -48.7134
v 51.80178 109.0909 -48.7134
v 51.80178 122.7273 -48.7134
v 51.80178 136.3636 -48.7134
v 51.80178 150 -48.7134
v 53.8193 0 -47.41032
v 53.8193 13.63636 -47.41032
v 53.8193 27.27273 -47.41032
v 53.8193 40.90909 -47.41032
v 53.8193 54.54546 -47.41032
v 53.8193 68.18182 -47.41032
v 53.8193 81.81818 -47.41032
v 53.8193 95.45454 -47.41032
v 53.8193 109.0909 -47.41032
v 53.8193 122.7273 -47.41032
v 53.8193 136.3636 -47.41032
v 53.8193 150 -47.41032
v 56 0 -47
v 56 13.63636 -47
v 56 27.27273 -47
v 56 40.90909 -47
v 56 54.54546 -47
v 56 68.18182 -47
v 56 81.81818 -47
v 56 95.45454 -47
v 56 109.0909 -47
v 56 122.7273 -47
v 56 136.3636 -47
v 56 150 -47
v 58.27946 0 -47.44986
v 58.27946 13.63636 -47.44986
v 58.27946 27.27273 -47.44986
v 58.27946 40.90909 -47.44986
v 58.27946 54.54546 -47.44986
v 58.27946 68.18182 -47.44986
v 58.27946 81.81818 -47.44986
v 58.27946 95.45454 -47.44986
v 58.27946 109.0909 -47.44986
v 58.27946 122.7273 -47.44986
v 58.27946 136.3636 -47.44986
v 58.27946 150 -47.44986
v 60.2866 0 -48.80178
v 60.2866 13.63636 -48.80178
v 60.2866 27.27273 -48.80178
v 60.2866 40.90909 -48.80178
v 60.2866 54.54546 -48.80178
v 60.2866 68.18182 -48.80178
v 60.2866 81.81818 -48.80178
v 60.2866 95.45454 -48.80178
v 60.2866 109.0909 -48.80178
v 60.2866 122.7273 -48.80178
v 60.2866 136.3636 -48.80178
v 60.2866 150 -48.80178
v 61.58968 0 -50.8193
v 61.58968 13.63636 -50.8193
v 61.58968 27.27273 -50.8193
v 61.58968 40.90909 -50.8193
v 61.58968 54.54546 -50.8193
v 61.58968 68.18182 -50.8193
v 61.58968 81.81818 -50.8193
v 61.58968 95.45454 -50.8193
v 61.58968 109.0909 -50.8193
v 61.58968 122.7273 -50.8193
v 61.58968 136.3636 -50.8193
v 61.58968 150 -50.8193
v 62 0 -53
v 62 13.63636 -53
v 62 27.27273 -53
v 62 40.90909 -53
v 62 54.54546 -53
v 62 68.18182 -53
v 62 81.81818 -53
v 62 95.45454 -53
v 62 109.0909 -53
v 62 122.7273 -53
v 62 136.3636 -53
v 62 150 -53
v 61.55014 6.818182 -55.27946
v 61.89311 13.63636 -54.12749
v 62 6.818182 -53
v 61.89311 6.818182 -54.12749
v 58.1807 6.818182 -58.58968
v 59.24436 13.63636 -58.04719
v 60.19822 6.818182 -57.2866
v 59.24436 6.818182 -58.04719
v 56 6.818182 -59
v 57.07777 13.63636 -58.90241
v 57.07777 6.818182 -58.90241
v 53.72054 6.818182 -58.55014
v 54.87251 13.63636 -58.89311
v 54.87251 6.818182 -58.89311
v 50.41032 6.818182 -55.1807
v 50.95281 13.63636 -56.24436
v 51.7134 6.818182 -57.19822
v 50.95281 6.818182 -56.24436
v 50 6.818182 -53
v 50.09759 13.63636 -54.07777
v 50.09759 6.818182 -54.07777
v 50 143.1818 -53
v 50.41032 143.1818 -55.1807
v 50.09759 136.3636 -54.07777
v 50.09759 143.1818 -54.07777
v 51.7134 143.1818 -57.19822
v 50.95281 136.3636 -56.24436
v 50.95281 143.1818 -56.24436
v 53.72054 143.1818 -58.55014
v 56 143.1818 -59
v 54.87251 136.3636 -58.89311
v 54.87251 143.1818 -58.89311
v 58.1807 143.1818 -58.58968
v 57.07777 136.3636 -58.90241
v 57.07777 143.1818 -58.90241
v 60.19822 143.1818 -57.2866
v 59.24436 136.3636 -58.04719
v 59.24436 143.1818 -58.04719
v 61.55014 143.1818 -55.27946
v 62 143.1818 -53
v 61.89311 136.3636 -54.12749
v 61.89311 143.1818 -54.12749
v 62 143.1818 -53
v 61.58968 143.1818 -50.8193
v 61.90241 136.3636 -51.92223
v 61.90241 143.1818 -51.92223
v 60.2866 143.1818 -48.80178
v 61.04719 136.3636 -49.75564
v 61.04719 143.1818 -49.75564
v 58.27946 143.1818 -47.44986
v 56 143.1818 -47
v 57.12749 136.3636 -47.10689
v 57.12749 143.1818 -47.10689
v 53.8193 143.1818 -47.41032
v 54.92223 136.3636 -47.09759
v 54.92223 143.1818 -47.09759
v 51.80178 143.1818 -48.7134
v 52.75564 136.3636 -47.95281
v 52.75564 143.1818 -47.95281
v 50.44986 143.1818 -50.72054
v 50.10689 136.3636 -51.87251
v 50.10689 143.1818 -51.87251
v 50.44986 6.818182 -50.72054
v 50.10689 13.63636 -51.87251
v 50.10689 6.818182 -51.87251
v 53.8193 6.818182 -47.41032
v 52.75564 13.63636 -47.95281
v 51.80178 6.818182 -48.7134
v 52.75564 6.818182 -47.95281
v 56 6.818182 -47
v 54.92223 13.63636 -47.09759
v 54.92223 6.818182 -47.09759
v 58.27946 6.818182 -47.44986
v 57.12749 13.63636 -47.10689
v 57.12749 6.818182 -47.10689
v 61.58968 6.818182 -50.8193
v 61.04719 13.63636 -49.75564
v 60.2866 6.818182 -48.80178
v 61.04719 6.818182 -49.75564
v 62 6.818182 -53
v 61.90241 13.63636 -51.92223
v 61.90241 6.818182 -51.92223
v 62 0 53
v 62 13.63636 53
v 62 27.27273 53
v 62 40.90909 53
v 62 54.54546 53
v 62 68.18182 53
v 62 81.81818 53
v 62 95.45454 53
v 62 109.0909 53
v 62 122.7273 53
v 62 136.3636 53
v 62 150 53
v 61.55014 0 50.72054
v 61.55014 13.63636 50.72054
v 61.55014 27.27273 50.72054
v 61.55014 40.90909 50.72054
v 61.55014 54.54546 50.72054
v 61.55014 68.18182 50.72054
v 61.55014 81.81818 50.72054
v 61.55014 95.45454 50.72054
v 61.55014 109.0909 50.72054
v 61.55014 122.7273 50.72054
v 61.55014 136.3636 50.72054
v 61.55014 150 50.72054
v 60.19822 0 48.7134
v 60.19822 13.63636 48.7134
v 60.19822 27.27273 48.7134
v 60.19822 40.90909 48.7134
v 60.19822 54.54546 48.7134
v 60.19822 68.18182 48.7134
v 60.19822 81.81818 48.7134
v 60.19822 95.45454 48.7134
v 60.19822 109.0909 48.7134
v 60.19822 122.7273 48.7134
v 60.19822 136.3636 48.7134
v 60.19822 150 48.7134
v 58.1807 0 47.41032
v 58.1807 13.63636 47.41032
v 58.1807 27.27273 47.41032
v 58.1807 40.90909 47.41032
v 58.1807 54.54546 47.41032
v 58.1807 68.18182 47.41032
v 58.1807 81.81818 47.41032
v 58.1807 95.45454 47.41032
v 58.1807 109.0909 47.41032
v 58.1807 122.7273 47.41032
v 58.1807 136.3636 47.41032
v 58.1807 150 47.41032
v 56 0 47
v 56 13.63636 47
v 56 27.27273 47
v 56 40.90909 47
v 56 54.54546 47
v 56 68.18182 47
v 56 81.81818 47
v 56 95.45454 47
v 56 109.0909 47
v 56 122.7273 47
v 56 136.3636 47
v 56 150 47
v 53.72054 0 47.44986
v 53.72054 13.63636 47.44986
v 53.72054 27.27273 47.44986
v 53.72054 40.90909 47.44986
v 53.72054 54.54546 47.44986
v 53.72054 68.18182 47.44986
v 53.72054 81.81818 47.44986
v 53.72054 95.45454 47.44986
v 53.72054 109.0909 47.44986
v 53.72054 122.7273 47.44986
v 53.72054 136.3636 47.44986
v 53.72054 150 47.44986
v 51.7134 0 48.80178
v 51.7134 13.63636 48.80178
v 51.7134 27.27273 48.80178
v 51.7134 40.90909 48.80178
v 51.7134 54.54546 48.80178
v 51.7134 68.18182 48.80178
v 51.7134 81.81818 48.80178
v 51.7134 95.45454 48.80178
v 51.7134 109.0909 48.80178
v 51.7134 122.7273 48.80178
v 51.7134 136.3636 48.80178
v 51.7134 150 48.80178
v 50.41032 0 50.8193
v 50.41032 13.63636 50.8193
v 50.41032 27.27273 50.8193
v 50.41032 40.90909 50.8193
v 50.41032 54.54546 50.8193
v 50.41032 68.18182 50.8193
v 50.41032 81.81818 50.8193
v 50.41032 95.45454 50.8193
v 50.41032 109.0909 50.8193
v 50.41032 122.7273 50.8193
v 50.41032 136.3636 50.8193
v 50.41032 150 50.8193
v 50 0 53
v 50 13.63636 53
v 50 27.27273 53
v 50 40.90909 53
v 50 54.54546 53
v 50 68.18182 53
v 50 81.81818 53
v 50 95.45454 53
v 50 109.0909 53
v 50 122.7273 53
v 50 136.3636 53
v 50 150 53
v 50.44986 0 55.27946
v 50.44986 13.63636 55.27946
v 50.44986 27.27273 55.27946
v 50.44986 40.90909 55.27946
v 50.44986 54.54546 55.27946
v 50.44986 68.18182 55.27946
v 50.44986 81.81818 55.27946
v 50.44986 95.45454 55.27946
v 50.44986 109.0909 55.27946
v 50.44986 122.7273 55.27946
v 50.44986 136.3636 55.27946
v 50.44986 150 55.27946
v 51.80178 0 57.2866
v 51.80178 13.63636 57.2866
v 51.80178 27.27273 57.2866
v 51.80178 40.90909 57.2866
v 51.80178 54.54546 57.2866
v 51.80178 68.18182 57.2866
v 51.80178 81.81818 57.2866
v 51.80178 95.45454 57.2866
v 51.80178 109.0909 57.2866
v 51.80178 122.7273 57.2866
v 51.80178 136.3636 57.2866
v 51.80178 150 57.2866
v 53.8193 0 58.58968
v 53.8193 13.63636 58.58968
v 53.8193 27.27273 58.58968
v 53.8193 40.90909 58.58968
v 53.8193 54.54546 58.58968
v 53.8193 68.18182 58.58968
v 53.8193 81.81818 58.58968
v 53.8193 95.45454 58.58968
v 53.8193 109.0909 58.58968
v 53.8193 122.7273 58.58968
v 53.8193 136.3636 58.58968
v 53.8193 150 58.58968
v 56 0 59
v 56 13.63636 59
v 56 27.27273 59
v 56 40.90909 59
v 56 54.54546 59
v 56 68.18182 59
v 56 81.81818 59
v 56 95.45454 59
v 56 109.0909 59
v 56 122.7273 59
v 56 136.3636 59
v 56 150 59
v 58.27946 0 58.55014
v 58.27946 13.63636 58.55014
v 58.27946 27.27273 58.55014
v 58.27946 40.90909 58.55014
v 58.27946 54.54546 58.55014
v 58.27946 68.18182 58.55014
v 58.27946 81.81818 58.55014
v 58.27946 95.45454 58.55014
v 58.27946 109.0909 58.55014
v 58.27946 122.7273 58.55014
v 58.27946 136.3636 58.55014
v 58.27946 150 58.55014
v 60.2866 0 57.19822
v 60.2866 13.63636 57.19822
v 60.2866 27.27273 57.19822
v 60.2866 40.90909 57.19822
v 60.2866 54.54546 57.19822
v 60.2866 68.18182 57.19822
v 60.2866 81.81818 57.19822
v 60.2866 95.45454 57.19822
v 60.2866 109.0909 57.19822
v 60.2866 122.7273 57.19822
v 60.2866 136.3636 57.19822
v 60.2866 150 57.19822
v 61.58968 0 55.1807
v 61.58968 13.63636 55.1807
v 61.58968 27.27273 55.1807
v 61.58968 40.90909 55.1807
v 61.58968 54.54546 55.1807
v 61.58968 68.18182 55.1807
v 61.58968 81.81818 55.1807
v 61.58968 95.45454 55.1807
v 61.58968 109.0909 55.1807
v 61.58968 122.7273 55.1807
v 61.58968 136.3636 55.1807
v 61.58968 150 55.1807
v 62 0 53
v 62 13.63636 53
v 62 27.27273 53
v 62 40.90909 53
v 62 54.54546 53
v 62 68.18182 53
v 62 81.81818 53
v 62 95.45454 53
v 62 109.0909 53
v 62 122.7273 53
v 62 136.3636 53
v 62 150 53
v 61.55014 6.818182 50.72054
v 61.89311 13.63636 51.87251
v 62 6.818182 53
v 61.89311 6.818182 51.87251
v 58.1807 6.818182 47.41032
v 59.24436 13.63636 47.95281
v 60.19822 6.818182 48.7134
v 59.24436 6.818182 47.95281
v 56 6.818182 47
v 57.07777 13.63636 47.09759
v 57.07777 6.818182 47.09759
v 53.72054 6.818182 47.44986
v 54.87251 13.63636 47.10689
v 54.87251 6.818182 47.10689
v 50.41032 6.818182 50.8193
v 50.95281 13.63636 49.75564
v 51.7134 6.818182 48.80178
v 50.95281 6.818182 49.75564
v 50 6.818182 53
v 50.09759 13.63636 51.92223
v 50.09759 6.818182 51.92223
v 50 143.1818 53
v 50.41032 143.1818 50.8193
v 50.09759 136.3636 51.92223
v 50.09759 143.1818 51.92223
v 51.7134 143.1818 48.80178
v 50.95281 136.3636 49.75564
v 50.95281 143.1818 49.75564
v 53.72054 143.1818 47.44986
v 56 143.1818 47
v 54.87251 136.3636 47.10689
v 54.87251 143.1818 47.10689
v 58.1807 143.1818 47.41032
v 57.07777 136.3636 47.09759
v 57.07777 143.1818 47.09759
v 60.19822 143.1818 48.7134
v 59.24436 136.3636 47.95281
v 59.24436 143.1818 47.95281
v 61.55014 143.1818 50.72054
v 62 143.1818 53
v 61.89311 136.3636 51.87251
v 61.89311 143.1818 51.87251
v 62 143.1818 53
v 61.58968 143.1818 55.1807
v 61.90241 136.3636 54.07777
v 61.90241 143.1818 54.07777
v 60.2866 143.1818 57.19822
v 61.04719 136.3636 56.24436
v 61.04719 143.1818 56.24436
v 58.27946 143.1818 58.55014
v 56 143.1818 59
v 57.12749 136.3636 58.89311
v 57.12749 143.1818 58.89311
v 53.8193 143.1818 58.58968
v 54.92223 136.3636 58.90241
v 54.92223 143.1818 58.90241
v 51.80178 143.1818 57.2866
v 52.75564 136.3636 58.04719
v 52.75564 143.1818 58.04719
v 50.44986 143.1818 55.27946
v 50.10689 136.3636 54.12749
v 50.10689 143.1818 54.12749
v 50.44986 6.818182 55.27946
v 50.10689 13.63636 54.12749
v 50.10689 6.818182 54.12749
v 53.8193 6.818182 58.58968
v 52.75564 13.63636 58.04719
v 51.80178 6.818182 57.2866
v 52.75564 6.818182 58.04719
v 56 6.818182 59
v 54.92223 13.63636 58.90241
v 54.92223 6.818182 58.90241
v 58.27946 6.818182 58.55014
v 57.12749 13.63636 58.89311
v 57.12749 6.818182 58.89311
v 61.58968 6.818182 55.1807
v 61.04719 13.63636 56.24436
v 60.2866 6.818182 57.19822
v 61.04719 6.818182 56.24436
v 62 6.818182 53
v 61.90241 13.63636 54.07777
v 61.90241 6.818182 54.07777
v 62 0 0
v 62 13.63636 0
v 62 27.27273 0
v 62 40.90909 0
v 62 54.54546 0
v 62 68.18182 0
v 62 81.81818 0
v 62 95.45454 0
v 62 109.0909 0
v 62 122.7273 0
v 62 136.3636 0
v 62 150 0
v 61.55014 0 -2.279463
v 61.55014 13.63636 -2.279463
v 61.55014 27.27273 -2.279463
v 61.55014 40.90909 -2.279463
v 61.55014 54.54546 -2.279463
v 61.55014 68.18182 -2.279463
v 61.55014 81.81818 -2.279463
v 61.55014 95.45454 -2.279463
v 61.55014 109.0909 -2.279463
v 61.55014 122.7273 -2.279463
v 61.55014 136.3636 -2.279463
v 61.55014 150 -2.279463
v 60.19822 0 -4.2866
v 60.19822 13.63636 -4.2866
v 60.19822 27.27273 -4.2866
v 60.19822 40.90909 -4.2866
v 60.19822 54.54546 -4.2866
v 60.19822 68.18182 -4.2866
v 60.19822 81.81818 -4.2866
v 60.19822 95.45454 -4.2866
v 60.19822 109.0909 -4.2866
v 60.19822 122.7273 -4.2866
v 60.19822 136.3636 -4.2866
v 60.19822 150 -4.2866
v 58.1807 0 -5.589684
v 58.1807 13.63636 -5.589684
v 58.1807 27.27273 -5.589684
v 58.1807 40.90909 -5.589684
v 58.1807 54.54546 -5.589684
v 58.1807 68.18182 -5.589684
v 58.1807 81.81818 -5.589684
v 58.1807 95.45454 -5.589684
v 58.1807 109.0909 -5.589684
v 58.1807 122.7273 -5.589684
v 58.1807 136.3636 -5.589684
v 58.1807 150 -5.589684
v 56 0 -6
v 56 13.63636 -6
v 56 27.27273 -6
v 56 40.90909 -6
v 56 54.54546 -6
v 56 68.18182 -6
v 56 81.81818 -6
v 56 95.45454 -6
v 56 109.0909 -6
v 56 122.7273 -6
v 56 136.3636 -6
v 56 150 -6
v 53.72054 0 -5.55014
v 53.72054 13.63636 -5.55014
v 53.72054 27.27273 -5.55014
v 53.72054 40.90909 -5.55014
v 53.72054 54.54546 -5.55014
v 53.72054 68.18182 -5.55014
v 53.72054 81.81818 -5.55014
v 53.72054 95.45454 -5.55014
v 53.72054 109.0909 -5.55014
v 53.72054 122.7273 -5.55014
v 53.72054 136.3636 -5.55014
v 53.72054 150 -5.55014
v 51.7134 0 -4.198222
v 51.7134 13.63636 -4.198222
v 51.7134 27.27273 -4.198222
v 51.7134 40.90909 -4.198222
v 51.7134 54.54546 -4.198222
v 51.7134 68.18182 -4.198222
v 51.7134 81.81818 -4.198222
v 51.7134 95.45454 -4.198222
v 51.7134 109.0909 -4.198222
v 51.7134 122.7273 -4.198222
v 51.7134 136.3636 -4.198222
v 51.7134 150 -4.198222
v 50.41032 0 -2.180697
v 50.41032 13.63636 -2.180697
v 50.41032 27.27273 -2.180697
v 50.41032 40.90909 -2.180697
v 50.41032 54.54546 -2.180697
v 50.41032 68.18182 -2.180697
v 50.41032 81.81818 -2.180697
v 50.41032 95.45454 -2.180697
v 50.41032 109.0909 -2.180697
v 50.41032 122.7273 -2.180697
v 50.41032 136.3636 -2.180697
v 50.41032 150 -2.180697
v 50 0 0
v 50 13.63636 0
v 50 27.27273 0
v 50 40.90909 0
v 50 54.54546 0
v 50 68.18182 0
v 50 81.81818 0
v 50 95.45454 0
v 50 109.0909 0
v 50 122.7273 0
v 50 136.3636 0
v 50 150 0
v 50.44986 0 2.279463
v 50.44986 13.63636 2.279463
v 50.44986 27.27273 2.279463
v 50.44986 40.90909 2.279463
v 50.44986 54.54546 2.279463
v 50.44986 68.18182 2.279463
v 50.44986 81.81818 2.279463
v 50.44986 95.45454 2.279463
v 50.44986 109.0909 2.279463
v 50.44986 122.7273 2.279463
v 50.44986 136.3636 2.279463
v 50.44986 150 2.279463
v 51.80178 0 4.2866
v 51.80178 13.63636 4.2866
v 51.80178 27.27273 4.2866
v 51.80178 40.90909 4.2866
v 51.80178 54.54546 4.2866
v 51.80178 68.18182 4.2866
v 51.80178 81.81818 4.2866
v 51.80178 95.45454 4.2866
v 51.80178 109.0909 4.2866
v 51.80178 122.7273 4.2866
v 51.80178 136.3636 4.2866
v 51.80178 150 4.2866
v 53.8193 0 5.589684
v 53.8193 13.63636 5.589684
v 53.8193 27.27273 5.589684
v 53.8193 40.90909 5.589684
v 53.8193 54.54546 5.589684
v 53.8193 68.18182 5.589684
v 53.8193 81.81818 5.589684
v 53.8193 95.45454 5.589684
v 53.8193 109.0909 5.589684
v 53.8193 122.7273 5.589684
v 53.8193 136.3636 5.589684
v 53.8193 150 5.589684
v 56 0 6
v 56 13.63636 6
v 56 27.27273 6
v 56 40.90909 6
v 56 54.54546 6
v 56 68.18182 6
v 56 81.81818 6
v 56 95.45454 6
v 56 109.0909 6
v 56 122.7273 6
v 56 136.3636 6
v 56 150 6
v 58.27946 0 5.55014
v 58.27946 13.63636 5.55014
v 58.27946 27.27273 5.55014
v 58.27946 40.90909 5.55014
v 58.27946 54.54546 5.55014
v 58.27946 68.18182 5.55014
v 58.27946 81.81818 5.55014
v 58.27946 95.45454 5.55014
v 58.27946 109.0909 5.55014
v 58.27946 122.7273 5.55014
v 58.27946 136.3636 5.55014
v 58.27946 150 5.55014
v 60.2866 0 4.198222
v 60.2866 13.63636 4.198222
v 60.2866 27.27273 4.198222
v 60.2866 40.90909 4.198222
v 60.2866 54.54546 4.198222
v 60.2866 68.18182 4.198222
v 60.2866 81.81818 4.198222
v 60.2866 95.45454 4.198222
v 60.2866 109.0909 4.198222
v 60.2866 122.7273 4.198222
v 60.2866 136.3636 4.198222
v 60.2866 150 4.198222
v 61.58968 0 2.180697
v 61.58968 13.63636 2.180697
v 61.58968 27.27273 2.180697
v 61.58968 40.90909 2.180697
v 61.58968 54.54546 2.180697
v 61.58968 68.18182 2.180697
v 61.58968 81.81818 2.180697
v 61.58968 95.45454 2.180697
v 61.58968 109.0909 2.180697
v 61.58968 122.7273 2.180697
v 61.58968 136.3636 2.180697
v 61.58968 150 2.180697
v 62 0 0
v 62 13.63636 0
v 62 27.27273 0
v 62 40.90909 0
v 62 54.54546 0
v 62 68.18182 0
v 62 81.81818 0
v 62 95.45454 0
v 62 109.0909 0
v 62 122.7273 0
v 62 136.3636 0
v 62 150 0
v 61.55014 6.818182 -2.279463
v 61.89311 13.63636 -1.12749
v 62 6.818182 0
v 61.89311 6.818182 -1.12749
v 58.1807 6.818182 -5.589684
v 59.24436 13.63636 -5.047189
v 60.19822 6.818182 -4.2866
v 59.24436 6.818182 -5.047189
v 56 6.818182 -6
v 57.07777 13.63636 -5.902407
v 57.07777 6.818182 -5.902407
v 53.72054 6.818182 -5.55014
v 54.87251 13.63636 -5.893112
v 54.87251 6.818182 -5.893112
v 50.41032 6.818182 -2.180697
v 50.95281 13.63636 -3.244362
v 51.7134 6.818182 -4.198222
v 50.95281 6.818182 -3.244362
v 50 6.818182 0
v 50.09759 13.63636 -1.07777
v 50.09759 6.818182 -1.07777
v 50 143.1818 0
v 50.41032 143.1818 -2.180697
v 50.09759 136.3636 -1.07777
v 50.09759 143.1818 -1.07777
v 51.7134 143.1818 -4.198222
v 50.95281 136.3636 -3.244362
v 50.95281 143.1818 -3.244362
v 53.72054 143.1818 -5.55014
v 56 143.1818 -6
v 54.87251 136.3636 -5.893112
v 54.87251 143.1818 -5.893112
v 58.1807 143.1818 -5.589684
v 57.07777 136.3636 -5.902407
v 57.07777 143.1818 -5.902407
v 60.19822 143.1818 -4.2866
v 59.24436 136.3636 -5.047189
v 59.24436 143.1818 -5.047189
v 61.55014 143.1818 -2.279463
v 62 143.1818 0
v 61.89311 136.3636 -1.12749
v 61.89311 143.1818 -1.12749
v 62 143.1818 0
v 61.58968 143.1818 2.180697
v 61.90241 136.3636 1.07777
v 61.90241 143.1818 1.07777
v 60.2866 143.1818 4.198222
v 61.04719 136.3636 3.244362
v 61.04719 143.1818 3.244362
v 58.27946 143.1818 5.55014
v 56 143.1818 6
v 57.12749 136.3636 5.893112
v 57.12749 143.1818 5.893112
v 53.8193 143.1818 5.589684
v 54.92223 136.3636 5.902407
v 54.92223 143.1818 5.902407
v 51.80178 143.1818 4.2866
v 52.75564 136.3636 5.047189
v 52.75564 143.1818 5.047189
v 50.44986 143.1818 2.279463
v 50.10689 136.3636 1.12749
v 50.10689 143.1818 1.12749
v 50.44986 6.818182 2.279463
v 50.10689 13.63636 1.12749
v 50.10689 6.818182 1.12749
v 53.8193 6.818182 5.589684
v 52.75564 13.63636 5.047189
v 51.80178 6.818182 4.2866
v 52.75564 6.818182 5.047189
v 56 6.818182 6
v 54.92223 13.63636 5.902407
v 54.92223 6.818182 5.902407
v 58.27946 6.818182 5.55014
v 57.12749 13.63636 5.893112
v 57.12749 6.818182 5.893112
v 61.58968 6.818182 2.180697
v 61.04719 13.63636 3.244362
v 60.2866 6.818182 4.198222
v 61.04719 6.818182 3.244362
v 62 6.818182 0
v 61.90241 13.63636 1.07777
v 61.90241 6.818182 1.07777
v 50 150 -100
v 70 150 -100
v 90 150 -100
v 70 150 -50
v 80 150 -50
v 90 150 -50
v 50 150 0
v 70 150 0
v 80 150 0
v 90 150 0
v 70 150 50
v 80 150 50
v 90 150 50
v 50 150 100
v 70 150 100
v 90 150 100
v 50 150 -76.5
v 50 150 -53
v 50.41032 150 -55.1807
v 51.7134 150 -57.19822
v 53.72054 150 -58.55014
v 56 150 -59
v 58.1807 150 -58.58968
v 60.19822 150 -57.2866
v 61.55014 150 -55.27946
v 62 150 -53
v 60 150 -75
v 55 150 -75
v 55 150 -62.5
v 52.5 150 -75
v 52.5 150 -62.5
v 60 150 -25
v 55 150 -25
v 52.5 150 -25
v 55 150 -37.5
v 52.5 150 -37.5
v 53.75 150 -62.5
v 60 150 -62.5
v 57.5 150 -75
v 57.5 150 -62.5
v 65 150 -50
v 70 150 -75
v 65 150 -75
v 56.25 150 -62.5
v 57.5 150 -25
v 60 150 -37.5
v 57.5 150 -37.5
v 65 150 0
v 70 150 -25
v 65 150 -25
v 58.75 150 -62.5
v 62.5 150 -50
v 65 150 -62.5
v 62.5 150 -75
v 62.5 150 -62.5
v 62.5 150 -56.25
v 61.25 150 -62.5
v 62.5 150 -25
v 65 150 -37.5
v 62.5 150 -37.5
v 50 150 -26.5
v 61.58968 150 -50.8193
v 60.2866 150 -48.80178
v 58.27946 150 -47.44986
v 56 150 -47
v 53.8193 150 -47.41032
v 51.80178 150 -48.7134
v 50.44986 150 -50.72054
v 61.25 150 -37.5
v 62.5 150 -43.75
v 60 150 -43.75
v 61.25 150 -43.75
v 58.75 150 -37.5
v 57.5 150 -43.75
v 58.75 150 -43.75
v 56.25 150 -37.5
v 55 150 -43.75
v 56.25 150 -43.75
v 53.75 150 -37.5
v 52.5 150 -43.75
v 53.75 150 -43.75
v 51.25 150 -37.5
v 51.25 150 -43.75
v 50 150 53
v 50.41032 150 50.8193
v 51.7134 150 48.80178
v 53.72054 150 47.44986
v 56 150 47
v 58.1807 150 47.41032
v 60.19822 150 48.7134
v 61.55014 150 50.72054
v 62 150 53
v 60 150 75
v 55 150 75
v 52.5 150 75
v 55 150 62.5
v 52.5 150 62.5
v 60 150 25
v 55 150 25
v 55 150 37.5
v 52.5 150 25
v 52.5 150 37.5
v 52.5 150 43.75
v 51.25 150 37.5
v 51.25 150 43.75
v 55 150 43.75
v 53.75 150 37.5
v 53.75 150 43.75
v 60 150 37.5
v 57.5 150 25
v 57.5 150 37.5
v 65 150 50
v 70 150 25
v 65 150 25
v 57.5 150 43.75
v 56.25 150 37.5
v 56.25 150 43.75
v 57.5 150 75
v 60 150 62.5
v 57.5 150 62.5
v 70 150 75
v 65 150 75
v 60 150 43.75
v 58.75 150 37.5
v 58.75 150 43.75
v 62.5 150 50
v 65 150 37.5
v 62.5 150 25
v 62.5 150 37.5
v 62.5 150 43.75
v 61.25 150 37.5
v 61.25 150 43.75
v 62.5 150 75
v 65 150 62.5
v 62.5 150 62.5
v 61.25 150 62.5
v 62.5 150 56.25
v 50 150 76.5
v 61.58968 150 55.1807
v 60.2866 150 57.19822
v 58.27946 150 58.55014
v 56 150 59
v 53.8193 150 58.58968
v 51.80178 150 57.2866
v 50.44986 150 55.27946
v 58.75 150 62.5
v 56.25 150 62.5
v 53.75 150 62.5
v 50.41032 150 -2.180697
v 51.7134 150 -4.198222
v 53.72054 150 -5.55014
v 56 150 -6
v 58.1807 150 -5.589684
v 60.19822 150 -4.2866
v 61.55014 150 -2.279463
v 55 150 -12.5
v 52.5 150 -12.5
v 52.5 150 -6.25
v 51.25 150 -12.5
v 51.25 150 -6.25
v 55 150 12.5
v 52.5 150 12.5
v 51.25 150 12.5
v 52.5 150 6.25
v 51.25 150 6.25
v 53.75 150 -12.5
v 60 150 -12.5
v 57.5 150 -12.5
v 56.25 150 -12.5
v 60 150 12.5
v 57.5 150 12.5
v 60 150 -6.25
v 58.75 150 -12.5
v 58.75 150 -6.25
v 62.5 150 0
v 65 150 -12.5
v 62.5 150 -12.5
v 62.5 150 -6.25
v 61.25 150 -12.5
v 61.25 150 -6.25
v 65 150 12.5
v 62.5 150 12.5
v 50 150 26.5
v 62 150 0
v 61.58968 150 2.180697
v 60.2866 150 4.198222
v 58.27946 150 5.55014
v 56 150 6
v 53.8193 150 5.589684
v 51.80178 150 4.2866
v 50.44986 150 2.279463
v 61.25 150 12.5
v 62.5 150 6.25
v 60 150 6.25
v 61.25 150 6.25
v 58.75 150 12.5
v 58.75 150 6.25
v 56.25 150 12.5
v 53.75 150 12.5
v 50 0 -100
v 350 0 -100
v 650 0 -100
v 200 0 -50
v 350 0 -50
v 500 0 -50
v 50 0 0
v 200 0 0
v 350 0 0
v 500 0 0
v 650 0 0
v 200 0 50
v 350 0 50
v 500 0 50
v 50 0 100
v 350 0 100
v 650 0 100
v 150 0 100
v 250 0 100
v 450 0 100
v 550 0 100
v 550 0 -100
v 450 0 -100
v 250 0 -100
v 150 0 -100
v 50 0 -53
v 50.41032 0 -55.1807
v 51.7134 0 -57.19822
v 53.72054 0 -58.55014
v 56 0 -59
v 58.1807 0 -58.58968
v 60.19822 0 -57.2866
v 61.55014 0 -55.27946
v 62 0 -53
v 125 0 -50
v 200 0 -75
v 125 0 -75
v 87.5 0 -50
v 125 0 -62.5
v 87.5 0 -75
v 87.5 0 -62.5
v 125 0 0
v 200 0 -25
v 125 0 -25
v 68.75 0 -50
v 87.5 0 -56.25
v 68.75 0 -62.5
v 68.75 0 -56.25
v 87.5 0 -25
v 125 0 -37.5
v 87.5 0 -37.5
v 68.75 0 -53.125
v 68.75 0 -37.5
v 87.5 0 -43.75
v 68.75 0 -43.75
v 59.375 0 -43.75
v 68.75 0 -46.875
v 59.375 0 -46.875
v 68.75 0 -59.375
v 59.375 0 -62.5
v 59.375 0 -59.375
v 87.5 0 -68.75
v 68.75 0 -75
v 68.75 0 -68.75
v 125 0 -87.5
v 87.5 0 -87.5
v 64.0625 0 -53.125
v 68.75 0 -54.6875
v 64.0625 0 -56.25
v 64.0625 0 -54.6875
v 78.125 0 -50
v 87.5 0 -53.125
v 78.125 0 -56.25
v 78.125 0 -53.125
v 106.25 0 -50
v 125 0 -56.25
v 106.25 0 -62.5
v 106.25 0 -56.25
v 162.5 0 -50
v 200 0 -62.5
v 162.5 0 -75
v 162.5 0 -62.5
v 275 0 -50
v 350 0 -75
v 275 0 -75
v 64.0625 0 -50
v 68.75 0 -51.5625
v 64.0625 0 -51.5625
v 50 0 53
v 50.41032 0 50.8193
v 51.7134 0 48.80178
v 53.72054 0 47.44986
v 56 0 47
v 58.1807 0 47.41032
v 60.19822 0 48.7134
v 61.55014 0 50.72054
v 62 0 53
v 200 0 75
v 125 0 50
v 125 0 75
v 87.5 0 75
v 125 0 62.5
v 87.5 0 50
v 87.5 0 62.5
v 200 0 25
v 125 0 25
v 68.75 0 62.5
v 87.5 0 56.25
v 68.75 0 50
v 68.75 0 56.25
v 125 0 37.5
v 87.5 0 25
v 87.5 0 37.5
v 68.75 0 53.125
v 87.5 0 43.75
v 68.75 0 37.5
v 68.75 0 43.75
v 68.75 0 46.875
v 59.375 0 43.75
v 59.375 0 46.875
v 64.0625 0 53.125
v 68.75 0 51.5625
v 64.0625 0 50
v 64.0625 0 51.5625
v 78.125 0 56.25
v 87.5 0 53.125
v 78.125 0 50
v 78.125 0 53.125
v 106.25 0 62.5
v 125 0 56.25
v 106.25 0 50
v 106.25 0 56.25
v 162.5 0 75
v 200 0 62.5
v 162.5 0 50
v 162.5 0 62.5
v 350 0 75
v 275 0 50
v 275 0 75
v 50.41032 0 -2.180697
v 51.7134 0 -4.198222
v 53.72054 0 -5.55014
v 56 0 -6
v 58.1807 0 -5.589684
v 60.19822 0 -4.2866
v 61.55014 0 -2.279463
v 87.5 0 0
v 125 0 -12.5
v 87.5 0 -12.5
v 68.75 0 0
v 87.5 0 -6.25
v 68.75 0 -12.5
v 68.75 0 -6.25
v 125 0 12.5
v 87.5 0 12.5
v 68.75 0 -3.125
v 59.375 0 -6.25
v 68.75 0 12.5
v 87.5 0 6.25
v 68.75 0 6.25
v 59.375 0 6.25
v 68.75 0 3.125
v 68.75 0 -9.375
v 59.375 0 -12.5
v 59.375 0 -9.375
v 87.5 0 -18.75
v 68.75 0 -25
v 68.75 0 -18.75
v 64.0625 0 0
v 68.75 0 -1.5625
v 64.0625 0 -3.125
v 64.0625 0 -1.5625
v 78.125 0 0
v 87.5 0 -3.125
v 78.125 0 -6.25
v 78.125 0 -3.125
v 106.25 0 0
v 125 0 -6.25
v 106.25 0 -12.5
v 106.25 0 -6.25
v 162.5 0 0
v 200 0 -12.5
v 162.5 0 -25
v 162.5 0 -12.5
v 275 0 0
v 350 0 -25
v 275 0 -25
v 61.58968 0 -50.8193
v 60.2866 0 -48.80178
v 58.27946 0 -47.44986
v 56 0 -47
v 53.8193 0 -47.41032
v 51.80178 0 -48.7134
v 50.44986 0 -50.72054
v 61.58968 0 55.1807
v 60.2866 0 57.19822
v 58.27946 0 58.55014
v 56 0 59
v 53.8193 0 58.58968
v 51.80178 0 57.2866
v 50.44986 0 55.27946
v 64.0625 0 56.25
v 68.75 0 54.6875
v 64.0625 0 54.6875
v 59.375 0 62.5
v 68.75 0 59.375
v 59.375 0 59.375
v 68.75 0 75
v 87.5 0 68.75
v 68.75 0 68.75
v 125 0 87.5
v 87.5 0 87.5
v 62 0 0
v 61.58968 0 2.180697
v 60.2866 0 4.198222
v 58.27946 0 5.55014
v 56 0 6
v 53.8193 0 5.589684
v 51.80178 0 4.2866
v 50.44986 0 2.279463
v 64.0625 0 3.125
v 68.75 0 1.5625
v 64.0625 0 1.5625
v 78.125 0 6.25
v 87.5 0 3.125
v 78.125 0 3.125
v 106.25 0 12.5
v 125 0 6.25
v 106.25 0 6.25
v 162.5 0 25
v 200 0 12.5
v 162.5 0 12.5
v 350 0 25
v 275 0 25
v 59.375 0 12.5
v 68.75 0 9.375
v 59.375 0 9.375
v 68.75 0 25
v 87.5 0 18.75
v 68.75 0 18.75
vt 0.4284873 0
vt 0.2860507 0
vt 0.4284873 0.1884506
vt 0.2860507 0.1884506
vt 0.4284873 0.09422532
vt 0.9985352 0
vt 0.8575634 0
vt 0.9985352 0.5697464
vt 0.8575634 0.5697464
vt 0.9985352 0.09495775
vt 0.9985352 0.1899155
vt 0.9985352 0.2848732
vt 0.9985352 0.379831
vt 0.9985352 0.4747887
vt 0.8575634 0.2848732
vt 0.9280493 0.2848732
vt 0.8575634 0.0379831
vt 0.8575634 0.01899155
vt 0.8928064 0.2848732
vt 0.8575634 0.1424366
vt 0.9280493 0.1424366
vt 0.8928064 0.1424366
vt 0.8751848 0.1424366
vt 0.8575634 0.0712183
vt 0.8928064 0.0712183
vt 0.8751848 0.0712183
vt 0.8560985 0
vt 0.7151268 0
vt 0.8560985 0.5697464
vt 0.7151268 0.5697464
vt 0.8560985 0.09495775
vt 0.8560985 0.1899155
vt 0.8560985 0.2848732
vt 0.8560985 0.379831
vt 0.8560985 0.4747887
vt 0.7151268 0.2848732
vt 0.7856126 0.2848732
vt 0.7151268 0.0379831
vt 0.7151268 0.01899155
vt 0.7503697 0.2848732
vt 0.7151268 0.1424366
vt 0.7856126 0.1424366
vt 0.7503697 0.1424366
vt 0.7327483 0.1424366
vt 0.7151268 0.0712183
vt 0.7503697 0.0712183
vt 0.7327483 0.0712183
vt 0.4273098 0.1899155
vt 0 0.1899155
vt 0.4273098 0.3783661
vt 0 0.3783661
vt 0.2136549 0.3783661
vt 0.2136549 0.1899155
vt 0 0.3562232
vt 0 0.3340802
vt 0 0.2841408
vt 0.4273098 0.2841408
vt 0.2136549 0.2841408
vt 0.1068275 0.2841408
vt 0.2136549 0.3312535
vt 0.1068275 0.3312535
vt 0.05341373 0.3312535
vt 0.1068275 0.3548098
vt 0.05341373 0.3548098
vt 0 0.3091105
vt 0.05341373 0.2841408
vt 0.1068275 0.3076971
vt 0.05341373 0.3076971
vt 0.2136549 0.2370281
vt 0.1068275 0.2370281
vt 0 0.2342014
vt 0 0.2120584
vt 0.05341373 0.2370281
vt 0.1068275 0.2134718
vt 0.05341373 0.2134718
vt 0 0.2591711
vt 0.1068275 0.2605845
vt 0.05341373 0.2605845
vt 0.1884506 0.379831
vt 0 0.379831
vt 0.1884506 0.9481125
vt 0 0.9481125
vt 0.1884506 0.6639718
vt 0 0.6639718
vt 0.09422532 0.379831
vt 0.09422532 0.9481125
vt 0 0
vt 0 0.1884506
vt 0.09495774 0
vt 0.09495774 0.1884506
vt 0 0.09422532
vt 0.09495774 0.0442859
vt 0.09495774 0.09422532
vt 0.09495774 0.1441647
vt 0.2848732 0.379831
vt 0.2848732 0.9481125
vt 0.3783661 0.379831
vt 0.3783661 0.9481125
vt 0.3783661 0.5219014
vt 0.3783661 0.735007
vt 0.2848732 0.6639718
vt 0.3316197 0.9481125
vt 0.1899155 0.379831
vt 0.1899155 0.9481125
vt 0.2834084 0.379831
vt 0.2834084 0.9481125
vt 0.2834084 0.5219014
vt 0.2834084 0.735007
vt 0.1899155 0.6639718
vt 0.2366619 0.9481125
vt 0.41563 0.379831
vt 0.41563 0.3927797
vt 0.41563 0.4057285
vt 0.41563 0.4186773
vt 0.41563 0.4316261
vt 0.41563 0.4445749
vt 0.41563 0.4575237
vt 0.41563 0.4704725
vt 0.41563 0.4834212
vt 0.41563 0.49637
vt 0.41563 0.5093188
vt 0.41563 0.5222676
vt 0.4178447 0.379831
vt 0.4178447 0.3927797
vt 0.4178447 0.4057285
vt 0.4178447 0.4186773
vt 0.4178447 0.4316261
vt 0.4178447 0.4445749
vt 0.4178447 0.4575237
vt 0.4178447 0.4704725
vt 0.4178447 0.4834212
vt 0.4178447 0.49637
vt 0.4178447 0.5093188
vt 0.4178447 0.5222676
vt 0.4199758 0.379831
vt 0.4199758 0.3927797
vt 0.4199758 0.4057285
vt 0.4199758 0.4186773
vt 0.4199758 0.4316261
vt 0.4199758 0.4445749
vt 0.4199758 0.4575237
vt 0.4199758 0.4704725
vt 0.4199758 0.4834212
vt 0.4199758 0.49637
vt 0.4199758 0.5093188
vt 0.4199758 0.5222676
vt 0.4220947 0.379831
vt 0.4220947 0.3927797
vt 0.4220947 0.4057285
vt 0.4220947 0.4186773
vt 0.4220947 0.4316261
vt 0.4220947 0.4445749
vt 0.4220947 0.4575237
vt 0.4220947 0.4704725
vt 0.4220947 0.4834212
vt 0.4220947 0.49637
vt 0.4220947 0.5093188
vt 0.4220947 0.5222676
vt 0.4242136 0.379831
vt 0.4242136 0.3927797
vt 0.4242136 0.4057285
vt 0.4242136 0.4186773
vt 0.4242136 0.4316261
vt 0.4242136 0.4445749
vt 0.4242136 0.4575237
vt 0.4242136 0.4704725
vt 0.4242136 0.4834212
vt 0.4242136 0.49637
vt 0.4242136 0.5093188
vt 0.4242136 0.5222676
vt 0.4264282 0.379831
vt 0.4264282 0.3927797
vt 0.4264282 0.4057285
vt 0.4264282 0.4186773
vt 0.4264282 0.4316261
vt 0.4264282 0.4445749
vt 0.4264282 0.4575237
vt 0.4264282 0.4704725
vt 0.4264282 0.4834212
vt 0.4264282 0.49637
vt 0.4264282 0.5093188
vt 0.4264282 0.5222676
vt 0.4285593 0.379831
vt 0.4285593 0.3927797
vt 0.4285593 0.4057285
vt 0.4285593 0.4186773
vt 0.4285593 0.4316261
vt 0.4285593 0.4445749
vt 0.4285593 0.4575237
vt 0.4285593 0.4704725
vt 0.4285593 0.4834212
vt 0.4285593 0.49637
vt 0.4285593 0.5093188
vt 0.4285593 0.5222676
vt 0.4306782 0.379831
vt 0.4306782 0.3927797
vt 0.4306782 0.4057285
vt 0.4306782 0.4186773
vt 0.4306782 0.4316261
vt 0.4306782 0.4445749
vt 0.4306782 0.4575237
vt 0.4306782 0.4704725
vt 0.4306782 0.4834212
vt 0.4306782 0.49637
vt 0.4306782 0.5093188
vt 0.4306782 0.5222676
vt 0.4327972 0.379831
vt 0.4327972 0.3927797
vt 0.4327972 0.4057285
vt 0.4327972 0.4186773
vt 0.4327972 0.4316261
vt 0.4327972 0.4445749
vt 0.4327972 0.4575237
vt 0.4327972 0.4704725
vt 0.4327972 0.4834212
vt 0.4327972 0.49637
vt 0.4327972 0.5093188
vt 0.4327972 0.5222676
vt 0.4350118 0.379831
vt 0.4350118 0.3927797
vt 0.4350118 0.4057285
vt 0.4350118 0.4186773
vt 0.4350118 0.4316261
vt 0.4350118 0.4445749
vt 0.4350118 0.4575237
vt 0.4350118 0.4704725
vt 0.4350118 0.4834212
vt 0.4350118 0.49637
vt 0.4350118 0.5093188
vt 0.4350118 0.5222676
vt 0.4371429 0.379831
vt 0.4371429 0.3927797
vt 0.4371429 0.4057285
vt 0.4371429 0.4186773
vt 0.4371429 0.4316261
vt 0.4371429 0.4445749
vt 0.4371429 0.4575237
vt 0.4371429 0.4704725
vt 0.4371429 0.4834212
vt 0.4371429 0.49637
vt 0.4371429 0.5093188
vt 0.4371429 0.5222676
vt 0.4392618 0.379831
vt 0.4392618 0.3927797
vt 0.4392618 0.4057285
vt 0.4392618 0.4186773
vt 0.4392618 0.4316261
vt 0.4392618 0.4445749
vt 0.4392618 0.4575237
vt 0.4392618 0.4704725
vt 0.4392618 0.4834212
vt 0.4392618 0.49637
vt 0.4392618 0.5093188
vt 0.4392618 0.5222676
vt 0.4413807 0.379831
vt 0.4413807 0.3927797
vt 0.4413807 0.4057285
vt 0.4413807 0.4186773
vt 0.4413807 0.4316261
vt 0.4413807 0.4445749
vt 0.4413807 0.4575237
vt 0.4413807 0.4704725
vt 0.4413807 0.4834212
vt 0.4413807 0.49637
vt 0.4413807 0.5093188
vt 0.4413807 0.5222676
vt 0.4435953 0.379831
vt 0.4435953 0.3927797
vt 0.4435953 0.4057285
vt 0.4435953 0.4186773
vt 0.4435953 0.4316261
vt 0.4435953 0.4445749
vt 0.4435953 0.4575237
vt 0.4435953 0.4704725
vt 0.4435953 0.4834212
vt 0.4435953 0.49637
vt 0.4435953 0.5093188
vt 0.4435953 0.5222676
vt 0.4457265 0.379831
vt 0.4457265 0.3927797
vt 0.4457265 0.4057285
vt 0.4457265 0.4186773
vt 0.4457265 0.4316261
vt 0.4457265 0.4445749
vt 0.4457265 0.4575237
vt 0.4457265 0.4704725
vt 0.4457265 0.4834212
vt 0.4457265 0.49637
vt 0.4457265 0.5093188
vt 0.4457265 0.5222676
vt 0.4478454 0.379831
vt 0.4478454 0.3927797
vt 0.4478454 0.4057285
vt 0.4478454 0.4186773
vt 0.4478454 0.4316261
vt 0.4478454 0.4445749
vt 0.4478454 0.4575237
vt 0.4478454 0.4704725
vt 0.4478454 0.4834212
vt 0.4478454 0.49637
vt 0.4478454 0.5093188
vt 0.4478454 0.5222676
vt 0.4499643 0.379831
vt 0.4499643 0.3927797
vt 0.4499643 0.4057285
vt 0.4499643 0.4186773
vt 0.4499643 0.4316261
vt 0.4499643 0.4445749
vt 0.4499643 0.4575237
vt 0.4499643 0.4704725
vt 0.4499643 0.4834212
vt 0.4499643 0.49637
vt 0.4499643 0.5093188
vt 0.4499643 0.5222676
vt 0.4178447 0.3863054
vt 0.4167373 0.3927797
vt 0.41563 0.3863054
vt 0.4167373 0.3863054
vt 0.4220947 0.3863054
vt 0.4210352 0.3927797
vt 0.4199758 0.3863054
vt 0.4210352 0.3863054
vt 0.4242136 0.3863054
vt 0.4231541 0.3927797
vt 0.4231541 0.3863054
vt 0.4264282 0.3863054
vt 0.4253209 0.3927797
vt 0.4253209 0.3863054
vt 0.4306782 0.3863054
vt 0.4296188 0.3927797
vt 0.4285593 0.3863054
vt 0.4296188 0.3863054
vt 0.4327972 0.3863054
vt 0.4317377 0.3927797
vt 0.4317377 0.3863054
vt 0.4327972 0.5157932
vt 0.4306782 0.5157932
vt 0.4317377 0.5093188
vt 0.4317377 0.5157932
vt 0.4285593 0.5157932
vt 0.4296188 0.5093188
vt 0.4296188 0.5157932
vt 0.4264282 0.5157932
vt 0.4242136 0.5157932
vt 0.4253209 0.5093188
vt 0.4253209 0.5157932
vt 0.4220947 0.5157932
vt 0.4231541 0.5093188
vt 0.4231541 0.5157932
vt 0.4199758 0.5157932
vt 0.4210352 0.5093188
vt 0.4210352 0.5157932
vt 0.4178447 0.5157932
vt 0.41563 0.5157932
vt 0.4167373 0.5093188
vt 0.4167373 0.5157932
vt 0.4499643 0.5157932
vt 0.4478454 0.5157932
vt 0.4489048 0.5093188
vt 0.4489048 0.5157932
vt 0.4457265 0.5157932
vt 0.4467859 0.5093188
vt 0.4467859 0.5157932
vt 0.4435953 0.5157932
vt 0.4413807 0.5157932
vt 0.442488 0.5093188
vt 0.442488 0.5157932
vt 0.4392618 0.5157932
vt 0.4403213 0.5093188
vt 0.4403213 0.5157932
vt 0.4371429 0.5157932
vt 0.4382024 0.5093188
vt 0.4382024 0.5157932
vt 0.4350118 0.5157932
vt 0.4339045 0.5093188
vt 0.4339045 0.5157932
vt 0.4350118 0.3863054
vt 0.4339045 0.3927797
vt 0.4339045 0.3863054
vt 0.4392618 0.3863054
vt 0.4382024 0.3927797
vt 0.4371429 0.3863054
vt 0.4382024 0.3863054
vt 0.4413807 0.3863054
vt 0.4403213 0.3927797
vt 0.4403213 0.3863054
vt 0.4435953 0.3863054
vt 0.442488 0.3927797
vt 0.442488 0.3863054
vt 0.4478454 0.3863054
vt 0.4467859 0.3927797
vt 0.4457265 0.3863054
vt 0.4467859 0.3863054
vt 0.4499643 0.3863054
vt 0.4489048 0.3927797
vt 0.4489048 0.3863054
vt 0.379831 0.379831
vt 0.379831 0.3927797
vt 0.379831 0.4057285
vt 0.379831 0.4186773
vt 0.379831 0.4316261
vt 0.379831 0.4445749
vt 0.379831 0.4575237
vt 0.379831 0.4704725
vt 0.379831 0.4834212
vt 0.379831 0.49637
vt 0.379831 0.5093188
vt 0.379831 0.5222676
vt 0.3820456 0.379831
vt 0.3820456 0.3927797
vt 0.3820456 0.4057285
vt 0.3820456 0.4186773
vt 0.3820456 0.4316261
vt 0.3820456 0.4445749
vt 0.3820456 0.4575237
vt 0.3820456 0.4704725
vt 0.3820456 0.4834212
vt 0.3820456 0.49637
vt 0.3820456 0.5093188
vt 0.3820456 0.5222676
vt 0.3841767 0.379831
vt 0.3841767 0.3927797
vt 0.3841767 0.4057285
vt 0.3841767 0.4186773
vt 0.3841767 0.4316261
vt 0.3841767 0.4445749
vt 0.3841767 0.4575237
vt 0.3841767 0.4704725
vt 0.3841767 0.4834212
vt 0.3841767 0.49637
vt 0.3841767 0.5093188
vt 0.3841767 0.5222676
vt 0.3862956 0.379831
vt 0.3862956 0.3927797
vt 0.3862956 0.4057285
vt 0.3862956 0.4186773
vt 0.3862956 0.4316261
vt 0.3862956 0.4445749
vt 0.3862956 0.4575237
vt 0.3862956 0.4704725
vt 0.3862956 0.4834212
vt 0.3862956 0.49637
vt 0.3862956 0.5093188
vt 0.3862956 0.5222676
vt 0.3884145 0.379831
vt 0.3884145 0.3927797
vt 0.3884145 0.4057285
vt 0.3884145 0.4186773
vt 0.3884145 0.4316261
vt 0.3884145 0.4445749
vt 0.3884145 0.4575237
vt 0.3884145 0.4704725
vt 0.3884145 0.4834212
vt 0.3884145 0.49637
vt 0.3884145 0.5093188
vt 0.3884145 0.5222676
vt 0.3906291 0.379831
vt 0.3906291 0.3927797
vt 0.3906291 0.4057285
vt 0.3906291 0.4186773
vt 0.3906291 0.4316261
vt 0.3906291 0.4445749
vt 0.3906291 0.4575237
vt 0.3906291 0.4704725
vt 0.3906291 0.4834212
vt 0.3906291 0.49637
vt 0.3906291 0.5093188
vt 0.3906291 0.5222676
vt 0.3927602 0.379831
vt 0.3927602 0.3927797
vt 0.3927602 0.4057285
vt 0.3927602 0.4186773
vt 0.3927602 0.4316261
vt 0.3927602 0.4445749
vt 0.3927602 0.4575237
vt 0.3927602 0.4704725
vt 0.3927602 0.4834212
vt 0.3927602 0.49637
vt 0.3927602 0.5093188
vt 0.3927602 0.5222676
vt 0.3948792 0.379831
vt 0.3948792 0.3927797
vt 0.3948792 0.4057285
vt 0.3948792 0.4186773
vt 0.3948792 0.4316261
vt 0.3948792 0.4445749
vt 0.3948792 0.4575237
vt 0.3948792 0.4704725
vt 0.3948792 0.4834212
vt 0.3948792 0.49637
vt 0.3948792 0.5093188
vt 0.3948792 0.5222676
vt 0.3969981 0.379831
vt 0.3969981 0.3927797
vt 0.3969981 0.4057285
vt 0.3969981 0.4186773
vt 0.3969981 0.4316261
vt 0.3969981 0.4445749
vt 0.3969981 0.4575237
vt 0.3969981 0.4704725
vt 0.3969981 0.4834212
vt 0.3969981 0.49637
vt 0.3969981 0.5093188
vt 0.3969981 0.5222676
vt 0.3992127 0.379831
vt 0.3992127 0.3927797
vt 0.3992127 0.4057285
vt 0.3992127 0.4186773
vt 0.3992127 0.4316261
vt 0.3992127 0.4445749
vt 0.3992127 0.4575237
vt 0.3992127 0.4704725
vt 0.3992127 0.4834212
vt 0.3992127 0.49637
vt 0.3992127 0.5093188
vt 0.3992127 0.5222676
vt 0.4013438 0.379831
vt 0.4013438 0.3927797
vt 0.4013438 0.4057285
vt 0.4013438 0.4186773
vt 0.4013438 0.4316261
vt 0.4013438 0.4445749
vt 0.4013438 0.4575237
vt 0.4013438 0.4704725
vt 0.4013438 0.4834212
vt 0.4013438 0.49637
vt 0.4013438 0.5093188
vt 0.4013438 0.5222676
vt 0.4034627 0.379831
vt 0.4034627 0.3927797
vt 0.4034627 0.4057285
vt 0.4034627 0.4186773
vt 0.4034627 0.4316261
vt 0.4034627 0.4445749
vt 0.4034627 0.4575237
vt 0.4034627 0.4704725
vt 0.4034627 0.4834212
vt 0.4034627 0.49637
vt 0.4034627 0.5093188
vt 0.4034627 0.5222676
vt 0.4055817 0.379831
vt 0.4055817 0.3927797
vt 0.4055817 0.4057285
vt 0.4055817 0.4186773
vt 0.4055817 0.4316261
vt 0.4055817 0.4445749
vt 0.4055817 0.4575237
vt 0.4055817 0.4704725
vt 0.4055817 0.4834212
vt 0.4055817 0.49637
vt 0.4055817 0.5093188
vt 0.4055817 0.5222676
vt 0.4077963 0.379831
vt 0.4077963 0.3927797
vt 0.4077963 0.4057285
vt 0.4077963 0.4186773
vt 0.4077963 0.4316261
vt 0.4077963 0.4445749
vt 0.4077963 0.4575237
vt 0.4077963 0.4704725
vt 0.4077963 0.4834212
vt 0.4077963 0.49637
vt 0.4077963 0.5093188
vt 0.4077963 0.5222676
vt 0.4099274 0.379831
vt 0.4099274 0.3927797
vt 0.4099274 0.4057285
vt 0.4099274 0.4186773
vt 0.4099274 0.4316261
vt 0.4099274 0.4445749
vt 0.4099274 0.4575237
vt 0.4099274 0.4704725
vt 0.4099274 0.4834212
vt 0.4099274 0.49637
vt 0.4099274 0.5093188
vt 0.4099274 0.5222676
vt 0.4120463 0.379831
vt 0.4120463 0.3927797
vt 0.4120463 0.4057285
vt 0.4120463 0.4186773
vt 0.4120463 0.4316261
vt 0.4120463 0.4445749
vt 0.4120463 0.4575237
vt 0.4120463 0.4704725
vt 0.4120463 0.4834212
vt 0.4120463 0.49637
vt 0.4120463 0.5093188
vt 0.4120463 0.5222676
vt 0.4141652 0.379831
vt 0.4141652 0.3927797
vt 0.4141652 0.4057285
vt 0.4141652 0.4186773
vt 0.4141652 0.4316261
vt 0.4141652 0.4445749
vt 0.4141652 0.4575237
vt 0.4141652 0.4704725
vt 0.4141652 0.4834212
vt 0.4141652 0.49637
vt 0.4141652 0.5093188
vt 0.4141652 0.5222676
vt 0.3820456 0.3863054
vt 0.3809383 0.3927797
vt 0.379831 0.3863054
vt 0.3809383 0.3863054
vt 0.3862956 0.3863054
vt 0.3852361 0.3927797
vt 0.3841767 0.3863054
vt 0.3852361 0.3863054
vt 0.3884145 0.3863054
vt 0.3873551 0.3927797
vt 0.3873551 0.3863054
vt 0.3906291 0.3863054
vt 0.3895218 0.3927797
vt 0.3895218 0.3863054
vt 0.3948792 0.3863054
vt 0.3938197 0.3927797
vt 0.3927602 0.3863054
vt 0.3938197 0.3863054
vt 0.3969981 0.3863054
vt 0.3959386 0.3927797
vt 0.3959386 0.3863054
vt 0.3969981 0.5157932
vt 0.3948792 0.5157932
vt 0.3959386 0.5093188
vt 0.3959386 0.5157932
vt 0.3927602 0.5157932
vt 0.3938197 0.5093188
vt 0.3938197 0.5157932
vt 0.3906291 0.5157932
vt 0.3884145 0.5157932
vt 0.3895218 0.5093188
vt 0.3895218 0.5157932
vt 0.3862956 0.5157932
vt 0.3873551 0.5093188
vt 0.3873551 0.5157932
vt 0.3841767 0.5157932
vt 0.3852361 0.5093188
vt 0.3852361 0.5157932
vt 0.3820456 0.5157932
vt 0.379831 0.5157932
vt 0.3809383 0.5093188
vt 0.3809383 0.5157932
vt 0.4141652 0.5157932
vt 0.4120463 0.5157932
vt 0.4131058 0.5093188
vt 0.4131058 0.5157932
vt 0.4099274 0.5157932
vt 0.4109868 0.5093188
vt 0.4109868 0.5157932
vt 0.4077963 0.5157932
vt 0.4055817 0.5157932
vt 0.406689 0.5093188
vt 0.406689 0.5157932
vt 0.4034627 0.5157932
vt 0.4045222 0.5093188
vt 0.4045222 0.5157932
vt 0.4013438 0.5157932
vt 0.4024033 0.5093188
vt 0.4024033 0.5157932
vt 0.3992127 0.5157932
vt 0.3981054 0.5093188
vt 0.3981054 0.5157932
vt 0.3992127 0.3863054
vt 0.3981054 0.3927797
vt 0.3981054 0.3863054
vt 0.4034627 0.3863054
vt 0.4024033 0.3927797
vt 0.4013438 0.3863054
vt 0.4024033 0.3863054
vt 0.4055817 0.3863054
vt 0.4045222 0.3927797
vt 0.4045222 0.3863054
vt 0.4077963 0.3863054
vt 0.406689 0.3927797
vt 0.406689 0.3863054
vt 0.4120463 0.3863054
vt 0.4109868 0.3927797
vt 0.4099274 0.3863054
vt 0.4109868 0.3863054
vt 0.4141652 0.3863054
vt 0.4131058 0.3927797
vt 0.4131058 0.3863054
vt 0.4514291 0.379831
vt 0.4514291 0.3927797
vt 0.4514291 0.4057285
vt 0.4514291 0.4186773
vt 0.4514291 0.4316261
vt 0.4514291 0.4445749
vt 0.4514291 0.4575237
vt 0.4514291 0.4704725
vt 0.4514291 0.4834212
vt 0.4514291 0.49637
vt 0.4514291 0.5093188
vt 0.4514291 0.5222676
vt 0.4536438 0.379831
vt 0.4536438 0.3927797
vt 0.4536438 0.4057285
vt 0.4536438 0.4186773
vt 0.4536438 0.4316261
vt 0.4536438 0.4445749
vt 0.4536438 0.4575237
vt 0.4536438 0.4704725
vt 0.4536438 0.4834212
vt 0.4536438 0.49637
vt 0.4536438 0.5093188
vt 0.4536438 0.5222676
vt 0.4557749 0.379831
vt 0.4557749 0.3927797
vt 0.4557749 0.4057285
vt 0.4557749 0.4186773
vt 0.4557749 0.4316261
vt 0.4557749 0.4445749
vt 0.4557749 0.4575237
vt 0.4557749 0.4704725
vt 0.4557749 0.4834212
vt 0.4557749 0.49637
vt 0.4557749 0.5093188
vt 0.4557749 0.5222676
vt 0.4578938 0.379831
vt 0.4578938 0.3927797
vt 0.4578938 0.4057285
vt 0.4578938 0.4186773
vt 0.4578938 0.4316261
vt 0.4578938 0.4445749
vt 0.4578938 0.4575237
vt 0.4578938 0.4704725
vt 0.4578938 0.4834212
vt 0.4578938 0.49637
vt 0.4578938 0.5093188
vt 0.4578938 0.5222676
vt 0.4600127 0.379831
vt 0.4600127 0.3927797
vt 0.4600127 0.4057285
vt 0.4600127 0.4186773
vt 0.4600127 0.4316261
vt 0.4600127 0.4445749
vt 0.4600127 0.4575237
vt 0.4600127 0.4704725
vt 0.4600127 0.4834212
vt 0.4600127 0.49637
vt 0.4600127 0.5093188
vt 0.4600127 0.5222676
vt 0.4622273 0.379831
vt 0.4622273 0.3927797
vt 0.4622273 0.4057285
vt 0.4622273 0.4186773
vt 0.4622273 0.4316261
vt 0.4622273 0.4445749
vt 0.4622273 0.4575237
vt 0.4622273 0.4704725
vt 0.4622273 0.4834212
vt 0.4622273 0.49637
vt 0.4622273 0.5093188
vt 0.4622273 0.5222676
vt 0.4643584 0.379831
vt 0.4643584 0.3927797
vt 0.4643584 0.4057285
vt 0.4643584 0.4186773
vt 0.4643584 0.4316261
vt 0.4643584 0.4445749
vt 0.4643584 0.4575237
vt 0.4643584 0.4704725
vt 0.4643584 0.4834212
vt 0.4643584 0.49637
vt 0.4643584 0.5093188
vt 0.4643584 0.5222676
vt 0.4664773 0.379831
vt 0.4664773 0.3927797
vt 0.4664773 0.4057285
vt 0.4664773 0.4186773
vt 0.4664773 0.4316261
vt 0.4664773 0.4445749
vt 0.4664773 0.4575237
vt 0.4664773 0.4704725
vt 0.4664773 0.4834212
vt 0.4664773 0.49637
vt 0.4664773 0.5093188
vt 0.4664773 0.5222676
vt 0.4685962 0.379831
vt 0.4685962 0.3927797
vt 0.4685962 0.4057285
vt 0.4685962 0.4186773
vt 0.4685962 0.4316261
vt 0.4685962 0.4445749
vt 0.4685962 0.4575237
vt 0.4685962 0.4704725
vt 0.4685962 0.4834212
vt 0.4685962 0.49637
vt 0.4685962 0.5093188
vt 0.4685962 0.5222676
vt 0.4708109 0.379831
vt 0.4708109 0.3927797
vt 0.4708109 0.4057285
vt 0.4708109 0.4186773
vt 0.4708109 0.4316261
vt 0.4708109 0.4445749
vt 0.4708109 0.4575237
vt 0.4708109 0.4704725
vt 0.4708109 0.4834212
vt 0.4708109 0.49637
vt 0.4708109 0.5093188
vt 0.4708109 0.5222676
vt 0.472942 0.379831
vt 0.472942 0.3927797
vt 0.472942 0.4057285
vt 0.472942 0.4186773
vt 0.472942 0.4316261
vt 0.472942 0.4445749
vt 0.472942 0.4575237
vt 0.472942 0.4704725
vt 0.472942 0.4834212
vt 0.472942 0.49637
vt 0.472942 0.5093188
vt 0.472942 0.5222676
vt 0.4750609 0.379831
vt 0.4750609 0.3927797
vt 0.4750609 0.4057285
vt 0.4750609 0.4186773
vt 0.4750609 0.4316261
vt 0.4750609 0.4445749
vt 0.4750609 0.4575237
vt 0.4750609 0.4704725
vt 0.4750609 0.4834212
vt 0.4750609 0.49637
vt 0.4750609 0.5093188
vt 0.4750609 0.5222676
vt 0.4771798 0.379831
vt 0.4771798 0.3927797
vt 0.4771798 0.4057285
vt 0.4771798 0.4186773
vt 0.4771798 0.4316261
vt 0.4771798 0.4445749
vt 0.4771798 0.4575237
vt 0.4771798 0.4704725
vt 0.4771798 0.4834212
vt 0.4771798 0.49637
vt 0.4771798 0.5093188
vt 0.4771798 0.5222676
vt 0.4793944 0.379831
vt 0.4793944 0.3927797
vt 0.4793944 0.4057285
vt 0.4793944 0.4186773
vt 0.4793944 0.4316261
vt 0.4793944 0.4445749
vt 0.4793944 0.4575237
vt 0.4793944 0.4704725
vt 0.4793944 0.4834212
vt 0.4793944 0.49637
vt 0.4793944 0.5093188
vt 0.4793944 0.5222676
vt 0.4815255 0.379831
vt 0.4815255 0.3927797
vt 0.4815255 0.4057285
vt 0.4815255 0.4186773
vt 0.4815255 0.4316261
vt 0.4815255 0.4445749
vt 0.4815255 0.4575237
vt 0.4815255 0.4704725
vt 0.4815255 0.4834212
vt 0.4815255 0.49637
vt 0.4815255 0.5093188
vt 0.4815255 0.5222676
vt 0.4836445 0.379831
vt 0.4836445 0.3927797
vt 0.4836445 0.4057285
vt 0.4836445 0.4186773
vt 0.4836445 0.4316261
vt 0.4836445 0.4445749
vt 0.4836445 0.4575237
vt 0.4836445 0.4704725
vt 0.4836445 0.4834212
vt 0.4836445 0.49637
vt 0.4836445 0.5093188
vt 0.4836445 0.5222676
vt 0.4857634 0.379831
vt 0.4857634 0.3927797
vt 0.4857634 0.4057285
vt 0.4857634 0.4186773
vt 0.4857634 0.4316261
vt 0.4857634 0.4445749
vt 0.4857634 0.4575237
vt 0.4857634 0.4704725
vt 0.4857634 0.4834212
vt 0.4857634 0.49637
vt 0.4857634 0.5093188
vt 0.4857634 0.5222676
vt 0.4536438 0.3863054
vt 0.4525364 0.3927797
vt 0.4514291 0.3863054
vt 0.4525364 0.3863054
vt 0.4578938 0.3863054
vt 0.4568343 0.3927797
vt 0.4557749 0.3863054
vt 0.4568343 0.3863054
vt 0.4600127 0.3863054
vt 0.4589532 0.3927797
vt 0.4589532 0.3863054
vt 0.4622273 0.3863054
vt 0.46112 0.3927797
vt 0.46112 0.3863054
vt 0.4664773 0.3863054
vt 0.4654179 0.3927797
vt 0.4643584 0.3863054
vt 0.4654179 0.3863054
vt 0.4685962 0.3863054
vt 0.4675368 0.3927797
vt 0.4675368 0.3863054
vt 0.4685962 0.5157932
vt 0.4664773 0.5157932
vt 0.4675368 0.5093188
vt 0.4675368 0.5157932
vt 0.4643584 0.5157932
vt 0.4654179 0.5093188
vt 0.4654179 0.5157932
vt 0.4622273 0.5157932
vt 0.4600127 0.5157932
vt 0.46112 0.5093188
vt 0.46112 0.5157932
vt 0.4578938 0.5157932
vt 0.4589532 0.5093188
vt 0.4589532 0.5157932
vt 0.4557749 0.5157932
vt 0.4568343 0.5093188
vt 0.4568343 0.5157932
vt 0.4536438 0.5157932
vt 0.4514291 0.5157932
vt 0.4525364 0.5093188
vt 0.4525364 0.5157932
vt 0.4857634 0.5157932
vt 0.4836445 0.5157932
vt 0.4847039 0.5093188
vt 0.4847039 0.5157932
vt 0.4815255 0.5157932
vt 0.482585 0.5093188
vt 0.482585 0.5157932
vt 0.4793944 0.5157932
vt 0.4771798 0.5157932
vt 0.4782871 0.5093188
vt 0.4782871 0.5157932
vt 0.4750609 0.5157932
vt 0.4761204 0.5093188
vt 0.4761204 0.5157932
vt 0.472942 0.5157932
vt 0.4740014 0.5093188
vt 0.4740014 0.5157932
vt 0.4708109 0.5157932
vt 0.4697036 0.5093188
vt 0.4697036 0.5157932
vt 0.4708109 0.3863054
vt 0.4697036 0.3927797
vt 0.4697036 0.3863054
vt 0.4750609 0.3863054
vt 0.4740014 0.3927797
vt 0.472942 0.3863054
vt 0.4740014 0.3863054
vt 0.4771798 0.3863054
vt 0.4761204 0.3927797
vt 0.4761204 0.3863054
vt 0.4793944 0.3863054
vt 0.4782871 0.3927797
vt 0.4782871 0.3863054
vt 0.4836445 0.3863054
vt 0.482585 0.3927797
vt 0.4815255 0.3863054
vt 0.482585 0.3863054
vt 0.4857634 0.3863054
vt 0.4847039 0.3927797
vt 0.4847039 0.3863054
vt 0.5237464 0.379831
vt 0.5054873 0.379831
vt 0.4872282 0.379831
vt 0.5054873 0.4273098
vt 0.4963578 0.4273098
vt 0.4872282 0.4273098
vt 0.5237464 0.4747887
vt 0.5054873 0.4747887
vt 0.4963578 0.4747887
vt 0.4872282 0.4747887
vt 0.5054873 0.5222676
vt 0.4963578 0.5222676
vt 0.4872282 0.5222676
vt 0.5237464 0.5697464
vt 0.5054873 0.5697464
vt 0.4872282 0.5697464
vt 0.5237464 0.402146
vt 0.5237464 0.4244611
vt 0.5233719 0.4223904
vt 0.5221822 0.4204746
vt 0.5203497 0.4191908
vt 0.5182687 0.4187636
vt 0.5162778 0.4191533
vt 0.5144359 0.4203906
vt 0.5132017 0.4222966
vt 0.512791 0.4244611
vt 0.5146169 0.4035704
vt 0.5191817 0.4035704
vt 0.5191817 0.4154401
vt 0.521464 0.4035704
vt 0.521464 0.4154401
vt 0.5146169 0.4510493
vt 0.5191817 0.4510493
vt 0.521464 0.4510493
vt 0.5191817 0.4391795
vt 0.521464 0.4391795
vt 0.5203229 0.4154401
vt 0.5146169 0.4154401
vt 0.5168993 0.4035704
vt 0.5168993 0.4154401
vt 0.5100521 0.4273098
vt 0.5054873 0.4035704
vt 0.5100521 0.4035704
vt 0.5180405 0.4154401
vt 0.5168993 0.4510493
vt 0.5146169 0.4391795
vt 0.5168993 0.4391795
vt 0.5100521 0.4747887
vt 0.5054873 0.4510493
vt 0.5100521 0.4510493
vt 0.5157581 0.4154401
vt 0.5123345 0.4273098
vt 0.5100521 0.4154401
vt 0.5123345 0.4035704
vt 0.5123345 0.4154401
vt 0.5123345 0.421375
vt 0.5134757 0.4154401
vt 0.5123345 0.4510493
vt 0.5100521 0.4391795
vt 0.5123345 0.4391795
vt 0.5237464 0.4496249
vt 0.5131656 0.4265319
vt 0.5143552 0.4284476
vt 0.5161877 0.4297314
vt 0.5182687 0.4301586
vt 0.5202596 0.4297689
vt 0.5221015 0.4285316
vt 0.5233358 0.4266256
vt 0.5134757 0.4391795
vt 0.5123345 0.4332447
vt 0.5146169 0.4332447
vt 0.5134757 0.4332447
vt 0.5157581 0.4391795
vt 0.5168993 0.4332447
vt 0.5157581 0.4332447
vt 0.5180405 0.4391795
vt 0.5191817 0.4332447
vt 0.5180405 0.4332447
vt 0.5203229 0.4391795
vt 0.521464 0.4332447
vt 0.5203229 0.4332447
vt 0.5226052 0.4391795
vt 0.5226052 0.4332447
vt 0.5237464 0.5251163
vt 0.5233719 0.5230455
vt 0.5221822 0.5211298
vt 0.5203497 0.519846
vt 0.5182687 0.5194188
vt 0.5162778 0.5198085
vt 0.5144359 0.5210459
vt 0.5132017 0.5229518
vt 0.512791 0.5251163
vt 0.5146169 0.546007
vt 0.5191817 0.546007
vt 0.521464 0.546007
vt 0.5191817 0.5341373
vt 0.521464 0.5341373
vt 0.5146169 0.4985282
vt 0.5191817 0.4985282
vt 0.5191817 0.5103979
vt 0.521464 0.4985282
vt 0.521464 0.5103979
vt 0.521464 0.5163327
vt 0.5226052 0.5103979
vt 0.5226052 0.5163327
vt 0.5191817 0.5163327
vt 0.5203229 0.5103979
vt 0.5203229 0.5163327
vt 0.5146169 0.5103979
vt 0.5168993 0.4985282
vt 0.5168993 0.5103979
vt 0.5100521 0.5222676
vt 0.5054873 0.4985282
vt 0.5100521 0.4985282
vt 0.5168993 0.5163327
vt 0.5180405 0.5103979
vt 0.5180405 0.5163327
vt 0.5168993 0.546007
vt 0.5146169 0.5341373
vt 0.5168993 0.5341373
vt 0.5054873 0.546007
vt 0.5100521 0.546007
vt 0.5146169 0.5163327
vt 0.5157581 0.5103979
vt 0.5157581 0.5163327
vt 0.5123345 0.5222676
vt 0.5100521 0.5103979
vt 0.5123345 0.4985282
vt 0.5123345 0.5103979
vt 0.5123345 0.5163327
vt 0.5134757 0.5103979
vt 0.5134757 0.5163327
vt 0.5123345 0.546007
vt 0.5100521 0.5341373
vt 0.5123345 0.5341373
vt 0.5134757 0.5341373
vt 0.5123345 0.5282024
vt 0.5237464 0.5474313
vt 0.5131656 0.527187
vt 0.5143552 0.5291029
vt 0.5161877 0.5303866
vt 0.5182687 0.5308138
vt 0.5202596 0.5304241
vt 0.5221015 0.5291868
vt 0.5233358 0.5272808
vt 0.5157581 0.5341373
vt 0.5180405 0.5341373
vt 0.5203229 0.5341373
vt 0.5233719 0.472718
vt 0.5221822 0.4708022
vt 0.5203497 0.4695184
vt 0.5182687 0.4690912
vt 0.5162778 0.4694809
vt 0.5144359 0.4707182
vt 0.5132017 0.4726242
vt 0.5191817 0.462919
vt 0.521464 0.462919
vt 0.521464 0.4688538
vt 0.5226052 0.462919
vt 0.5226052 0.4688538
vt 0.5191817 0.4866584
vt 0.521464 0.4866584
vt 0.5226052 0.4866584
vt 0.521464 0.4807236
vt 0.5226052 0.4807236
vt 0.5203229 0.462919
vt 0.5146169 0.462919
vt 0.5168993 0.462919
vt 0.5180405 0.462919
vt 0.5146169 0.4866584
vt 0.5168993 0.4866584
vt 0.5146169 0.4688538
vt 0.5157581 0.462919
vt 0.5157581 0.4688538
vt 0.5123345 0.4747887
vt 0.5100521 0.462919
vt 0.5123345 0.462919
vt 0.5123345 0.4688538
vt 0.5134757 0.462919
vt 0.5134757 0.4688538
vt 0.5100521 0.4866584
vt 0.5123345 0.4866584
vt 0.5237464 0.4999525
vt 0.512791 0.4747887
vt 0.5131656 0.4768595
vt 0.5143552 0.4787752
vt 0.5161877 0.480059
vt 0.5182687 0.4804862
vt 0.5202596 0.4800965
vt 0.5221015 0.4788592
vt 0.5233358 0.4769532
vt 0.5134757 0.4866584
vt 0.5123345 0.4807236
vt 0.5146169 0.4807236
vt 0.5134757 0.4807236
vt 0.5157581 0.4866584
vt 0.5157581 0.4807236
vt 0.5180405 0.4866584
vt 0.5203229 0.4866584
vt 0.5252113 0.379831
vt 0.5252113 0.6639718
vt 0.5252113 0.9481125
vt 0.572324 0.5219014
vt 0.572324 0.6639718
vt 0.572324 0.8060421
vt 0.6194366 0.379831
vt 0.6194366 0.5219014
vt 0.6194366 0.6639718
vt 0.6194366 0.8060421
vt 0.6194366 0.9481125
vt 0.6665493 0.5219014
vt 0.6665493 0.6639718
vt 0.6665493 0.8060421
vt 0.7136619 0.379831
vt 0.7136619 0.6639718
vt 0.7136619 0.9481125
vt 0.7136619 0.4745446
vt 0.7136619 0.5692582
vt 0.7136619 0.7586854
vt 0.7136619 0.853399
vt 0.5252113 0.853399
vt 0.5252113 0.7586854
vt 0.5252113 0.5692582
vt 0.5252113 0.4745446
vt 0.5694972 0.379831
vt 0.5674424 0.3802196
vt 0.5655414 0.3814538
vt 0.5642676 0.3833548
vt 0.5638437 0.3855138
vt 0.5642303 0.3875792
vt 0.5654581 0.3894901
vt 0.5673494 0.3907705
vt 0.5694972 0.3911966
vt 0.572324 0.4508662
vt 0.5487676 0.5219014
vt 0.5487676 0.4508662
vt 0.572324 0.4153486
vt 0.5605458 0.4508662
vt 0.5487676 0.4153486
vt 0.5605458 0.4153486
vt 0.6194366 0.4508662
vt 0.5958803 0.5219014
vt 0.5958803 0.4508662
vt 0.572324 0.3975898
vt 0.5664349 0.4153486
vt 0.5605458 0.3975898
vt 0.5664349 0.3975898
vt 0.5958803 0.4153486
vt 0.5841021 0.4508662
vt 0.5841021 0.4153486
vt 0.5693794 0.3975898
vt 0.5841021 0.3975898
vt 0.578213 0.4153486
vt 0.578213 0.3975898
vt 0.578213 0.3887103
vt 0.5752685 0.3975898
vt 0.5752685 0.3887103
vt 0.5634903 0.3975898
vt 0.5605458 0.3887103
vt 0.5634903 0.3887103
vt 0.5546567 0.4153486
vt 0.5487676 0.3975898
vt 0.5546567 0.3975898
vt 0.5369895 0.4508662
vt 0.5369895 0.4153486
vt 0.5693794 0.3931501
vt 0.5679072 0.3975898
vt 0.5664349 0.3931501
vt 0.5679072 0.3931501
vt 0.572324 0.4064692
vt 0.5693794 0.4153486
vt 0.5664349 0.4064692
vt 0.5693794 0.4064692
vt 0.572324 0.4331074
vt 0.5664349 0.4508662
vt 0.5605458 0.4331074
vt 0.5664349 0.4331074
vt 0.572324 0.4863838
vt 0.5605458 0.5219014
vt 0.5487676 0.4863838
vt 0.5605458 0.4863838
vt 0.572324 0.5929366
vt 0.5487676 0.6639718
vt 0.5487676 0.5929366
vt 0.572324 0.3931501
vt 0.5708517 0.3975898
vt 0.5708517 0.3931501
vt 0.669376 0.379831
vt 0.6673213 0.3802196
vt 0.6654202 0.3814538
vt 0.6641464 0.3833548
vt 0.6637225 0.3855138
vt 0.6641092 0.3875792
vt 0.665337 0.3894901
vt 0.6672282 0.3907705
vt 0.669376 0.3911966
vt 0.6901056 0.5219014
vt 0.6665493 0.4508662
vt 0.6901056 0.4508662
vt 0.6901056 0.4153486
vt 0.6783274 0.4508662
vt 0.6665493 0.4153486
vt 0.6783274 0.4153486
vt 0.642993 0.5219014
vt 0.642993 0.4508662
vt 0.6783274 0.3975898
vt 0.6724384 0.4153486
vt 0.6665493 0.3975898
vt 0.6724384 0.3975898
vt 0.6547711 0.4508662
vt 0.642993 0.4153486
vt 0.6547711 0.4153486
vt 0.6694938 0.3975898
vt 0.6606602 0.4153486
vt 0.6547711 0.3975898
vt 0.6606602 0.3975898
vt 0.6636047 0.3975898
vt 0.6606602 0.3887103
vt 0.6636047 0.3887103
vt 0.6694938 0.3931501
vt 0.6680216 0.3975898
vt 0.6665493 0.3931501
vt 0.6680216 0.3931501
vt 0.6724384 0.4064692
vt 0.6694938 0.4153486
vt 0.6665493 0.4064692
vt 0.6694938 0.4064692
vt 0.6783274 0.4331074
vt 0.6724384 0.4508662
vt 0.6665493 0.4331074
vt 0.6724384 0.4331074
vt 0.6901056 0.4863838
vt 0.6783274 0.5219014
vt 0.6665493 0.4863838
vt 0.6783274 0.4863838
vt 0.6901056 0.6639718
vt 0.6665493 0.5929366
vt 0.6901056 0.5929366
vt 0.6173819 0.3802196
vt 0.6154808 0.3814538
vt 0.614207 0.3833548
vt 0.6137831 0.3855138
vt 0.6141697 0.3875792
vt 0.6153976 0.3894901
vt 0.6172888 0.3907705
vt 0.6194366 0.4153486
vt 0.6076584 0.4508662
vt 0.6076584 0.4153486
vt 0.6194366 0.3975898
vt 0.6135475 0.4153486
vt 0.6076584 0.3975898
vt 0.6135475 0.3975898
vt 0.6312148 0.4508662
vt 0.6312148 0.4153486
vt 0.6164921 0.3975898
vt 0.6135475 0.3887103
vt 0.6312148 0.3975898
vt 0.6253257 0.4153486
vt 0.6253257 0.3975898
vt 0.6253257 0.3887103
vt 0.6223812 0.3975898
vt 0.610603 0.3975898
vt 0.6076584 0.3887103
vt 0.610603 0.3887103
vt 0.6017694 0.4153486
vt 0.5958803 0.3975898
vt 0.6017694 0.3975898
vt 0.6194366 0.3931501
vt 0.6179643 0.3975898
vt 0.6164921 0.3931501
vt 0.6179643 0.3931501
vt 0.6194366 0.4064692
vt 0.6164921 0.4153486
vt 0.6135475 0.4064692
vt 0.6164921 0.4064692
vt 0.6194366 0.4331074
vt 0.6135475 0.4508662
vt 0.6076584 0.4331074
vt 0.6135475 0.4331074
vt 0.6194366 0.4863838
vt 0.6076584 0.5219014
vt 0.5958803 0.4863838
vt 0.6076584 0.4863838
vt 0.6194366 0.5929366
vt 0.5958803 0.6639718
vt 0.5958803 0.5929366
vt 0.571552 0.390808
vt 0.573453 0.3895738
vt 0.5747268 0.3876728
vt 0.5751507 0.3855138
vt 0.5747641 0.3834484
vt 0.5735363 0.3815375
vt 0.571645 0.380257
vt 0.6714308 0.390808
vt 0.6733319 0.3895738
vt 0.6746057 0.3876728
vt 0.6750296 0.3855138
vt 0.6746429 0.3834484
vt 0.6734151 0.3815375
vt 0.6715239 0.380257
vt 0.6724384 0.3931501
vt 0.6709661 0.3975898
vt 0.6709661 0.3931501
vt 0.6783274 0.3887103
vt 0.6753829 0.3975898
vt 0.6753829 0.3887103
vt 0.6901056 0.3975898
vt 0.6842165 0.4153486
vt 0.6842165 0.3975898
vt 0.7018838 0.4508662
vt 0.7018838 0.4153486
vt 0.6194366 0.3911966
vt 0.6214914 0.390808
vt 0.6233924 0.3895738
vt 0.6246663 0.3876728
vt 0.6250901 0.3855138
vt 0.6247035 0.3834484
vt 0.6234757 0.3815375
vt 0.6215844 0.380257
vt 0.6223812 0.3931501
vt 0.6209089 0.3975898
vt 0.6209089 0.3931501
vt 0.6253257 0.4064692
vt 0.6223812 0.4153486
vt 0.6223812 0.4064692
vt 0.6312148 0.4331074
vt 0.6253257 0.4508662
vt 0.6253257 0.4331074
vt 0.642993 0.4863838
vt 0.6312148 0.5219014
vt 0.6312148 0.4863838
vt 0.642993 0.6639718
vt 0.642993 0.5929366
vt 0.6312148 0.3887103
vt 0.6282703 0.3975898
vt 0.6282703 0.3887103
vt 0.642993 0.3975898
vt 0.6371039 0.4153486
vt 0.6371039 0.3975898
vn -1 0 0
vn -1 0 0
vn -1 0 0
vn -1 0 0
vn -1 0 0
vn 0 0 -1
vn 0 0 -1
vn 0 0 -1
vn 0 0 -1
vn 0 0 -1
vn 0 0 -1
vn 0 0 -1
vn 0 0 -1
vn 0 0 -1
vn 0 0 -1
vn 0 0 -1
vn 0 0 -1
vn 0 0 -1
vn 0 0 -1
vn 0 0 -1
vn 0 0 -1
vn 0 0 -1
vn 0 0 -1
vn 0 0 -1
vn 0 0 -1
vn 0 0 -1
vn 0 0 1
vn 0 0 1
vn 0 0 1
vn 0 0 1
vn 0 0 1
vn 0 0 1
vn 0 0 1
vn 0 0 1
vn 0 0 1
vn 0 0 1
vn 0 0 1
vn 0 0 1
vn 0 0 1
vn 0 0 1
vn 0 0 1
vn 0 0 1
vn 0 0 1
vn 0 0 1
vn 0 0 1
vn 0 0 1
vn 0 0 1
vn -1 0 0
vn -1 0 0
vn -1 0 0
vn -1 0 0
vn -1 0 0
vn -1 0 0
vn -1 0 0
vn -1 0 0
vn -1 0 0
vn -1 0 0
vn -1 0 0
vn -1 0 0
vn -1 0 0
vn -1 0 0
vn -1 0 0
vn -1 0 0
vn -1 0 0
vn -1 0 0
vn -1 0 0
vn -1 0 0
vn -1 0 0
vn -1 0 0
vn -1 0 0
vn -1 0 0
vn -1 0 0
vn -1 0 0
vn -1 0 0
vn -1 0 0
vn -1 0 0
vn -1 0 0
vn -1 0 0
vn 1 0 0
vn 1 0 0
vn 1 0 0
vn 1 0 0
vn 1 0 0
vn 1 0 0
vn 1 0 0
vn 1 0 0
vn 0 1 0
vn 0 1 0
vn 0 1 0
vn 0 1 0
vn 0 1 0
vn 0 1 0
vn 0 1 0
vn 0 1 0
vn 0 0 1
vn 0 0 1
vn 0 0 1
vn 0 0 1
vn 0 0 1
vn 0 0 1
vn 0 0 1
vn 0 0 1
vn 0 0 -1
vn 0 0 -1
vn 0 0 -1
vn 0 0 -1
vn 0 0 -1
vn 0 0 -1
vn 0 0 -1
vn 0 0 -1
vn 1 0 0
vn 1 0 0
vn 1 0 0
vn 1 0 0
vn 1 0 0
vn 1 0 0
vn 1 0 0
vn 1 0 0
vn 1 0 0
vn 1 0 0
vn 1 0 0
vn 1 0 0
vn 0.9250233 0 -0.3799104
vn 0.9250233 0 -0.3799104
vn 0.9250233 0 -0.3799104
vn 0.9250233 0 -0.3799104
vn 0.9250233 0 -0.3799104
vn 0.9250233 0 -0.3799104
vn 0.9250233 0 -0.3799104
vn 0.9250233 0 -0.3799104
vn 0.9250233 0 -0.3799104
vn 0.9250233 0 -0.3799104
vn 0.9250233 0 -0.3799104
vn 0.9250233 0 -0.3799104
vn 0.6997036 0 -0.7144333
vn 0.6997036 0 -0.7144333
vn 0.6997036 0 -0.7144333
vn 0.6997036 0 -0.7144333
vn 0.6997036 0 -0.7144333
vn 0.6997036 0 -0.7144333
vn 0.6997036 0 -0.7144333
vn 0.6997036 0 -0.7144333
vn 0.6997036 0 -0.7144333
vn 0.6997036 0 -0.7144333
vn 0.6997036 0 -0.7144333
vn 0.6997036 0 -0.7144333
vn 0.3634495 0 -0.9316139
vn 0.3634495 0 -0.9316139
vn 0.3634495 0 -0.9316139
vn 0.3634495 0 -0.9316139
vn 0.3634495 0 -0.9316139
vn 0.3634495 0 -0.9316139
vn 0.3634495 0 -0.9316139
vn 0.3634495 0 -0.9316139
vn 0.3634495 0 -0.9316139
vn 0.3634495 0 -0.9316139
vn 0.3634495 0 -0.9316139
vn 0.3634495 0 -0.9316139
vn 0 0 -1
vn 0 0 -1
vn 0 0 -1
vn 0 0 -1
vn 0 0 -1
vn 0 0 -1
vn 0 0 -1
vn 0 0 -1
vn 0 0 -1
vn 0 0 -1
vn 0 0 -1
vn 0 0 -1
vn -0.3799104 0 -0.9250233
vn -0.3799104 0 -0.9250233
vn -0.3799104 0 -0.9250233
vn -0.3799104 0 -0.9250233
vn -0.3799104 0 -0.9250233
vn -0.3799104 0 -0.9250233
vn -0.3799104 0 -0.9250233
vn -0.3799104 0 -0.9250233
vn -0.3799104 0 -0.9250233
vn -0.3799104 0 -0.9250233
vn -0.3799104 0 -0.9250233
vn -0.3799104 0 -0.9250233
vn -0.7144333 0 -0.6997036
vn -0.7144333 0 -0.6997036
vn -0.7144333 0 -0.6997036
vn -0.7144333 0 -0.6997036
vn -0.7144333 0 -0.6997036
vn -0.7144333 0 -0.6997036
vn -0.7144333 0 -0.6997036
vn -0.7144333 0 -0.6997036
vn -0.7144333 0 -0.6997036
vn -0.7144333 0 -0.6997036
vn -0.7144333 0 -0.6997036
vn -0.7144333 0 -0.6997036
vn -0.9316139 0 -0.3634495
vn -0.9316139 0 -0.3634495
vn -0.9316139 0 -0.3634495
vn -0.9316139 0 -0.3634495
vn -0.9316139 0 -0.3634495
vn -0.9316139 0 -0.3634495
vn -0.9316139 0 -0.3634495
vn -0.9316139 0 -0.3634495
vn -0.9316139 0 -0.3634495
vn -0.9316139 0 -0.3634495
vn -0.9316139 0 -0.3634495
vn -0.9316139 0 -0.3634495
vn -1 0 0
vn -1 0 0
vn -1 0 0
vn -1 0 0
vn -1 0 0
vn -1 0 0
vn -1 0 0
vn -1 0 0
vn -1 0 0
vn -1 0 0
vn -1 0 0
vn -1 0 0
vn -0.9250233 0 0.3799104
vn -0.9250233 0 0.3799104
vn -0.9250233 0 0.3799104
vn -0.9250233 0 0.3799104
vn -0.9250233 0 0.3799104
vn -0.9250233 0 0.3799104
vn -0.9250233 0 0.3799104
vn -0.9250233 0 0.3799104
vn -0.9250233 0 0.3799104
vn -0.9250233 0 0.3799104
vn -0.9250233 0 0.3799104
vn -0.9250233 0 0.3799104
vn -0.6997036 0 0.7144333
vn -0.6997036 0 0.7144333
vn -0.6997036 0 0.7144333
vn -0.6997036 0 0.7144333
vn -0.6997036 0 0.7144333
vn -0.6997036 0 0.7144333
vn -0.6997036 0 0.7144333
vn -0.6997036 0 0.7144333
vn -0.6997036 0 0.7144333
vn -0.6997036 0 0.7144333
vn -0.6997036 0 0.7144333
vn -0.6997036 0 0.7144333
vn -0.3634495 0 0.9316139
vn -0.3634495 0 0.9316139
vn -0.3634495 0 0.9316139
vn -0.3634495 0 0.9316139
vn -0.3634495 0 0.9316139
vn -0.3634495 0 0.9316139
vn -0.3634495 0 0.9316139
vn -0.3634495 0 0.9316139
vn -0.3634495 0 0.9316139
vn -0.3634495 0 0.9316139
vn -0.3634495 0 0.9316139
vn -0.3634495 0 0.9316139
vn 0 0 1
vn 0 0 1
vn 0 0 1
vn 0 0 1
vn 0 0 1
vn 0 0 1
vn 0 0 1
vn 0 0 1
vn 0 0 1
vn 0 0 1
vn 0 0 1
vn 0 0 1
vn 0.3799104 0 0.9250233
vn 0.3799104 0 0.9250233
vn 0.3799104 0 0.9250233
vn 0.3799104 0 0.9250233
vn 0.3799104 0 0.9250233
vn 0.3799104 0 0.9250233
vn 0.3799104 0 0.9250233
vn 0.3799104 0 0.9250233
vn 0.3799104 0 0.9250233
vn 0.3799104 0 0.9250233
vn 0.3799104 0 0.9250233
vn 0.3799104 0 0.9250233
vn 0.7144333 0 0.6997036
vn 0.7144333 0 0.6997036
vn 0.7144333 0 0.6997036
vn 0.7144333 0 0.6997036
vn 0.7144333 0 0.6997036
vn 0.7144333 0 0.6997036
vn 0.7144333 0 0.6997036
vn 0.7144333 0 0.6997036
vn 0.7144333 0 0.6997036
vn 0.7144333 0 0.6997036
vn 0.7144333 0 0.6997036
vn 0.7144333 0 0.6997036
vn 0.9316139 0 0.3634495
vn 0.9316139 0 0.3634495
vn 0.9316139 0 0.3634495
vn 0.9316139 0 0.3634495
vn 0.9316139 0 0.3634495
vn 0.9316139 0 0.3634495
vn 0.9316139 0 0.3634495
vn 0.9316139 0 0.3634495
vn 0.9316139 0 0.3634495
vn 0.9316139 0 0.3634495
vn 0.9316139 0 0.3634495
vn 0.9316139 0 0.3634495
vn 1 0 0
vn 1 0 0
vn 1 0 0
vn 1 0 0
vn 1 0 0
vn 1 0 0
vn 1 0 0
vn 1 0 0
vn 1 0 0
vn 1 0 0
vn 1 0 0
vn 1 0 0
vn 0.9250233 0 -0.3799104
vn 0.9821853 0 -0.1879151
vn 1 0 0
vn 0.9821853 0 -0.1879151
vn 0.3634495 0 -0.9316139
vn 0.540727 0 -0.8411981
vn 0.6997036 0 -0.7144333
vn 0.540727 0 -0.8411981
vn 0 0 -1
vn 0.1796283 0 -0.9837345
vn 0.1796283 0 -0.9837345
vn -0.3799104 0 -0.9250233
vn -0.1879151 0 -0.9821853
vn -0.1879151 0 -0.9821853
vn -0.9316139 0 -0.3634495
vn -0.8411981 0 -0.540727
vn -0.7144333 0 -0.6997036
vn -0.8411981 0 -0.540727
vn -1 0 0
vn -0.9837345 0 -0.1796283
vn -0.9837345 0 -0.1796283
vn -1 0 0
vn -0.9316139 0 -0.3634495
vn -0.9837345 0 -0.1796283
vn -0.9837345 0 -0.1796283
vn -0.7144333 0 -0.6997036
vn -0.8411981 0 -0.540727
vn -0.8411981 0 -0.540727
vn -0.3799104 0 -0.9250233
vn 0 0 -1
vn -0.1879151 0 -0.9821853
vn -0.1879151 0 -0.9821853
vn 0.3634495 0 -0.9316139
vn 0.1796283 0 -0.9837345
vn 0.1796283 0 -0.9837345
vn 0.6997036 0 -0.7144333
vn 0.540727 0 -0.8411981
vn 0.540727 0 -0.8411981
vn 0.9250233 0 -0.3799104
vn 1 0 0
vn 0.9821853 0 -0.1879151
vn 0.9821853 0 -0.1879151
vn 1 0 0
vn 0.9316139 0 0.3634495
vn 0.9837345 0 0.1796283
vn 0.9837345 0 0.1796283
vn 0.7144333 0 0.6997036
vn 0.8411981 0 0.540727
vn 0.8411981 0 0.540727
vn 0.3799104 0 0.9250233
vn 0 0 1
vn 0.1879151 0 0.9821853
vn 0.1879151 0 0.9821853
vn -0.3634495 0 0.9316139
vn -0.1796283 0 0.9837345
vn -0.1796283 0 0.9837345
vn -0.6997036 0 0.7144333
vn -0.540727 0 0.8411981
vn -0.540727 0 0.8411981
vn -0.9250233 0 0.3799104
vn -0.9821853 0 0.1879151
vn -0.9821853 0 0.1879151
vn -0.9250233 0 0.3799104
vn -0.9821853 0 0.1879151
vn -0.9821853 0 0.1879151
vn -0.3634495 0 0.9316139
vn -0.540727 0 0.8411981
vn -0.6997036 0 0.7144333
vn -0.540727 0 0.8411981
vn 0 0 1
vn -0.1796283 0 0.9837345
vn -0.1796283 0 0.9837345
vn 0.3799104 0 0.9250233
vn 0.1879151 0 0.9821853
vn 0.1879151 0 0.9821853
vn 0.9316139 0 0.3634495
vn 0.8411981 0 0.540727
vn 0.7144333 0 0.6997036
vn 0.8411981 0 0.540727
vn 1 0 0
vn 0.9837345 0 0.1796283
vn 0.9837345 0 0.1796283
vn 1 0 0
vn 1 0 0
vn 1 0 0
vn 1 0 0
vn 1 0 0
vn 1 0 0
vn 1 0 0
vn 1 0 0
vn 1 0 0
vn 1 0 0
vn 1 0 0
vn 1 0 0
vn 0.9250233 0 -0.3799104
vn 0.9250233 0 -0.3799104
vn 0.9250233 0 -0.3799104
vn 0.9250233 0 -0.3799104
vn 0.9250233 0 -0.3799104
vn 0.9250233 0 -0.3799104
vn 0.9250233 0 -0.3799104
vn 0.9250233 0 -0.3799104
vn 0.9250233 0 -0.3799104
vn 0.9250233 0 -0.3799104
vn 0.9250233 0 -0.3799104
vn 0.9250233 0 -0.3799104
vn 0.6997036 0 -0.7144333
vn 0.6997036 0 -0.7144333
vn 0.6997036 0 -0.7144333
vn 0.6997036 0 -0.7144333
vn 0.6997036 0 -0.7144333
vn 0.6997036 0 -0.7144333
vn 0.6997036 0 -0.7144333
vn 0.6997036 0 -0.7144333
vn 0.6997036 0 -0.7144333
vn 0.6997036 0 -0.7144333
vn 0.6997036 0 -0.7144333
vn 0.6997036 0 -0.7144333
vn 0.3634495 0 -0.9316139
vn 0.3634495 0 -0.9316139
vn 0.3634495 0 -0.9316139
vn 0.3634495 0 -0.9316139
vn 0.3634495 0 -0.9316139
vn 0.3634495 0 -0.9316139
vn 0.3634495 0 -0.9316139
vn 0.3634495 0 -0.9316139
vn 0.3634495 0 -0.9316139
vn 0.3634495 0 -0.9316139
vn 0.3634495 0 -0.9316139
vn 0.3634495 0 -0.9316139
vn 0 0 -1
vn 0 0 -1
vn 0 0 -1
vn 0 0 -1
vn 0 0 -1
vn 0 0 -1
vn 0 0 -1
vn 0 0 -1
vn 0 0 -1
vn 0 0 -1
vn 0 0 -1
vn 0 0 -1
vn -0.3799104 0 -0.9250233
vn -0.3799104 0 -0.9250233
vn -0.3799104 0 -0.9250233
vn -0.3799104 0 -0.9250233
vn -0.3799104 0 -0.9250233
vn -0.3799104 0 -0.9250233
vn -0.3799104 0 -0.9250233
vn -0.3799104 0 -0.9250233
vn -0.3799104 0 -0.9250233
vn -0.3799104 0 -0.9250233
vn -0.3799104 0 -0.9250233
vn -0.3799104 0 -0.9250233
vn -0.7144333 0 -0.6997036
vn -0.7144333 0 -0.6997036
vn -0.7144333 0 -0.6997036
vn -0.7144333 0 -0.6997036
vn -0.7144333 0 -0.6997036
vn -0.7144333 0 -0.6997036
vn -0.7144333 0 -0.6997036
vn -0.7144333 0 -0.6997036
vn -0.7144333 0 -0.6997036
vn -0.7144333 0 -0.6997036
vn -0.7144333 0 -0.6997036
vn -0.7144333 0 -0.6997036
vn -0.9316139 0 -0.3634495
vn -0.9316139 0 -0.3634495
vn -0.9316139 0 -0.3634495
vn -0.9316139 0 -0.3634495
vn -0.9316139 0 -0.3634495
vn -0.9316139 0 -0.3634495
vn -0.9316139 0 -0.3634495
vn -0.9316139 0 -0.3634495
vn -0.9316139 0 -0.3634495
vn -0.9316139 0 -0.3634495
vn -0.9316139 0 -0.3634495
vn -0.9316139 0 -0.3634495
vn -1 0 0
vn -1 0 0
vn -1 0 0
vn -1 0 0
vn -1 0 0
vn -1 0 0
vn -1 0 0
vn -1 0 0
vn -1 0 0
vn -1 0 0
vn -1 0 0
vn -1 0 0
vn -0.9250233 0 0.3799104
vn -0.9250233 0 0.3799104
vn -0.9250233 0 0.3799104
vn -0.9250233 0 0.3799104
vn -0.9250233 0 0.3799104
vn -0.9250233 0 0.3799104
vn -0.9250233 0 0.3799104
vn -0.9250233 0 0.3799104
vn -0.9250233 0 0.3799104
vn -0.9250233 0 0.3799104
vn -0.9250233 0 0.3799104
vn -0.9250233 0 0.3799104
vn -0.6997036 0 0.7144333
vn -0.6997036 0 0.7144333
vn -0.6997036 0 0.7144333
vn -0.6997036 0 0.7144333
vn -0.6997036 0 0.7144333
vn -0.6997036 0 0.7144333
vn -0.6997036 0 0.7144333
vn -0.6997036 0 0.7144333
vn -0.6997036 0 0.7144333
vn -0.6997036 0 0.7144333
vn -0.6997036 0 0.7144333
vn -0.6997036 0 0.7144333
vn -0.3634495 0 0.9316139
vn -0.3634495 0 0.9316139
vn -0.3634495 0 0.9316139
vn -0.3634495 0 0.9316139
vn -0.3634495 0 0.9316139
vn -0.3634495 0 0.9316139
vn -0.3634495 0 0.9316139
vn -0.3634495 0 0.9316139
vn -0.3634495 0 0.9316139
vn -0.3634495 0 0.9316139
vn -0.3634495 0 0.9316139
vn -0.3634495 0 0.9316139
vn 0 0 1
vn 0 0 1
vn 0 0 1
vn 0 0 1
vn 0 0 1
vn 0 0 1
vn 0 0 1
vn 0 0 1
vn 0 0 1
vn 0 0 1
vn 0 0 1
vn 0 0 1
vn 0.3799104 0 0.9250233
vn 0.3799104 0 0.9250233
vn 0.3799104 0 0.9250233
vn 0.3799104 0 0.9250233
vn 0.3799104 0 0.9250233
vn 0.3799104 0 0.9250233
vn 0.3799104 0 0.9250233
vn 0.3799104 0 0.9250233
vn 0.3799104 0 0.9250233
vn 0.3799104 0 0.9250233
vn 0.3799104 0 0.9250233
vn 0.3799104 0 0.9250233
vn 0.7144333 0 0.6997036
vn 0.7144333 0 0.6997036
vn 0.7144333 0 0.6997036
vn 0.7144333 0 0.6997036
vn 0.7144333 0 0.6997036
vn 0.7144333 0 0.6997036
vn 0.7144333 0 0.6997036
vn 0.7144333 0 0.6997036
vn 0.7144333 0 0.6997036
vn 0.7144333 0 0.6997036
vn 0.7144333 0 0.6997036
vn 0.7144333 0 0.6997036
vn 0.9316139 0 0.3634495
vn 0.9316139 0 0.3634495
vn 0.9316139 0 0.3634495
vn 0.9316139 0 0.3634495
vn 0.9316139 0 0.3634495
vn 0.9316139 0 0.3634495
vn 0.9316139 0 0.3634495
vn 0.9316139 0 0.3634495
vn 0.9316139 0 0.3634495
vn 0.9316139 0 0.3634495
vn 0.9316139 0 0.3634495
vn 0.9316139 0 0.3634495
vn 1 0 0
vn 1 0 0
vn 1 0 0
vn 1 0 0
vn 1 0 0
vn 1 0 0
vn 1 0 0
vn 1 0 0
vn 1 0 0
vn 1 0 0
vn 1 0 0
vn 1 0 0
vn 0.9250233 0 -0.3799104
vn 0.9821853 0 -0.1879151
vn 1 0 0
vn 0.9821853 0 -0.1879151
vn 0.3634495 0 -0.9316139
vn 0.540727 0 -0.8411981
vn 0.6997036 0 -0.7144333
vn 0.540727 0 -0.8411981
vn 0 0 -1
vn 0.1796283 0 -0.9837345
vn 0.1796283 0 -0.9837345
vn -0.3799104 0 -0.9250233
vn -0.1879151 0 -0.9821853
vn -0.1879151 0 -0.9821853
vn -0.9316139 0 -0.3634495
vn -0.8411981 0 -0.540727
vn -0.7144333 0 -0.6997036
vn -0.8411981 0 -0.540727
vn -1 0 0
vn -0.9837345 0 -0.1796283
vn -0.9837345 0 -0.1796283
vn -1 0 0
vn -0.9316139 0 -0.3634495
vn -0.9837345 0 -0.1796283
vn -0.9837345 0 -0.1796283
vn -0.7144333 0 -0.6997036
vn -0.8411981 0 -0.540727
vn -0.8411981 0 -0.540727
vn -0.3799104 0 -0.9250233
vn 0 0 -1
vn -0.1879151 0 -0.9821853
vn -0.1879151 0 -0.9821853
vn 0.3634495 0 -0.9316139
vn 0.1796283 0 -0.9837345
vn 0.1796283 0 -0.9837345
vn 0.6997036 0 -0.7144333
vn 0.540727 0 -0.8411981
vn 0.540727 0 -0.8411981
vn 0.9250233 0 -0.3799104
vn 1 0 0
vn 0.9821853 0 -0.1879151
vn 0.9821853 0 -0.1879151
vn 1 0 0
vn 0.9316139 0 0.3634495
vn 0.9837345 0 0.1796283
vn 0.9837345 0 0.1796283
vn 0.7144333 0 0.6997036
vn 0.8411981 0 0.540727
vn 0.8411981 0 0.540727
vn 0.3799104 0 0.9250233
vn 0 0 1
vn 0.1879151 0 0.9821853
vn 0.1879151 0 0.9821853
vn -0.3634495 0 0.9316139
vn -0.1796283 0 0.9837345
vn -0.1796283 0 0.9837345
vn -0.6997036 0 0.7144333
vn -0.540727 0 0.8411981
vn -0.540727 0 0.8411981
vn -0.9250233 0 0.3799104
vn -0.9821853 0 0.1879151
vn -0.9821853 0 0.1879151
vn -0.9250233 0 0.3799104
vn -0.9821853 0 0.1879151
vn -0.9821853 0 0.1879151
vn -0.3634495 0 0.9316139
vn -0.540727 0 0.8411981
vn -0.6997036 0 0.7144333
vn -0.540727 0 0.8411981
vn 0 0 1
vn -0.1796283 0 0.9837345
vn -0.1796283 0 0.9837345
vn 0.3799104 0 0.9250233
vn 0.1879151 0 0.9821853
vn 0.1879151 0 0.9821853
vn 0.9316139 0 0.3634495
vn 0.8411981 0 0.540727
vn 0.7144333 0 0.6997036
vn 0.8411981 0 0.540727
vn 1 0 0
vn 0.9837345 0 0.1796283
vn 0.9837345 0 0.1796283
vn 1 0 0
vn 1 0 0
vn 1 0 0
vn 1 0 0
vn 1 0 0
vn 1 0 0
vn 1 0 0
vn 1 0 0
vn 1 0 0
vn 1 0 0
vn 1 0 0
vn 1 0 0
vn 0.9250233 0 -0.3799104
vn 0.9250233 0 -0.3799104
vn 0.9250233 0 -0.3799104
vn 0.9250233 0 -0.3799104
vn 0.9250233 0 -0.3799104
vn 0.9250233 0 -0.3799104
vn 0.9250233 0 -0.3799104
vn 0.9250233 0 -0.3799104
vn 0.9250233 0 -0.3799104
vn 0.9250233 0 -0.3799104
vn 0.9250233 0 -0.3799104
vn 0.9250233 0 -0.3799104
vn 0.6997036 0 -0.7144333
vn 0.6997036 0 -0.7144333
vn 0.6997036 0 -0.7144333
vn 0.6997036 0 -0.7144333
vn 0.6997036 0 -0.7144333
vn 0.6997036 0 -0.7144333
vn 0.6997036 0 -0.7144333
vn 0.6997036 0 -0.7144333
vn 0.6997036 0 -0.7144333
vn 0.6997036 0 -0.7144333
vn 0.6997036 0 -0.7144333
vn 0.6997036 0 -0.7144333
vn 0.3634495 0 -0.9316139
vn 0.3634495 0 -0.9316139
vn 0.3634495 0 -0.9316139
vn 0.3634495 0 -0.9316139
vn 0.3634495 0 -0.9316139
vn 0.3634495 0 -0.9316139
vn 0.3634495 0 -0.9316139
vn 0.3634495 0 -0.9316139
vn 0.3634495 0 -0.9316139
vn 0.3634495 0 -0.9316139
vn 0.3634495 0 -0.9316139
vn 0.3634495 0 -0.9316139
vn 0 0 -1
vn 0 0 -1
vn 0 0 -1
vn 0 0 -1
vn 0 0 -1
vn 0 0 -1
vn 0 0 -1
vn 0 0 -1
vn 0 0 -1
vn 0 0 -1
vn 0 0 -1
vn 0 0 -1
vn -0.3799104 0 -0.9250233
vn -0.3799104 0 -0.9250233
vn -0.3799104 0 -0.9250233
vn -0.3799104 0 -0.9250233
vn -0.3799104 0 -0.9250233
vn -0.3799104 0 -0.9250233
vn -0.3799104 0 -0.9250233
vn -0.3799104 0 -0.9250233
vn -0.3799104 0 -0.9250233
vn -0.3799104 0 -0.9250233
vn -0.3799104 0 -0.9250233
vn -0.3799104 0 -0.9250233
vn -0.7144333 0 -0.6997036
vn -0.7144333 0 -0.6997036
vn -0.7144333 0 -0.6997036
vn -0.7144333 0 -0.6997036
vn -0.7144333 0 -0.6997036
vn -0.7144333 0 -0.6997036
vn -0.7144333 0 -0.6997036
vn -0.7144333 0 -0.6997036
vn -0.7144333 0 -0.6997036
vn -0.7144333 0 -0.6997036
vn -0.7144333 0 -0.6997036
vn -0.7144333 0 -0.6997036
vn -0.9316139 0 -0.3634495
vn -0.9316139 0 -0.3634495
vn -0.9316139 0 -0.3634495
vn -0.9316139 0 -0.3634495
vn -0.9316139 0 -0.3634495
vn -0.9316139 0 -0.3634495
vn -0.9316139 0 -0.3634495
vn -0.9316139 0 -0.3634495
vn -0.9316139 0 -0.3634495
vn -0.9316139 0 -0.3634495
vn -0.9316139 0 -0.3634495
vn -0.9316139 0 -0.3634495
vn -1 0 0
vn -1 0 0
vn -1 0 0
vn -1 0 0
vn -1 0 0
vn -1 0 0
vn -1 0 0
vn -1 0 0
vn -1 0 0
vn -1 0 0
vn -1 0 0
vn -1 0 0
vn -0.9250233 0 0.3799104
vn -0.9250233 0 0.3799104
vn -0.9250233 0 0.3799104
vn -0.9250233 0 0.3799104
vn -0.9250233 0 0.3799104
vn -0.9250233 0 0.3799104
vn -0.9250233 0 0.3799104
vn -0.9250233 0 0.3799104
vn -0.9250233 0 0.3799104
vn -0.9250233 0 0.3799104
vn -0.9250233 0 0.3799104
vn -0.9250233 0 0.3799104
vn -0.6997036 0 0.7144333
vn -0.6997036 0 0.7144333
vn -0.6997036 0 0.7144333
vn -0.6997036 0 0.7144333
vn -0.6997036 0 0.7144333
vn -0.6997036 0 0.7144333
vn -0.6997036 0 0.7144333
vn -0.6997036 0 0.7144333
vn -0.6997036 0 0.7144333
vn -0.6997036 0 0.7144333
vn -0.6997036 0 0.7144333
vn -0.6997036 0 0.7144333
vn -0.3634495 0 0.9316139
vn -0.3634495 0 0.9316139
vn -0.3634495 0 0.9316139
vn -0.3634495 0 0.9316139
vn -0.3634495 0 0.9316139
vn -0.3634495 0 0.9316139
vn -0.3634495 0 0.9316139
vn -0.3634495 0 0.9316139
vn -0.3634495 0 0.9316139
vn -0.3634495 0 0.9316139
vn -0.3634495 0 0.9316139
vn -0.3634495 0 0.9316139
vn 0 0 1
vn 0 0 1
vn 0 0 1
vn 0 0 1
vn 0 0 1
vn 0 0 1
vn 0 0 1
vn 0 0 1
vn 0 0 1
vn 0 0 1
vn 0 0 1
vn 0 0 1
vn 0.3799104 0 0.9250233
vn 0.3799104 0 0.9250233
vn 0.3799104 0 0.9250233
vn 0.3799104 0 0.9250233
vn 0.3799104 0 0.9250233
vn 0.3799104 0 0.9250233
vn 0.3799104 0 0.9250233
vn 0.3799104 0 0.9250233
vn 0.3799104 0 0.9250233
vn 0.3799104 0 0.9250233
vn 0.3799104 0 0.9250233
vn 0.3799104 0 0.9250233
vn 0.7144333 0 0.6997036
vn 0.7144333 0 0.6997036
vn 0.7144333 0 0.6997036
vn 0.7144333 0 0.6997036
vn 0.7144333 0 0.6997036
vn 0.7144333 0 0.6997036
vn 0.7144333 0 0.6997036
vn 0.7144333 0 0.6997036
vn 0.7144333 0 0.6997036
vn 0.7144333 0 0.6997036
vn 0.7144333 0 0.6997036
vn 0.7144333 0 0.6997036
vn 0.9316139 0 0.3634495
vn 0.9316139 0 0.3634495
vn 0.9316139 0 0.3634495
vn 0.9316139 0 0.3634495
vn 0.9316139 0 0.3634495
vn 0.9316139 0 0.3634495
vn 0.9316139 0 0.3634495
vn 0.9316139 0 0.3634495
vn 0.9316139 0 0.3634495
vn 0.9316139 0 0.3634495
vn 0.9316139 0 0.3634495
vn 0.9316139 0 0.3634495
vn 1 0 0
vn 1 0 0
vn 1 0 0
vn 1 0 0
vn 1 0 0
vn 1 0 0
vn 1 0 0
vn 1 0 0
vn 1 0 0
vn 1 0 0
vn 1 0 0
vn 1 0 0
vn 0.9250233 0 -0.3799104
vn 0.9821853 0 -0.1879151
vn 1 0 0
vn 0.9821853 0 -0.1879151
vn 0.3634495 0 -0.9316139
vn 0.540727 0 -0.8411981
vn 0.6997036 0 -0.7144333
vn 0.540727 0 -0.8411981
vn 0 0 -1
vn 0.1796283 0 -0.9837345
vn 0.1796283 0 -0.9837345
vn -0.3799104 0 -0.9250233
vn -0.1879151 0 -0.9821853
vn -0.1879151 0 -0.9821853
vn -0.9316139 0 -0.3634495
vn -0.8411981 0 -0.540727
vn -0.7144333 0 -0.6997036
vn -0.8411981 0 -0.540727
vn -1 0 0
vn -0.9837345 0 -0.1796283
vn -0.9837345 0 -0.1796283
vn -1 0 0
vn -0.9316139 0 -0.3634495
vn -0.9837345 0 -0.1796283
vn -0.9837345 0 -0.1796283
vn -0.7144333 0 -0.6997036
vn -0.8411981 0 -0.540727
vn -0.8411981 0 -0.540727
vn -0.3799104 0 -0.9250233
vn 0 0 -1
vn -0.1879151 0 -0.9821853
vn -0.1879151 0 -0.9821853
vn 0.3634495 0 -0.9316139
vn 0.1796283 0 -0.9837345
vn 0.1796283 0 -0.9837345
vn 0.6997036 0 -0.7144333
vn 0.540727 0 -0.8411981
vn 0.540727 0 -0.8411981
vn 0.9250233 0 -0.3799104
vn 1 0 0
vn 0.9821853 0 -0.1879151
vn 0.9821853 0 -0.1879151
vn 1 0 0
vn 0.9316139 0 0.3634495
vn 0.9837345 0 0.1796283
vn 0.9837345 0 0.1796283
vn 0.7144333 0 0.6997036
vn 0.8411981 0 0.540727
vn 0.8411981 0 0.540727
vn 0.3799104 0 0.9250233
vn 0 0 1
vn 0.1879151 0 0.9821853
vn 0.1879151 0 0.9821853
vn -0.3634495 0 0.9316139
vn -0.1796283 0 0.9837345
vn -0.1796283 0 0.9837345
vn -0.6997036 0 0.7144333
vn -0.540727 0 0.8411981
vn -0.540727 0 0.8411981
vn -0.9250233 0 0.3799104
vn -0.9821853 0 0.1879151
vn -0.9821853 0 0.1879151
vn -0.9250233 0 0.3799104
vn -0.9821853 0 0.1879151
vn -0.9821853 0 0.1879151
vn -0.3634495 0 0.9316139
vn -0.540727 0 0.8411981
vn -0.6997036 0 0.7144333
vn -0.540727 0 0.8411981
vn 0 0 1
vn -0.1796283 0 0.9837345
vn -0.1796283 0 0.9837345
vn 0.3799104 0 0.9250233
vn 0.1879151 0 0.9821853
vn 0.1879151 0 0.9821853
vn 0.9316139 0 0.3634495
vn 0.8411981 0 0.540727
vn 0.7144333 0 0.6997036
vn 0.8411981 0 0.540727
vn 1 0 0
vn 0.9837345 0 0.1796283
vn 0.9837345 0 0.1796283
vn 0 -1 0
vn 0 -1 0
vn 0 -1 0
vn 0 -1 0
vn 0 -1 0
vn 0 -1 0
vn 0 -1 0
vn 0 -1 0
vn 0 -1 0
vn 0 -1 0
vn 0 -1 0
vn 0 -1 0
vn 0 -1 0
vn 0 -1 0
vn 0 -1 0
vn 0 -1 0
vn 0 -1 0
vn 0 -1 0
vn 0 -1 0
vn 0 -1 0
vn 0 -1 0
vn 0 -1 0
vn 0 -1 0
vn 0 -1 0
vn 0 -1 0
vn 0 -1 0
vn 0 -1 0
vn 0 -1 0
vn 0 -1 0
vn 0 -1 0
vn 0 -1 0
vn 0 -1 0
vn 0 -1 0
vn 0 -1 0
vn 0 -1 0
vn 0 -1 0
vn 0 -1 0
vn 0 -1 0
vn 0 -1 0
vn 0 -1 0
vn 0 -1 0
vn 0 -1 0
vn 0 -1 0
vn 0 -1 0
vn 0 -1 0
vn 0 -1 0
vn 0 -1 0
vn 0 -1 0
vn 0 -1 0
vn 0 -1 0
vn 0 -1 0
vn 0 -1 0
vn 0 -1 0
vn 0 -1 0
vn 0 -1 0
vn 0 -1 0
vn 0 -1 0
vn 0 -1 0
vn 0 -1 0
vn 0 -1 0
vn 0 -1 0
vn 0 -1 0
vn 0 -1 0
vn 0 -1 0
vn 0 -1 0
vn 0 -1 0
vn 0 -1 0
vn 0 -1 0
vn 0 -1 0
vn 0 -1 0
vn 0 -1 0
vn 0 -1 0
vn 0 -1 0
vn 0 -1 0
vn 0 -1 0
vn 0 -1 0
vn 0 -1 0
vn 0 -1 0
vn 0 -1 0
vn 0 -1 0
vn 0 -1 0
vn 0 -1 0
vn 0 -1 0
vn 0 -1 0
vn 0 -1 0
vn 0 -1 0
vn 0 -1 0
vn 0 -1 0
vn 0 -1 0
vn 0 -1 0
vn 0 -1 0
vn 0 -1 0
vn 0 -1 0
vn 0 -1 0
vn 0 -1 0
vn 0 -1 0
vn 0 -1 0
vn 0 -1 0
vn 0 -1 0
vn 0 -1 0
vn 0 -1 0
vn 0 -1 0
vn 0 -1 0
vn 0 -1 0
vn 0 -1 0
vn 0 -1 0
vn 0 -1 0
vn 0 -1 0
vn 0 -1 0
vn 0 -1 0
vn 0 -1 0
vn 0 -1 0
vn 0 -1 0
vn 0 -1 0
vn 0 -1 0
vn 0 -1 0
vn 0 -1 0
vn 0 -1 0
vn 0 -1 0
vn 0 -1 0
vn 0 -1 0
vn 0 -1 0
vn 0 -1 0
vn 0 -1 0
vn 0 -1 0
vn 0 -1 0
vn 0 -1 0
vn 0 -1 0
vn 0 -1 0
vn 0 -1 0
vn 0 -1 0
vn 0 -1 0
vn 0 -1 0
vn 0 -1 0
vn 0 -1 0
vn 0 -1 0
vn 0 -1 0
vn 0 -1 0
vn 0 -1 0
vn 0 -1 0
vn 0 -1 0
vn 0 -1 0
vn 0 -1 0
vn 0 -1 0
vn 0 -1 0
vn 0 -1 0
vn 0 -1 0
vn 0 -1 0
vn 0 -1 0
vn 0 -1 0
vn 0 -1 0
vn 0 -1 0
vn 0 -1 0
vn 0 -1 0
vn 0 -1 0
vn 0 -1 0
vn 0 -1 0
vn 0 -1 0
vn 0 -1 0
vn 0 -1 0
vn 0 -1 0
vn 0 -1 0
vn 0 -1 0
vn 0 -1 0
vn 0 -1 0
vn 0 -1 0
vn 0 -1 0
vn 0 -1 0
vn 0 -1 0
vn 0 -1 0
vn 0 -1 0
vn 0 -1 0
vn 0 -1 0
vn 0 -1 0
vn 0 -1 0
vn 0 -1 0
vn 0 -1 0
vn 0 -1 0
vn 0 -1 0
vn 0 -1 0
vn 0 -1 0
vn 0 -1 0
vn 0 -1 0
vn 0 -1 0
vn 0 -1 0
vn 0 -1 0
vn 0 -1 0
vn 0 -1 0
vn 0 -1 0
vn 0 -1 0
vn 0 -1 0
vn 0 -1 0
vn 0 -1 0
vn 0 -1 0
vn 0 -1 0
vn 0 -1 0
vn 0 -1 0
vn 0 -1 0
vn 0 -1 0
vn 0 1 0
vn 0 1 0
vn 0 1 0
vn 0 1 0
vn 0 1 0
vn 0 1 0
vn 0 1 0
vn 0 1 0
vn 0 1 0
vn 0 1 0
vn 0 1 0
vn 0 1 0
vn 0 1 0
vn 0 1 0
vn 0 1 0
vn 0 1 0
vn 0 1 0
vn 0 1 0
vn 0 1 0
vn 0 1 0
vn 0 1 0
vn 0 1 0
vn 0 1 0
vn 0 1 0
vn 0 1 0
vn 0 1 0
vn 0 1 0
vn 0 1 0
vn 0 1 0
vn 0 1 0
vn 0 1 0
vn 0 1 0
vn 0 1 0
vn 0 1 0
vn 0 1 0
vn 0 1 0
vn 0 1 0
vn 0 1 0
vn 0 1 0
vn 0 1 0
vn 0 1 0
vn 0 1 0
vn 0 1 0
vn 0 1 0
vn 0 1 0
vn 0 1 0
vn 0 1 0
vn 0 1 0
vn 0 1 0
vn 0 1 0
vn 0 1 0
vn 0 1 0
vn 0 1 0
vn 0 1 0
vn 0 1 0
vn 0 1 0
vn 0 1 0
vn 0 1 0
vn 0 1 0
vn 0 1 0
vn 0 1 0
vn 0 1 0
vn 0 1 0
vn 0 1 0
vn 0 1 0
vn 0 1 0
vn 0 1 0
vn 0 1 0
vn 0 1 0
vn 0 1 0
vn 0 1 0
vn 0 1 0
vn 0 1 0
vn 0 1 0
vn 0 1 0
vn 0 1 0
vn 0 1 0
vn 0 1 0
vn 0 1 0
vn 0 1 0
vn 0 1 0
vn 0 1 0
vn 0 1 0
vn 0 1 0
vn 0 1 0
vn 0 1 0
vn 0 1 0
vn 0 1 0
vn 0 1 0
vn 0 1 0
vn 0 1 0
vn 0 1 0
vn 0 1 0
vn 0 1 0
vn 0 1 0
vn 0 1 0
vn 0 1 0
vn 0 1 0
vn 0 1 0
vn 0 1 0
vn 0 1 0
vn 0 1 0
vn 0 1 0
vn 0 1 0
vn 0 1 0
vn 0 1 0
vn 0 1 0
vn 0 1 0
vn 0 1 0
vn 0 1 0
vn 0 1 0
vn 0 1 0
vn 0 1 0
vn 0 1 0
vn 0 1 0
vn 0 1 0
vn 0 1 0
vn 0 1 0
vn 0 1 0
vn 0 1 0
vn 0 1 0
vn 0 1 0
vn 0 1 0
vn 0 1 0
vn 0 1 0
vn 0 1 0
vn 0 1 0
vn 0 1 0
vn 0 1 0
vn 0 1 0
vn 0 1 0
vn 0 1 0
vn 0 1 0
vn 0 1 0
vn 0 1 0
vn 0 1 0
vn 0 1 0
vn 0 1 0
vn 0 1 0
vn 0 1 0
vn 0 1 0
vn 0 1 0
vn 0 1 0
vn 0 1 0
vn 0 1 0
vn 0 1 0
vn 0 1 0
vn 0 1 0
vn 0 1 0
vn 0 1 0
vn 0 1 0
vn 0 1 0
vn 0 1 0
vn 0 1 0
vn 0 1 0
vn 0 1 0
vn 0 1 0
vn 0 1 0
vn 0 1 0
vn 0 1 0
vn 0 1 0
vn 0 1 0
vn 0 1 0
vn 0 1 0
vn 0 1 0
vn 0 1 0
vn 0 1 0
vn 0 1 0
vn 0 1 0
vn 0 1 0
vn 0 1 0
vn 0 1 0
vn 0 1 0
vn 0 1 0
vn 0 1 0
vn 0 1 0
vn 0 1 0
vn 0 1 0
vn 0 1 0
vn 0 1 0
vn 0 1 0
vn 0 1 0
vn 0 1 0
vn 0 1 0
vn 0 1 0
vn 0 1 0
vn 0 1 0
vn 0 1 0
vn 0 1 0
vn 0 1 0
vn 0 1 0
vn 0 1 0
vn 0 1 0
vn 0 1 0
vn 0 1 0
vn 0 1 0
vn 0 1 0
vn 0 1 0
vn 0 1 0
vn 0 1 0
vn 0 1 0
vn 0 1 0
vn 0 1 0
vn 0 1 0
vn 0 1 0
vn 0 1 0
vn 0 1 0
vn 0 1 0
vn 0 1 0
vn 0 1 0
vn 0 1 0
vn 0 1 0
vn 0 1 0
vn 0 1 0
vn 0 1 0
vn 0 1 0
vn 0 1 0
vn 0 1 0
vn 0 1 0
vn 0 1 0
vn 0 1 0
vn 0 1 0
vn 0 1 0
vn 0 1 0
vn 0 1 0
vn 0 1 0
vn 0 1 0
vn 0 1 0
vn 0 1 0
vn 0 1 0
vn 0 1 0
vn 0 1 0
vn 0 1 0
vn 0 1 0
vn 0 1 0
vn 0 1 0
vn 0 1 0
vn 0 1 0
vn 0 1 0
vn 0 1 0
f 5/5/5 2/2/2 1/1/1
f 4/4/4 5/5/5 3/3/3
f 2/2/2 5/5/5 4/4/4
f 23/23/23 19/19/19 22/22/22
f 15/15/15 23/23/23 20/20/20
f 19/19/19 23/23/23 15/15/15
f 20/20/20 23/23/23 26/26/26
f 23/23/23 22/22/22 25/25/25
f 19/19/19 16/16/16 21/21/21
f 7/7/7 25/25/25 6/6/6
f 21/21/21 6/6/6 25/25/25
f 6/6/6 21/21/21 10/10/10
f 11/11/11 10/10/10 21/21/21
f 26/26/26 7/7/7 18/18/18
f 24/24/24 26/26/26 17/17/17
f 18/18/18 17/17/17 26/26/26
f 26/26/26 25/25/25 7/7/7
f 21/21/21 25/25/25 22/22/22
f 16/16/16 12/12/12 11/11/11
f 16/16/16 14/14/14 13/13/13
f 16/16/16 8/8/8 14/14/14
f 16/16/16 13/13/13 12/12/12
f 15/15/15 9/9/9 19/19/19
f 16/16/16 19/19/19 9/9/9
f 9/9/9 8/8/8 16/16/16
f 11/11/11 21/21/21 16/16/16
f 44/44/44 43/43/43 40/40/40
f 36/36/36 41/41/41 44/44/44
f 40/40/40 36/36/36 44/44/44
f 41/41/41 45/45/45 47/47/47
f 44/44/44 47/47/47 46/46/46
f 40/40/40 43/43/43 42/42/42
f 28/28/28 27/27/27 46/46/46
f 42/42/42 46/46/46 27/27/27
f 27/27/27 31/31/31 42/42/42
f 32/32/32 42/42/42 31/31/31
f 47/47/47 39/39/39 28/28/28
f 45/45/45 38/38/38 47/47/47
f 39/39/39 47/47/47 38/38/38
f 47/47/47 28/28/28 46/46/46
f 42/42/42 43/43/43 46/46/46
f 37/37/37 32/32/32 33/33/33
f 37/37/37 34/34/34 35/35/35
f 37/37/37 35/35/35 29/29/29
f 37/37/37 33/33/33 34/34/34
f 36/36/36 40/40/40 30/30/30
f 37/37/37 30/30/30 40/40/40
f 30/30/30 37/37/37 29/29/29
f 32/32/32 37/37/37 42/42/42
f 64/64/64 62/62/62 61/61/61
f 68/68/68 66/66/66 59/59/59
f 62/62/62 68/68/68 67/67/67
f 67/67/67 59/59/59 58/58/58
f 60/60/60 61/61/61 67/67/67
f 58/58/58 60/60/60 67/67/67
f 78/78/78 73/73/73 70/70/70
f 66/66/66 78/78/78 77/77/77
f 73/73/73 75/75/75 74/74/74
f 77/77/77 70/70/70 69/69/69
f 58/58/58 59/59/59 77/77/77
f 69/69/69 58/58/58 77/77/77
f 74/74/74 53/53/53 69/69/69
f 48/48/48 69/69/69 53/53/53
f 49/49/49 53/53/53 74/74/74
f 58/58/58 69/69/69 57/57/57
f 48/48/48 57/57/57 69/69/69
f 58/58/58 57/57/57 60/60/60
f 74/74/74 69/69/69 70/70/70
f 72/72/72 49/49/49 75/75/75
f 74/74/74 75/75/75 49/49/49
f 71/71/71 72/72/72 75/75/75
f 73/73/73 78/78/78 76/76/76
f 56/56/56 76/76/76 78/78/78
f 66/66/66 68/68/68 56/56/56
f 52/52/52 63/63/63 60/60/60
f 63/63/63 61/61/61 60/60/60
f 63/63/63 52/52/52 51/51/51
f 50/50/50 52/52/52 60/60/60
f 60/60/60 57/57/57 50/50/50
f 68/68/68 62/62/62 65/65/65
f 54/54/54 55/55/55 64/64/64
f 64/64/64 51/51/51 54/54/54
f 51/51/51 64/64/64 63/63/63
f 85/85/85 79/79/79 83/83/83
f 85/85/85 84/84/84 80/80/80
f 86/86/86 85/85/85 83/83/83
f 85/85/85 86/86/86 84/84/84
f 86/86/86 82/82/82 84/84/84
f 81/81/81 86/86/86 83/83/83
f 91/91/91 93/93/93 92/92/92
f 88/88/88 94/94/94 91/91/91
f 89/89/89 87/87/87 92/92/92
f 88/88/88 90/90/90 94/94/94
f 100/100/100 102/102/102 101/101/101
f 101/101/101 102/102/102 96/96/96
f 99/99/99 101/101/101 95/95/95
f 95/95/95 97/97/97 99/99/99
f 102/102/102 100/100/100 98/98/98
f 101/101/101 99/99/99 100/100/100
f 108/108/108 109/109/109 110/110/110
f 109/109/109 104/104/104 110/110/110
f 107/107/107 103/103/103 109/109/109
f 103/103/103 107/107/107 105/105/105
f 110/110/110 106/106/106 108/108/108
f 109/109/109 108/108/108 107/107/107
f 124/124/124 316/316/316 318/318/318
f 316/316/316 112/112/112 317/317/317
f 316/316/316 124/124/124 125/125/125
f 113/113/113 112/112/112 316/316/316
f 125/125/125 113/113/113 316/316/316
f 126/126/126 114/114/114 113/113/113
f 127/127/127 115/115/115 114/114/114
f 128/128/128 116/116/116 115/115/115
f 129/129/129 117/117/117 116/116/116
f 130/130/130 118/118/118 117/117/117
f 131/131/131 119/119/119 118/118/118
f 132/132/132 120/120/120 119/119/119
f 355/355/355 121/121/121 120/120/120
f 132/132/132 133/133/133 355/355/355
f 120/120/120 132/132/132 355/355/355
f 356/356/356 354/354/354 121/121/121
f 353/353/353 356/356/356 355/355/355
f 137/137/137 125/125/125 124/124/124
f 138/138/138 126/126/126 125/125/125
f 139/139/139 127/127/127 126/126/126
f 140/140/140 128/128/128 127/127/127
f 141/141/141 129/129/129 128/128/128
f 142/142/142 130/130/130 129/129/129
f 143/143/143 131/131/131 130/130/130
f 144/144/144 132/132/132 131/131/131
f 145/145/145 133/133/133 132/132/132
f 148/148/148 320/320/320 322/322/322
f 320/320/320 136/136/136 321/321/321
f 320/320/320 148/148/148 149/149/149
f 137/137/137 136/136/136 320/320/320
f 149/149/149 137/137/137 320/320/320
f 150/150/150 138/138/138 137/137/137
f 151/151/151 139/139/139 138/138/138
f 152/152/152 140/140/140 139/139/139
f 153/153/153 141/141/141 140/140/140
f 154/154/154 142/142/142 141/141/141
f 155/155/155 143/143/143 142/142/142
f 156/156/156 144/144/144 143/143/143
f 351/351/351 145/145/145 144/144/144
f 156/156/156 157/157/157 351/351/351
f 144/144/144 156/156/156 351/351/351
f 352/352/352 350/350/350 145/145/145
f 347/347/347 352/352/352 351/351/351
f 160/160/160 324/324/324 325/325/325
f 324/324/324 148/148/148 319/319/319
f 324/324/324 160/160/160 161/161/161
f 149/149/149 148/148/148 324/324/324
f 161/161/161 149/149/149 324/324/324
f 162/162/162 150/150/150 149/149/149
f 163/163/163 151/151/151 150/150/150
f 164/164/164 152/152/152 151/151/151
f 165/165/165 153/153/153 152/152/152
f 166/166/166 154/154/154 153/153/153
f 167/167/167 155/155/155 154/154/154
f 168/168/168 156/156/156 155/155/155
f 348/348/348 157/157/157 156/156/156
f 168/168/168 169/169/169 348/348/348
f 156/156/156 168/168/168 348/348/348
f 349/349/349 347/347/347 157/157/157
f 344/344/344 349/349/349 348/348/348
f 172/172/172 327/327/327 328/328/328
f 327/327/327 160/160/160 323/323/323
f 327/327/327 172/172/172 173/173/173
f 161/161/161 160/160/160 327/327/327
f 173/173/173 161/161/161 327/327/327
f 174/174/174 162/162/162 161/161/161
f 175/175/175 163/163/163 162/162/162
f 176/176/176 164/164/164 163/163/163
f 177/177/177 165/165/165 164/164/164
f 178/178/178 166/166/166 165/165/165
f 179/179/179 167/167/167 166/166/166
f 180/180/180 168/168/168 167/167/167
f 345/345/345 169/169/169 168/168/168
f 180/180/180 181/181/181 345/345/345
f 168/168/168 180/180/180 345/345/345
f 346/346/346 344/344/344 169/169/169
f 343/343/343 346/346/346 345/345/345
f 185/185/185 173/173/173 172/172/172
f 186/186/186 174/174/174 173/173/173
f 187/187/187 175/175/175 174/174/174
f 188/188/188 176/176/176 175/175/175
f 189/189/189 177/177/177 176/176/176
f 190/190/190 178/178/178 177/177/177
f 191/191/191 179/179/179 178/178/178
f 192/192/192 180/180/180 179/179/179
f 193/193/193 181/181/181 180/180/180
f 196/196/196 330/330/330 332/332/332
f 330/330/330 184/184/184 331/331/331
f 330/330/330 196/196/196 197/197/197
f 185/185/185 184/184/184 330/330/330
f 197/197/197 185/185/185 330/330/330
f 198/198/198 186/186/186 185/185/185
f 199/199/199 187/187/187 186/186/186
f 200/200/200 188/188/188 187/187/187
f 201/201/201 189/189/189 188/188/188
f 202/202/202 190/190/190 189/189/189
f 203/203/203 191/191/191 190/190/190
f 204/204/204 192/192/192 191/191/191
f 341/341/341 193/193/193 192/192/192
f 204/204/204 205/205/205 341/341/341
f 192/192/192 204/204/204 341/341/341
f 342/342/342 340/340/340 193/193/193
f 337/337/337 342/342/342 341/341/341
f 208/208/208 334/334/334 335/335/335
f 334/334/334 196/196/196 329/329/329
f 334/334/334 208/208/208 209/209/209
f 197/197/197 196/196/196 334/334/334
f 209/209/209 197/197/197 334/334/334
f 210/210/210 198/198/198 197/197/197
f 211/211/211 199/199/199 198/198/198
f 212/212/212 200/200/200 199/199/199
f 213/213/213 201/201/201 200/200/200
f 214/214/214 202/202/202 201/201/201
f 215/215/215 203/203/203 202/202/202
f 216/216/216 204/204/204 203/203/203
f 338/338/338 205/205/205 204/204/204
f 216/216/216 217/217/217 338/338/338
f 204/204/204 216/216/216 338/338/338
f 339/339/339 337/337/337 205/205/205
f 336/336/336 339/339/339 338/338/338
f 220/220/220 378/378/378 379/379/379
f 378/378/378 208/208/208 333/333/333
f 378/378/378 220/220/220 221/221/221
f 209/209/209 208/208/208 378/378/378
f 221/221/221 209/209/209 378/378/378
f 222/222/222 210/210/210 209/209/209
f 223/223/223 211/211/211 210/210/210
f 224/224/224 212/212/212 211/211/211
f 225/225/225 213/213/213 212/212/212
f 226/226/226 214/214/214 213/213/213
f 227/227/227 215/215/215 214/214/214
f 228/228/228 216/216/216 215/215/215
f 375/375/375 217/217/217 216/216/216
f 228/228/228 229/229/229 375/375/375
f 216/216/216 228/228/228 375/375/375
f 376/376/376 336/336/336 217/217/217
f 374/374/374 376/376/376 375/375/375
f 233/233/233 221/221/221 220/220/220
f 234/234/234 222/222/222 221/221/221
f 235/235/235 223/223/223 222/222/222
f 236/236/236 224/224/224 223/223/223
f 237/237/237 225/225/225 224/224/224
f 238/238/238 226/226/226 225/225/225
f 239/239/239 227/227/227 226/226/226
f 240/240/240 228/228/228 227/227/227
f 241/241/241 229/229/229 228/228/228
f 244/244/244 381/381/381 383/383/383
f 381/381/381 232/232/232 382/382/382
f 381/381/381 244/244/244 245/245/245
f 233/233/233 232/232/232 381/381/381
f 245/245/245 233/233/233 381/381/381
f 246/246/246 234/234/234 233/233/233
f 247/247/247 235/235/235 234/234/234
f 248/248/248 236/236/236 235/235/235
f 249/249/249 237/237/237 236/236/236
f 250/250/250 238/238/238 237/237/237
f 251/251/251 239/239/239 238/238/238
f 252/252/252 240/240/240 239/239/239
f 372/372/372 241/241/241 240/240/240
f 252/252/252 253/253/253 372/372/372
f 240/240/240 252/252/252 372/372/372
f 373/373/373 371/371/371 241/241/241
f 368/368/368 373/373/373 372/372/372
f 256/256/256 385/385/385 386/386/386
f 385/385/385 244/244/244 380/380/380
f 385/385/385 256/256/256 257/257/257
f 245/245/245 244/244/244 385/385/385
f 257/257/257 245/245/245 385/385/385
f 258/258/258 246/246/246 245/245/245
f 259/259/259 247/247/247 246/246/246
f 260/260/260 248/248/248 247/247/247
f 261/261/261 249/249/249 248/248/248
f 262/262/262 250/250/250 249/249/249
f 263/263/263 251/251/251 250/250/250
f 264/264/264 252/252/252 251/251/251
f 369/369/369 253/253/253 252/252/252
f 264/264/264 265/265/265 369/369/369
f 252/252/252 264/264/264 369/369/369
f 370/370/370 368/368/368 253/253/253
f 365/365/365 370/370/370 369/369/369
f 268/268/268 388/388/388 389/389/389
f 388/388/388 256/256/256 384/384/384
f 388/388/388 268/268/268 269/269/269
f 257/257/257 256/256/256 388/388/388
f 269/269/269 257/257/257 388/388/388
f 270/270/270 258/258/258 257/257/257
f 271/271/271 259/259/259 258/258/258
f 272/272/272 260/260/260 259/259/259
f 273/273/273 261/261/261 260/260/260
f 274/274/274 262/262/262 261/261/261
f 275/275/275 263/263/263 262/262/262
f 276/276/276 264/264/264 263/263/263
f 366/366/366 265/265/265 264/264/264
f 276/276/276 277/277/277 366/366/366
f 264/264/264 276/276/276 366/366/366
f 367/367/367 365/365/365 265/265/265
f 364/364/364 367/367/367 366/366/366
f 281/281/281 269/269/269 268/268/268
f 282/282/282 270/270/270 269/269/269
f 283/283/283 271/271/271 270/270/270
f 284/284/284 272/272/272 271/271/271
f 285/285/285 273/273/273 272/272/272
f 286/286/286 274/274/274 273/273/273
f 287/287/287 275/275/275 274/274/274
f 288/288/288 276/276/276 275/275/275
f 289/289/289 277/277/277 276/276/276
f 292/292/292 391/391/391 393/393/393
f 391/391/391 280/280/280 392/392/392
f 391/391/391 292/292/292 293/293/293
f 281/281/281 280/280/280 391/391/391
f 293/293/293 281/281/281 391/391/391
f 294/294/294 282/282/282 281/281/281
f 295/295/295 283/283/283 282/282/282
f 296/296/296 284/284/284 283/283/283
f 297/297/297 285/285/285 284/284/284
f 298/298/298 286/286/286 285/285/285
f 299/299/299 287/287/287 286/286/286
f 300/300/300 288/288/288 287/287/287
f 362/362/362 289/289/289 288/288/288
f 300/300/300 301/301/301 362/362/362
f 288/288/288 300/300/300 362/362/362
f 363/363/363 361/361/361 289/289/289
f 358/358/358 363/363/363 362/362/362
f 304/304/304 395/395/395 396/396/396
f 395/395/395 292/292/292 390/390/390
f 395/395/395 304/304/304 305/305/305
f 293/293/293 292/292/292 395/395/395
f 305/305/305 293/293/293 395/395/395
f 306/306/306 294/294/294 293/293/293
f 307/307/307 295/295/295 294/294/294
f 308/308/308 296/296/296 295/295/295
f 309/309/309 297/297/297 296/296/296
f 310/310/310 298/298/298 297/297/297
f 311/311/311 299/299/299 298/298/298
f 312/312/312 300/300/300 299/299/299
f 359/359/359 301/301/301 300/300/300
f 312/312/312 313/313/313 359/359/359
f 300/300/300 312/312/312 359/359/359
f 360/360/360 358/358/358 301/301/301
f 357/357/357 360/360/360 359/359/359
f 317/317/317 111/111/111 318/318/318
f 123/123/123 318/318/318 111/111/111
f 315/315/315 318/318/318 123/123/123
f 135/135/135 321/321/321 315/315/315
f 147/147/147 322/322/322 135/135/135
f 124/124/124 315/315/315 321/321/321
f 147/147/147 319/319/319 322/322/322
f 325/325/325 319/319/319 147/147/147
f 322/322/322 321/321/321 135/135/135
f 325/325/325 147/147/147 159/159/159
f 323/323/323 159/159/159 328/328/328
f 171/171/171 328/328/328 159/159/159
f 325/325/325 159/159/159 323/323/323
f 326/326/326 328/328/328 171/171/171
f 183/183/183 195/195/195 332/332/332
f 183/183/183 331/331/331 326/326/326
f 195/195/195 207/207/207 335/335/335
f 172/172/172 326/326/326 331/331/331
f 207/207/207 333/333/333 335/335/335
f 332/332/332 331/331/331 183/183/183
f 333/333/333 207/207/207 379/379/379
f 122/122/122 354/354/354 356/356/356
f 145/145/145 350/350/350 353/353/353
f 350/350/350 146/146/146 134/134/134
f 134/134/134 356/356/356 353/353/353
f 134/134/134 122/122/122 356/356/356
f 158/158/158 352/352/352 347/347/347
f 170/170/170 158/158/158 349/349/349
f 347/347/347 349/349/349 158/158/158
f 146/146/146 352/352/352 158/158/158
f 350/350/350 352/352/352 146/146/146
f 170/170/170 344/344/344 346/346/346
f 343/343/343 181/181/181 193/193/193
f 340/340/340 194/194/194 182/182/182
f 182/182/182 346/346/346 343/343/343
f 182/182/182 170/170/170 346/346/346
f 206/206/206 342/342/342 337/337/337
f 218/218/218 206/206/206 339/339/339
f 194/194/194 342/342/342 206/206/206
f 340/340/340 342/342/342 194/194/194
f 349/349/349 344/344/344 170/170/170
f 377/377/377 379/379/379 219/219/219
f 207/207/207 219/219/219 379/379/379
f 377/377/377 219/219/219 231/231/231
f 231/231/231 243/243/243 383/383/383
f 255/255/255 386/386/386 243/243/243
f 220/220/220 377/377/377 382/382/382
f 243/243/243 380/380/380 383/383/383
f 386/386/386 380/380/380 243/243/243
f 384/384/384 386/386/386 255/255/255
f 384/384/384 255/255/255 389/389/389
f 267/267/267 389/389/389 255/255/255
f 387/387/387 389/389/389 267/267/267
f 279/279/279 392/392/392 387/387/387
f 303/303/303 396/396/396 291/291/291
f 279/279/279 291/291/291 393/393/393
f 392/392/392 280/280/280 268/268/268
f 303/303/303 394/394/394 396/396/396
f 396/396/396 390/390/390 291/291/291
f 393/393/393 392/392/392 279/279/279
f 218/218/218 336/336/336 376/376/376
f 230/230/230 376/376/376 374/374/374
f 242/242/242 371/371/371 373/373/373
f 241/241/241 371/371/371 374/374/374
f 371/371/371 242/242/242 230/230/230
f 230/230/230 218/218/218 376/376/376
f 254/254/254 368/368/368 370/370/370
f 365/365/365 266/266/266 370/370/370
f 254/254/254 370/370/370 266/266/266
f 373/373/373 254/254/254 242/242/242
f 368/368/368 254/254/254 373/373/373
f 339/339/339 336/336/336 218/218/218
f 365/365/365 367/367/367 266/266/266
f 364/364/364 277/277/277 289/289/289
f 278/278/278 367/367/367 364/364/364
f 302/302/302 363/363/363 358/358/358
f 290/290/290 361/361/361 363/363/363
f 361/361/361 290/290/290 278/278/278
f 278/278/278 266/266/266 367/367/367
f 314/314/314 360/360/360 357/357/357
f 360/360/360 314/314/314 302/302/302
f 363/363/363 302/302/302 290/290/290
f 360/360/360 302/302/302 358/358/358
f 410/410/410 602/602/602 604/604/604
f 602/602/602 398/398/398 603/603/603
f 602/602/602 410/410/410 411/411/411
f 399/399/399 398/398/398 602/602/602
f 411/411/411 399/399/399 602/602/602
f 412/412/412 400/400/400 399/399/399
f 413/413/413 401/401/401 400/400/400
f 414/414/414 402/402/402 401/401/401
f 415/415/415 403/403/403 402/402/402
f 416/416/416 404/404/404 403/403/403
f 417/417/417 405/405/405 404/404/404
f 418/418/418 406/406/406 405/405/405
f 641/641/641 407/407/407 406/406/406
f 418/418/418 419/419/419 641/641/641
f 406/406/406 418/418/418 641/641/641
f 642/642/642 640/640/640 407/407/407
f 639/639/639 642/642/642 641/641/641
f 423/423/423 411/411/411 410/410/410
f 424/424/424 412/412/412 411/411/411
f 425/425/425 413/413/413 412/412/412
f 426/426/426 414/414/414 413/413/413
f 427/427/427 415/415/415 414/414/414
f 428/428/428 416/416/416 415/415/415
f 429/429/429 417/417/417 416/416/416
f 430/430/430 418/418/418 417/417/417
f 431/431/431 419/419/419 418/418/418
f 434/434/434 606/606/606 608/608/608
f 606/606/606 422/422/422 607/607/607
f 606/606/606 434/434/434 435/435/435
f 423/423/423 422/422/422 606/606/606
f 435/435/435 423/423/423 606/606/606
f 436/436/436 424/424/424 423/423/423
f 437/437/437 425/425/425 424/424/424
f 438/438/438 426/426/426 425/425/425
f 439/439/439 427/427/427 426/426/426
f 440/440/440 428/428/428 427/427/427
f 441/441/441 429/429/429 428/428/428
f 442/442/442 430/430/430 429/429/429
f 637/637/637 431/431/431 430/430/430
f 442/442/442 443/443/443 637/637/637
f 430/430/430 442/442/442 637/637/637
f 638/638/638 636/636/636 431/431/431
f 633/633/633 638/638/638 637/637/637
f 446/446/446 610/610/610 611/611/611
f 610/610/610 434/434/434 605/605/605
f 610/610/610 446/446/446 447/447/447
f 435/435/435 434/434/434 610/610/610
f 447/447/447 435/435/435 610/610/610
f 448/448/448 436/436/436 435/435/435
f 449/449/449 437/437/437 436/436/436
f 450/450/450 438/438/438 437/437/437
f 451/451/451 439/439/439 438/438/438
f 452/452/452 440/440/440 439/439/439
f 453/453/453 441/441/441 440/440/440
f 454/454/454 442/442/442 441/441/441
f 634/634/634 443/443/443 442/442/442
f 454/454/454 455/455/455 634/634/634
f 442/442/442 454/454/454 634/634/634
f 635/635/635 633/633/633 443/443/443
f 630/630/630 635/635/635 634/634/634
f 458/458/458 613/613/613 614/614/614
f 613/613/613 446/446/446 609/609/609
f 613/613/613 458/458/458 459/459/459
f 447/447/447 446/446/446 613/613/613
f 459/459/459 447/447/447 613/613/613
f 460/460/460 448/448/448 447/447/447
f 461/461/461 449/449/449 448/448/448
f 462/462/462 450/450/450 449/449/449
f 463/463/463 451/451/451 450/450/450
f 464/464/464 452/452/452 451/451/451
f 465/465/465 453/453/453 452/452/452
f 466/466/466 454/454/454 453/453/453
f 631/631/631 455/455/455 454/454/454
f 466/466/466 467/467/467 631/631/631
f 454/454/454 466/466/466 631/631/631
f 632/632/632 630/630/630 455/455/455
f 629/629/629 632/632/632 631/631/631
f 471/471/471 459/459/459 458/458/458
f 472/472/472 460/460/460 459/459/459
f 473/473/473 461/461/461 460/460/460
f 474/474/474 462/462/462 461/461/461
f 475/475/475 463/463/463 462/462/462
f 476/476/476 464/464/464 463/463/463
f 477/477/477 465/465/465 464/464/464
f 478/478/478 466/466/466 465/465/465
f 479/479/479 467/467/467 466/466/466
f 482/482/482 616/616/616 618/618/618
f 616/616/616 470/470/470 617/617/617
f 616/616/616 482/482/482 483/483/483
f 471/471/471 470/470/470 616/616/616
f 483/483/483 471/471/471 616/616/616
f 484/484/484 472/472/472 471/471/471
f 485/485/485 473/473/473 472/472/472
f 486/486/486 474/474/474 473/473/473
f 487/487/487 475/475/475 474/474/474
f 488/488/488 476/476/476 475/475/475
f 489/489/489 477/477/477 476/476/476
f 490/490/490 478/478/478 477/477/477
f 627/627/627 479/479/479 478/478/478
f 490/490/490 491/491/491 627/627/627
f 478/478/478 490/490/490 627/627/627
f 628/628/628 626/626/626 479/479/479
f 623/623/623 628/628/628 627/627/627
f 494/494/494 620/620/620 621/621/621
f 620/620/620 482/482/482 615/615/615
f 620/620/620 494/494/494 495/495/495
f 483/483/483 482/482/482 620/620/620
f 495/495/495 483/483/483 620/620/620
f 496/496/496 484/484/484 483/483/483
f 497/497/497 485/485/485 484/484/484
f 498/498/498 486/486/486 485/485/485
f 499/499/499 487/487/487 486/486/486
f 500/500/500 488/488/488 487/487/487
f 501/501/501 489/489/489 488/488/488
f 502/502/502 490/490/490 489/489/489
f 624/624/624 491/491/491 490/490/490
f 502/502/502 503/503/503 624/624/624
f 490/490/490 502/502/502 624/624/624
f 625/625/625 623/623/623 491/491/491
f 622/622/622 625/625/625 624/624/624
f 506/506/506 664/664/664 665/665/665
f 664/664/664 494/494/494 619/619/619
f 664/664/664 506/506/506 507/507/507
f 495/495/495 494/494/494 664/664/664
f 507/507/507 495/495/495 664/664/664
f 508/508/508 496/496/496 495/495/495
f 509/509/509 497/497/497 496/496/496
f 510/510/510 498/498/498 497/497/497
f 511/511/511 499/499/499 498/498/498
f 512/512/512 500/500/500 499/499/499
f 513/513/513 501/501/501 500/500/500
f 514/514/514 502/502/502 501/501/501
f 661/661/661 503/503/503 502/502/502
f 514/514/514 515/515/515 661/661/661
f 502/502/502 514/514/514 661/661/661
f 662/662/662 622/622/622 503/503/503
f 660/660/660 662/662/662 661/661/661
f 519/519/519 507/507/507 506/506/506
f 520/520/520 508/508/508 507/507/507
f 521/521/521 509/509/509 508/508/508
f 522/522/522 510/510/510 509/509/509
f 523/523/523 511/511/511 510/510/510
f 524/524/524 512/512/512 511/511/511
f 525/525/525 513/513/513 512/512/512
f 526/526/526 514/514/514 513/513/513
f 527/527/527 515/515/515 514/514/514
f 530/530/530 667/667/667 669/669/669
f 667/667/667 518/518/518 668/668/668
f 667/667/667 530/530/530 531/531/531
f 519/519/519 518/518/518 667/667/667
f 531/531/531 519/519/519 667/667/667
f 532/532/532 520/520/520 519/519/519
f 533/533/533 521/521/521 520/520/520
f 534/534/534 522/522/522 521/521/521
f 535/535/535 523/523/523 522/522/522
f 536/536/536 524/524/524 523/523/523
f 537/537/537 525/525/525 524/524/524
f 538/538/538 526/526/526 525/525/525
f 658/658/658 527/527/527 526/526/526
f 538/538/538 539/539/539 658/658/658
f 526/526/526 538/538/538 658/658/658
f 659/659/659 657/657/657 527/527/527
f 654/654/654 659/659/659 658/658/658
f 542/542/542 671/671/671 672/672/672
f 671/671/671 530/530/530 666/666/666
f 671/671/671 542/542/542 543/543/543
f 531/531/531 530/530/530 671/671/671
f 543/543/543 531/531/531 671/671/671
f 544/544/544 532/532/532 531/531/531
f 545/545/545 533/533/533 532/532/532
f 546/546/546 534/534/534 533/533/533
f 547/547/547 535/535/535 534/534/534
f 548/548/548 536/536/536 535/535/535
f 549/549/549 537/537/537 536/536/536
f 550/550/550 538/538/538 537/537/537
f 655/655/655 539/539/539 538/538/538
f 550/550/550 551/551/551 655/655/655
f 538/538/538 550/550/550 655/655/655
f 656/656/656 654/654/654 539/539/539
f 651/651/651 656/656/656 655/655/655
f 554/554/554 674/674/674 675/675/675
f 674/674/674 542/542/542 670/670/670
f 674/674/674 554/554/554 555/555/555
f 543/543/543 542/542/542 674/674/674
f 555/555/555 543/543/543 674/674/674
f 556/556/556 544/544/544 543/543/543
f 557/557/557 545/545/545 544/544/544
f 558/558/558 546/546/546 545/545/545
f 559/559/559 547/547/547 546/546/546
f 560/560/560 548/548/548 547/547/547
f 561/561/561 549/549/549 548/548/548
f 562/562/562 550/550/550 549/549/549
f 652/652/652 551/551/551 550/550/550
f 562/562/562 563/563/563 652/652/652
f 550/550/550 562/562/562 652/652/652
f 653/653/653 651/651/651 551/551/551
f 650/650/650 653/653/653 652/652/652
f 567/567/567 555/555/555 554/554/554
f 568/568/568 556/556/556 555/555/555
f 569/569/569 557/557/557 556/556/556
f 570/570/570 558/558/558 557/557/557
f 571/571/571 559/559/559 558/558/558
f 572/572/572 560/560/560 559/559/559
f 573/573/573 561/561/561 560/560/560
f 574/574/574 562/562/562 561/561/561
f 575/575/575 563/563/563 562/562/562
f 578/578/578 677/677/677 679/679/679
f 677/677/677 566/566/566 678/678/678
f 677/677/677 578/578/578 579/579/579
f 567/567/567 566/566/566 677/677/677
f 579/579/579 567/567/567 677/677/677
f 580/580/580 568/568/568 567/567/567
f 581/581/581 569/569/569 568/568/568
f 582/582/582 570/570/570 569/569/569
f 583/583/583 571/571/571 570/570/570
f 584/584/584 572/572/572 571/571/571
f 585/585/585 573/573/573 572/572/572
f 586/586/586 574/574/574 573/573/573
f 648/648/648 575/575/575 574/574/574
f 586/586/586 587/587/587 648/648/648
f 574/574/574 586/586/586 648/648/648
f 649/649/649 647/647/647 575/575/575
f 644/644/644 649/649/649 648/648/648
f 590/590/590 681/681/681 682/682/682
f 681/681/681 578/578/578 676/676/676
f 681/681/681 590/590/590 591/591/591
f 579/579/579 578/578/578 681/681/681
f 591/591/591 579/579/579 681/681/681
f 592/592/592 580/580/580 579/579/579
f 593/593/593 581/581/581 580/580/580
f 594/594/594 582/582/582 581/581/581
f 595/595/595 583/583/583 582/582/582
f 596/596/596 584/584/584 583/583/583
f 597/597/597 585/585/585 584/584/584
f 598/598/598 586/586/586 585/585/585
f 645/645/645 587/587/587 586/586/586
f 598/598/598 599/599/599 645/645/645
f 586/586/586 598/598/598 645/645/645
f 646/646/646 644/644/644 587/587/587
f 643/643/643 646/646/646 645/645/645
f 603/603/603 397/397/397 604/604/604
f 409/409/409 604/604/604 397/397/397
f 601/601/601 604/604/604 409/409/409
f 421/421/421 607/607/607 601/601/601
f 433/433/433 608/608/608 421/421/421
f 410/410/410 601/601/601 607/607/607
f 433/433/433 605/605/605 608/608/608
f 611/611/611 605/605/605 433/433/433
f 608/608/608 607/607/607 421/421/421
f 611/611/611 433/433/433 445/445/445
f 609/609/609 445/445/445 614/614/614
f 457/457/457 614/614/614 445/445/445
f 611/611/611 445/445/445 609/609/609
f 612/612/612 614/614/614 457/457/457
f 469/469/469 481/481/481 618/618/618
f 469/469/469 617/617/617 612/612/612
f 481/481/481 493/493/493 621/621/621
f 458/458/458 612/612/612 617/617/617
f 493/493/493 619/619/619 621/621/621
f 618/618/618 617/617/617 469/469/469
f 619/619/619 493/493/493 665/665/665
f 408/408/408 640/640/640 642/642/642
f 431/431/431 636/636/636 639/639/639
f 636/636/636 432/432/432 420/420/420
f 420/420/420 642/642/642 639/639/639
f 420/420/420 408/408/408 642/642/642
f 444/444/444 638/638/638 633/633/633
f 456/456/456 444/444/444 635/635/635
f 633/633/633 635/635/635 444/444/444
f 432/432/432 638/638/638 444/444/444
f 636/636/636 638/638/638 432/432/432
f 456/456/456 630/630/630 632/632/632
f 629/629/629 467/467/467 479/479/479
f 626/626/626 480/480/480 468/468/468
f 468/468/468 632/632/632 629/629/629
f 468/468/468 456/456/456 632/632/632
f 492/492/492 628/628/628 623/623/623
f 504/504/504 492/492/492 625/625/625
f 480/480/480 628/628/628 492/492/492
f 626/626/626 628/628/628 480/480/480
f 635/635/635 630/630/630 456/456/456
f 663/663/663 665/665/665 505/505/505
f 493/493/493 505/505/505 665/665/665
f 663/663/663 505/505/505 517/517/517
f 517/517/517 529/529/529 669/669/669
f 541/541/541 672/672/672 529/529/529
f 506/506/506 663/663/663 668/668/668
f 672/672/672 666/666/666 529/529/529
f 669/669/669 668/668/668 517/517/517
f 670/670/670 672/672/672 541/541/541
f 670/670/670 541/541/541 675/675/675
f 553/553/553 675/675/675 541/541/541
f 673/673/673 675/675/675 553/553/553
f 565/565/565 678/678/678 673/673/673
f 589/589/589 682/682/682 577/577/577
f 565/565/565 577/577/577 679/679/679
f 678/678/678 566/566/566 554/554/554
f 589/589/589 680/680/680 682/682/682
f 682/682/682 676/676/676 577/577/577
f 679/679/679 678/678/678 565/565/565
f 504/504/504 622/622/622 662/662/662
f 516/516/516 662/662/662 660/660/660
f 528/528/528 657/657/657 659/659/659
f 527/527/527 657/657/657 660/660/660
f 657/657/657 528/528/528 516/516/516
f 516/516/516 504/504/504 662/662/662
f 540/540/540 654/654/654 656/656/656
f 651/651/651 552/552/552 656/656/656
f 540/540/540 656/656/656 552/552/552
f 540/540/540 528/528/528 659/659/659
f 625/625/625 622/622/622 504/504/504
f 650/650/650 563/563/563 575/575/575
f 564/564/564 653/653/653 650/650/650
f 588/588/588 649/649/649 644/644/644
f 576/576/576 647/647/647 649/649/649
f 647/647/647 576/576/576 564/564/564
f 564/564/564 552/552/552 653/653/653
f 600/600/600 646/646/646 643/643/643
f 646/646/646 600/600/600 588/588/588
f 649/649/649 588/588/588 576/576/576
f 646/646/646 588/588/588 644/644/644
f 651/651/651 653/653/653 552/552/552
f 696/696/696 888/888/888 890/890/890
f 888/888/888 684/684/684 889/889/889
f 888/888/888 696/696/696 697/697/697
f 685/685/685 684/684/684 888/888/888
f 697/697/697 685/685/685 888/888/888
f 698/698/698 686/686/686 685/685/685
f 699/699/699 687/687/687 686/686/686
f 700/700/700 688/688/688 687/687/687
f 701/701/701 689/689/689 688/688/688
f 702/702/702 690/690/690 689/689/689
f 703/703/703 691/691/691 690/690/690
f 704/704/704 692/692/692 691/691/691
f 927/927/927 693/693/693 692/692/692
f 704/704/704 705/705/705 927/927/927
f 692/692/692 704/704/704 927/927/927
f 928/928/928 926/926/926 693/693/693
f 925/925/925 928/928/928 927/927/927
f 709/709/709 697/697/697 696/696/696
f 710/710/710 698/698/698 697/697/697
f 711/711/711 699/699/699 698/698/698
f 712/712/712 700/700/700 699/699/699
f 713/713/713 701/701/701 700/700/700
f 714/714/714 702/702/702 701/701/701
f 715/715/715 703/703/703 702/702/702
f 716/716/716 704/704/704 703/703/703
f 717/717/717 705/705/705 704/704/704
f 720/720/720 892/892/892 894/894/894
f 892/892/892 708/708/708 893/893/893
f 892/892/892 720/720/720 721/721/721
f 709/709/709 708/708/708 892/892/892
f 721/721/721 709/709/709 892/892/892
f 722/722/722 710/710/710 709/709/709
f 723/723/723 711/711/711 710/710/710
f 724/724/724 712/712/712 711/711/711
f 725/725/725 713/713/713 712/712/712
f 726/726/726 714/714/714 713/713/713
f 727/727/727 715/715/715 714/714/714
f 728/728/728 716/716/716 715/715/715
f 923/923/923 717/717/717 716/716/716
f 728/728/728 729/729/729 923/923/923
f 716/716/716 728/728/728 923/923/923
f 924/924/924 922/922/922 717/717/717
f 919/919/919 924/924/924 923/923/923
f 732/732/732 896/896/896 897/897/897
f 896/896/896 720/720/720 891/891/891
f 896/896/896 732/732/732 733/733/733
f 721/721/721 720/720/720 896/896/896
f 733/733/733 721/721/721 896/896/896
f 734/734/734 722/722/722 721/721/721
f 735/735/735 723/723/723 722/722/722
f 736/736/736 724/724/724 723/723/723
f 737/737/737 725/725/725 724/724/724
f 738/738/738 726/726/726 725/725/725
f 739/739/739 727/727/727 726/726/726
f 740/740/740 728/728/728 727/727/727
f 920/920/920 729/729/729 728/728/728
f 740/740/740 741/741/741 920/920/920
f 728/728/728 740/740/740 920/920/920
f 921/921/921 919/919/919 729/729/729
f 916/916/916 921/921/921 920/920/920
f 744/744/744 899/899/899 900/900/900
f 899/899/899 732/732/732 895/895/895
f 899/899/899 744/744/744 745/745/745
f 733/733/733 732/732/732 899/899/899
f 745/745/745 733/733/733 899/899/899
f 746/746/746 734/734/734 733/733/733
f 747/747/747 735/735/735 734/734/734
f 748/748/748 736/736/736 735/735/735
f 749/749/749 737/737/737 736/736/736
f 750/750/750 738/738/738 737/737/737
f 751/751/751 739/739/739 738/738/738
f 752/752/752 740/740/740 739/739/739
f 917/917/917 741/741/741 740/740/740
f 752/752/752 753/753/753 917/917/917
f 740/740/740 752/752/752 917/917/917
f 918/918/918 916/916/916 741/741/741
f 915/915/915 918/918/918 917/917/917
f 757/757/757 745/745/745 744/744/744
f 758/758/758 746/746/746 745/745/745
f 759/759/759 747/747/747 746/746/746
f 760/760/760 748/748/748 747/747/747
f 761/761/761 749/749/749 748/748/748
f 762/762/762 750/750/750 749/749/749
f 763/763/763 751/751/751 750/750/750
f 764/764/764 752/752/752 751/751/751
f 765/765/765 753/753/753 752/752/752
f 768/768/768 902/902/902 904/904/904
f 902/902/902 756/756/756 903/903/903
f 902/902/902 768/768/768 769/769/769
f 757/757/757 756/756/756 902/902/902
f 769/769/769 757/757/757 902/902/902
f 770/770/770 758/758/758 757/757/757
f 771/771/771 759/759/759 758/758/758
f 772/772/772 760/760/760 759/759/759
f 773/773/773 761/761/761 760/760/760
f 774/774/774 762/762/762 761/761/761
f 775/775/775 763/763/763 762/762/762
f 776/776/776 764/764/764 763/763/763
f 913/913/913 765/765/765 764/764/764
f 776/776/776 777/777/777 913/913/913
f 764/764/764 776/776/776 913/913/913
f 914/914/914 912/912/912 765/765/765
f 909/909/909 914/914/914 913/913/913
f 780/780/780 906/906/906 907/907/907
f 906/906/906 768/768/768 901/901/901
f 906/906/906 780/780/780 781/781/781
f 769/769/769 768/768/768 906/906/906
f 781/781/781 769/769/769 906/906/906
f 782/782/782 770/770/770 769/769/769
f 783/783/783 771/771/771 770/770/770
f 784/784/784 772/772/772 771/771/771
f 785/785/785 773/773/773 772/772/772
f 786/786/786 774/774/774 773/773/773
f 787/787/787 775/775/775 774/774/774
f 788/788/788 776/776/776 775/775/775
f 910/910/910 777/777/777 776/776/776
f 788/788/788 789/789/789 910/910/910
f 776/776/776 788/788/788 910/910/910
f 911/911/911 909/909/909 777/777/777
f 908/908/908 911/911/911 910/910/910
f 792/792/792 950/950/950 951/951/951
f 950/950/950 780/780/780 905/905/905
f 950/950/950 792/792/792 793/793/793
f 781/781/781 780/780/780 950/950/950
f 793/793/793 781/781/781 950/950/950
f 794/794/794 782/782/782 781/781/781
f 795/795/795 783/783/783 782/782/782
f 796/796/796 784/784/784 783/783/783
f 797/797/797 785/785/785 784/784/784
f 798/798/798 786/786/786 785/785/785
f 799/799/799 787/787/787 786/786/786
f 800/800/800 788/788/788 787/787/787
f 947/947/947 789/789/789 788/788/788
f 800/800/800 801/801/801 947/947/947
f 788/788/788 800/800/800 947/947/947
f 948/948/948 908/908/908 789/789/789
f 946/946/946 948/948/948 947/947/947
f 805/805/805 793/793/793 792/792/792
f 806/806/806 794/794/794 793/793/793
f 807/807/807 795/795/795 794/794/794
f 808/808/808 796/796/796 795/795/795
f 809/809/809 797/797/797 796/796/796
f 810/810/810 798/798/798 797/797/797
f 811/811/811 799/799/799 798/798/798
f 812/812/812 800/800/800 799/799/799
f 813/813/813 801/801/801 800/800/800
f 816/816/816 953/953/953 955/955/955
f 953/953/953 804/804/804 954/954/954
f 953/953/953 816/816/816 817/817/817
f 805/805/805 804/804/804 953/953/953
f 817/817/817 805/805/805 953/953/953
f 818/818/818 806/806/806 805/805/805
f 819/819/819 807/807/807 806/806/806
f 820/820/820 808/808/808 807/807/807
f 821/821/821 809/809/809 808/808/808
f 822/822/822 810/810/810 809/809/809
f 823/823/823 811/811/811 810/810/810
f 824/824/824 812/812/812 811/811/811
f 944/944/944 813/813/813 812/812/812
f 824/824/824 825/825/825 944/944/944
f 812/812/812 824/824/824 944/944/944
f 945/945/945 943/943/943 813/813/813
f 940/940/940 945/945/945 944/944/944
f 828/828/828 957/957/957 958/958/958
f 957/957/957 816/816/816 952/952/952
f 957/957/957 828/828/828 829/829/829
f 817/817/817 816/816/816 957/957/957
f 829/829/829 817/817/817 957/957/957
f 830/830/830 818/818/818 817/817/817
f 831/831/831 819/819/819 818/818/818
f 832/832/832 820/820/820 819/819/819
f 833/833/833 821/821/821 820/820/820
f 834/834/834 822/822/822 821/821/821
f 835/835/835 823/823/823 822/822/822
f 836/836/836 824/824/824 823/823/823
f 941/941/941 825/825/825 824/824/824
f 836/836/836 837/837/837 941/941/941
f 824/824/824 836/836/836 941/941/941
f 942/942/942 940/940/940 825/825/825
f 937/937/937 942/942/942 941/941/941
f 840/840/840 960/960/960 961/961/961
f 960/960/960 828/828/828 956/956/956
f 960/960/960 840/840/840 841/841/841
f 829/829/829 828/828/828 960/960/960
f 841/841/841 829/829/829 960/960/960
f 842/842/842 830/830/830 829/829/829
f 843/843/843 831/831/831 830/830/830
f 844/844/844 832/832/832 831/831/831
f 845/845/845 833/833/833 832/832/832
f 846/846/846 834/834/834 833/833/833
f 847/847/847 835/835/835 834/834/834
f 848/848/848 836/836/836 835/835/835
f 938/938/938 837/837/837 836/836/836
f 848/848/848 849/849/849 938/938/938
f 836/836/836 848/848/848 938/938/938
f 939/939/939 937/937/937 837/837/837
f 936/936/936 939/939/939 938/938/938
f 853/853/853 841/841/841 840/840/840
f 854/854/854 842/842/842 841/841/841
f 855/855/855 843/843/843 842/842/842
f 856/856/856 844/844/844 843/843/843
f 857/857/857 845/845/845 844/844/844
f 858/858/858 846/846/846 845/845/845
f 859/859/859 847/847/847 846/846/846
f 860/860/860 848/848/848 847/847/847
f 861/861/861 849/849/849 848/848/848
f 864/864/864 963/963/963 965/965/965
f 963/963/963 852/852/852 964/964/964
f 963/963/963 864/864/864 865/865/865
f 853/853/853 852/852/852 963/963/963
f 865/865/865 853/853/853 963/963/963
f 866/866/866 854/854/854 853/853/853
f 867/867/867 855/855/855 854/854/854
f 868/868/868 856/856/856 855/855/855
f 869/869/869 857/857/857 856/856/856
f 870/870/870 858/858/858 857/857/857
f 871/871/871 859/859/859 858/858/858
f 872/872/872 860/860/860 859/859/859
f 934/934/934 861/861/861 860/860/860
f 872/872/872 873/873/873 934/934/934
f 860/860/860 872/872/872 934/934/934
f 935/935/935 933/933/933 861/861/861
f 930/930/930 935/935/935 934/934/934
f 876/876/876 967/967/967 968/968/968
f 967/967/967 864/864/864 962/962/962
f 967/967/967 876/876/876 877/877/877
f 865/865/865 864/864/864 967/967/967
f 877/877/877 865/865/865 967/967/967
f 878/878/878 866/866/866 865/865/865
f 879/879/879 867/867/867 866/866/866
f 880/880/880 868/868/868 867/867/867
f 881/881/881 869/869/869 868/868/868
f 882/882/882 870/870/870 869/869/869
f 883/883/883 871/871/871 870/870/870
f 884/884/884 872/872/872 871/871/871
f 931/931/931 873/873/873 872/872/872
f 884/884/884 885/885/885 931/931/931
f 872/872/872 884/884/884 931/931/931
f 932/932/932 930/930/930 873/873/873
f 929/929/929 932/932/932 931/931/931
f 889/889/889 683/683/683 890/890/890
f 695/695/695 890/890/890 683/683/683
f 887/887/887 890/890/890 695/695/695
f 707/707/707 893/893/893 887/887/887
f 719/719/719 894/894/894 707/707/707
f 696/696/696 887/887/887 893/893/893
f 719/719/719 891/891/891 894/894/894
f 897/897/897 891/891/891 719/719/719
f 894/894/894 893/893/893 707/707/707
f 897/897/897 719/719/719 731/731/731
f 895/895/895 731/731/731 900/900/900
f 743/743/743 900/900/900 731/731/731
f 897/897/897 731/731/731 895/895/895
f 898/898/898 900/900/900 743/743/743
f 755/755/755 767/767/767 904/904/904
f 755/755/755 903/903/903 898/898/898
f 767/767/767 779/779/779 907/907/907
f 744/744/744 898/898/898 903/903/903
f 767/767/767 901/901/901 904/904/904
f 779/779/779 905/905/905 907/907/907
f 905/905/905 779/779/779 951/951/951
f 694/694/694 926/926/926 928/928/928
f 717/717/717 922/922/922 925/925/925
f 922/922/922 718/718/718 706/706/706
f 706/706/706 928/928/928 925/925/925
f 706/706/706 694/694/694 928/928/928
f 730/730/730 924/924/924 919/919/919
f 742/742/742 730/730/730 921/921/921
f 919/919/919 921/921/921 730/730/730
f 718/718/718 924/924/924 730/730/730
f 922/922/922 924/924/924 718/718/718
f 742/742/742 916/916/916 918/918/918
f 915/915/915 753/753/753 765/765/765
f 912/912/912 766/766/766 754/754/754
f 754/754/754 918/918/918 915/915/915
f 754/754/754 742/742/742 918/918/918
f 778/778/778 914/914/914 909/909/909
f 790/790/790 778/778/778 911/911/911
f 778/778/778 766/766/766 914/914/914
f 921/921/921 916/916/916 742/742/742
f 949/949/949 951/951/951 791/791/791
f 779/779/779 791/791/791 951/951/951
f 949/949/949 791/791/791 803/803/803
f 815/815/815 955/955/955 803/803/803
f 827/827/827 958/958/958 815/815/815
f 792/792/792 949/949/949 954/954/954
f 815/815/815 952/952/952 955/955/955
f 958/958/958 952/952/952 815/815/815
f 955/955/955 954/954/954 803/803/803
f 956/956/956 958/958/958 827/827/827
f 956/956/956 827/827/827 961/961/961
f 839/839/839 961/961/961 827/827/827
f 959/959/959 961/961/961 839/839/839
f 851/851/851 964/964/964 959/959/959
f 875/875/875 968/968/968 863/863/863
f 965/965/965 851/851/851 863/863/863
f 964/964/964 852/852/852 840/840/840
f 863/863/863 962/962/962 965/965/965
f 875/875/875 966/966/966 968/968/968
f 968/968/968 962/962/962 863/863/863
f 965/965/965 964/964/964 851/851/851
f 790/790/790 908/908/908 948/948/948
f 802/802/802 948/948/948 946/946/946
f 814/814/814 943/943/943 945/945/945
f 813/813/813 943/943/943 946/946/946
f 943/943/943 814/814/814 802/802/802
f 802/802/802 790/790/790 948/948/948
f 826/826/826 940/940/940 942/942/942
f 937/937/937 838/838/838 942/942/942
f 826/826/826 942/942/942 838/838/838
f 945/945/945 826/826/826 814/814/814
f 940/940/940 826/826/826 945/945/945
f 911/911/911 908/908/908 790/790/790
f 937/937/937 939/939/939 838/838/838
f 936/936/936 849/849/849 861/861/861
f 850/850/850 939/939/939 936/936/936
f 874/874/874 935/935/935 930/930/930
f 862/862/862 933/933/933 935/935/935
f 933/933/933 862/862/862 850/850/850
f 850/850/850 838/838/838 939/939/939
f 886/886/886 932/932/932 929/929/929
f 932/932/932 886/886/886 874/874/874
f 935/935/935 874/874/874 862/862/862
f 932/932/932 874/874/874 930/930/930
f 1019/1019/1019 995/995/995 1006/1006/1006
f 1007/1007/1007 1019/1019/1019 1008/1008/1008
f 995/995/995 1019/1019/1019 1007/1007/1007
f 1012/1012/1012 1007/1007/1007 1008/1008/1008
f 996/996/996 1012/1012/1012 997/997/997
f 1007/1007/1007 1012/1012/1012 996/996/996
f 1005/1005/1005 996/996/996 997/997/997
f 998/998/998 1005/1005/1005 999/999/999
f 996/996/996 1005/1005/1005 998/998/998
f 1021/1021/1021 972/972/972 1009/1009/1009
f 1010/1010/1010 1021/1021/1021 1011/1011/1011
f 972/972/972 1021/1021/1021 1010/1010/1010
f 1024/1024/1024 1009/1009/1009 1020/1020/1020
f 1021/1021/1021 1024/1024/1024 1023/1023/1023
f 1009/1009/1009 1024/1024/1024 1021/1021/1021
f 1021/1021/1021 1023/1023/1023 1022/1022/1022
f 1025/1025/1025 1022/1022/1022 1023/1023/1023
f 995/995/995 1025/1025/1025 1006/1006/1006
f 1022/1022/1022 1025/1025/1025 995/995/995
f 1140/1140/1140 1142/1142/1142 1141/1141/1141
f 1141/1141/1141 1000/1000/1000 1135/1135/1135
f 1013/1013/1013 1141/1141/1141 1136/1136/1136
f 1000/1000/1000 1141/1141/1141 1013/1013/1013
f 1137/1137/1137 1013/1013/1013 1136/1136/1136
f 1001/1001/1001 1137/1137/1137 1124/1124/1124
f 1013/1013/1013 1137/1137/1137 1001/1001/1001
f 1041/1041/1041 1013/1013/1013 1015/1015/1015
f 1000/1000/1000 1041/1041/1041 1014/1014/1014
f 1013/1013/1013 1041/1041/1041 1000/1000/1000
f 1014/1014/1014 1041/1041/1041 1043/1043/1043
f 1041/1041/1041 1015/1015/1015 1042/1042/1042
f 1015/1015/1015 1044/1044/1044 1046/1046/1046
f 1044/1044/1044 1003/1003/1003 1045/1045/1045
f 1044/1044/1044 1001/1001/1001 1003/1003/1003
f 1013/1013/1013 1044/1044/1044 1015/1015/1015
f 1001/1001/1001 1044/1044/1044 1013/1013/1013
f 1047/1047/1047 1002/1002/1002 1004/1004/1004
f 1001/1001/1001 1047/1047/1047 1003/1003/1003
f 1002/1002/1002 1047/1047/1047 1001/1001/1001
f 1003/1003/1003 1047/1047/1047 1049/1049/1049
f 1047/1047/1047 1004/1004/1004 1048/1048/1048
f 1004/1004/1004 1050/1050/1050 1051/1051/1051
f 1134/1134/1134 1001/1001/1001 1124/1124/1124
f 1002/1002/1002 1134/1134/1134 1125/1125/1125
f 1001/1001/1001 1134/1134/1134 1002/1002/1002
f 1126/1126/1126 1128/1128/1128 1127/1127/1127
f 1144/1144/1144 976/976/976 1016/1016/1016
f 1017/1017/1017 1144/1144/1144 1018/1018/1018
f 976/976/976 1144/1144/1144 1017/1017/1017
f 1027/1027/1027 1017/1017/1017 1018/1018/1018
f 972/972/972 1027/1027/1027 1009/1009/1009
f 1017/1017/1017 1027/1027/1027 972/972/972
f 1018/1018/1018 1026/1026/1026 1028/1028/1028
f 1038/1038/1038 1027/1027/1027 1028/1028/1028
f 1009/1009/1009 1038/1038/1038 1020/1020/1020
f 1027/1027/1027 1038/1038/1038 1009/1009/1009
f 1028/1028/1028 1037/1037/1037 1040/1040/1040
f 1037/1037/1037 1014/1014/1014 1039/1039/1039
f 1037/1037/1037 1000/1000/1000 1014/1014/1014
f 1026/1026/1026 1037/1037/1037 1028/1028/1028
f 1000/1000/1000 1037/1037/1037 1026/1026/1026
f 1146/1146/1146 1016/1016/1016 1143/1143/1143
f 1144/1144/1144 1146/1146/1146 1145/1145/1145
f 1016/1016/1016 1146/1146/1146 1144/1144/1144
f 1144/1144/1144 1145/1145/1145 1026/1026/1026
f 1147/1147/1147 1026/1026/1026 1145/1145/1145
f 1000/1000/1000 1147/1147/1147 1135/1135/1135
f 1026/1026/1026 1147/1147/1147 1000/1000/1000
f 1146/1146/1146 1148/1148/1148 1147/1147/1147
f 1148/1148/1148 1140/1140/1140 1135/1135/1135
f 1017/1017/1017 977/977/977 976/976/976
f 973/973/973 1017/1017/1017 972/972/972
f 977/977/977 1017/1017/1017 973/973/973
f 978/978/978 977/977/977 973/973/973
f 1091/1091/1091 1093/1093/1093 1092/1092/1092
f 1093/1093/1093 1083/1083/1083 1079/1079/1079
f 1092/1092/1092 1066/1066/1066 1077/1077/1077
f 1078/1078/1078 1092/1092/1092 1079/1079/1079
f 1066/1066/1066 1092/1092/1092 1078/1078/1078
f 1084/1084/1084 1078/1078/1078 1079/1079/1079
f 1067/1067/1067 1084/1084/1084 1068/1068/1068
f 1078/1078/1078 1084/1084/1084 1067/1067/1067
f 1083/1083/1083 1085/1085/1085 1084/1084/1084
f 1085/1085/1085 1074/1074/1074 1068/1068/1068
f 1164/1164/1164 1078/1078/1078 1139/1139/1139
f 1066/1066/1066 1164/1164/1164 1138/1138/1138
f 1078/1078/1078 1164/1164/1164 1066/1066/1066
f 1138/1138/1138 1164/1164/1164 1165/1165/1165
f 1166/1166/1166 1067/1067/1067 1129/1129/1129
f 1078/1078/1078 1166/1166/1166 1139/1139/1139
f 1067/1067/1067 1166/1166/1166 1078/1078/1078
f 1167/1167/1167 1069/1069/1069 1130/1130/1130
f 1067/1067/1067 1167/1167/1167 1129/1129/1129
f 1069/1069/1069 1167/1167/1167 1067/1067/1067
f 1130/1130/1130 1131/1131/1131 1133/1133/1133
f 1074/1074/1074 1076/1076/1076 1075/1075/1075
f 1076/1076/1076 1071/1071/1071 1070/1070/1070
f 1075/1075/1075 1067/1067/1067 1068/1068/1068
f 1069/1069/1069 1075/1075/1075 1070/1070/1070
f 1067/1067/1067 1075/1075/1075 1069/1069/1069
f 1071/1071/1071 1073/1073/1073 1072/1072/1072
f 1095/1095/1095 979/979/979 1080/1080/1080
f 1081/1081/1081 1095/1095/1095 1082/1082/1082
f 979/979/979 1095/1095/1095 1081/1081/1081
f 1149/1149/1149 1081/1081/1081 1082/1082/1082
f 976/976/976 1149/1149/1149 1016/1016/1016
f 1081/1081/1081 1149/1149/1149 976/976/976
f 1082/1082/1082 1096/1096/1096 1150/1150/1150
f 1161/1161/1161 1149/1149/1149 1150/1150/1150
f 1016/1016/1016 1161/1161/1161 1143/1143/1143
f 1149/1149/1149 1161/1161/1161 1016/1016/1016
f 1150/1150/1150 1160/1160/1160 1163/1163/1163
f 1160/1160/1160 1138/1138/1138 1162/1162/1162
f 1160/1160/1160 1066/1066/1066 1138/1138/1138
f 1096/1096/1096 1160/1160/1160 1150/1150/1150
f 1066/1066/1066 1160/1160/1160 1096/1096/1096
f 1098/1098/1098 1080/1080/1080 1094/1094/1094
f 1095/1095/1095 1098/1098/1098 1097/1097/1097
f 1080/1080/1080 1098/1098/1098 1095/1095/1095
f 1095/1095/1095 1097/1097/1097 1096/1096/1096
f 1099/1099/1099 1096/1096/1096 1097/1097/1097
f 1066/1066/1066 1099/1099/1099 1077/1077/1077
f 1096/1096/1096 1099/1099/1099 1066/1066/1066
f 1098/1098/1098 1100/1100/1100 1099/1099/1099
f 1100/1100/1100 1091/1091/1091 1077/1077/1077
f 1081/1081/1081 980/980/980 979/979/979
f 977/977/977 1081/1081/1081 976/976/976
f 980/980/980 1081/1081/1081 977/977/977
f 981/981/981 980/980/980 977/977/977
f 1114/1114/1114 1086/1086/1086 1088/1088/1088
f 1061/1061/1061 1114/1114/1114 1087/1087/1087
f 1086/1086/1086 1114/1114/1114 1061/1061/1061
f 1115/1115/1115 1062/1062/1062 1064/1064/1064
f 1086/1086/1086 1115/1115/1115 1088/1088/1088
f 1062/1062/1062 1115/1115/1115 1086/1086/1086
f 1116/1116/1116 1063/1063/1063 1065/1065/1065
f 1062/1062/1062 1116/1116/1116 1064/1064/1064
f 1063/1063/1063 1116/1116/1116 1062/1062/1062
f 1102/1102/1102 1089/1089/1089 1090/1090/1090
f 979/979/979 1102/1102/1102 1080/1080/1080
f 1089/1089/1089 1102/1102/1102 979/979/979
f 1090/1090/1090 1101/1101/1101 1103/1103/1103
f 1105/1105/1105 1102/1102/1102 1103/1103/1103
f 1080/1080/1080 1105/1105/1105 1094/1094/1094
f 1102/1102/1102 1105/1105/1105 1080/1080/1080
f 1104/1104/1104 1061/1061/1061 1087/1087/1087
f 1101/1101/1101 1104/1104/1104 1103/1103/1103
f 1061/1061/1061 1104/1104/1104 1101/1101/1101
f 998/998/998 985/985/985 969/969/969
f 985/985/985 999/999/999 988/988/988
f 998/998/998 999/999/999 985/985/985
f 988/988/988 987/987/987 985/985/985
f 996/996/996 998/998/998 969/969/969
f 985/985/985 987/987/987 986/986/986
f 1035/1035/1035 1051/1051/1051 1036/1036/1036
f 1036/1036/1036 1051/1051/1051 1050/1050/1050
f 1048/1048/1048 1051/1051/1051 1035/1035/1035
f 1029/1029/1029 986/986/986 1036/1036/1036
f 989/989/989 999/999/999 1005/1005/1005
f 990/990/990 997/997/997 1012/1012/1012
f 997/997/997 989/989/989 1005/1005/1005
f 988/988/988 999/999/999 989/989/989
f 1034/1034/1034 1033/1033/1033 1045/1045/1045
f 990/990/990 1012/1012/1012 1008/1008/1008
f 1049/1049/1049 1048/1048/1048 1034/1034/1034
f 997/997/997 990/990/990 989/989/989
f 1035/1035/1035 1034/1034/1034 1048/1048/1048
f 1007/1007/1007 996/996/996 969/969/969
f 1002/1002/1002 1029/1029/1029 1050/1050/1050
f 1036/1036/1036 1050/1050/1050 1029/1029/1029
f 1050/1050/1050 1004/1004/1004 1002/1002/1002
f 1002/1002/1002 1127/1127/1127 1029/1029/1029
f 1029/1029/1029 1127/1127/1127 1117/1117/1117
f 1117/1117/1117 1127/1127/1127 1128/1128/1128
f 1117/1117/1117 1128/1128/1128 1118/1118/1118
f 1125/1125/1125 1127/1127/1127 1002/1002/1002
f 1157/1157/1157 1132/1132/1132 1158/1158/1158
f 975/975/975 1029/1029/1029 1117/1117/1117
f 1128/1128/1128 1126/1126/1126 1118/1118/1118
f 1033/1033/1033 1046/1046/1046 1045/1045/1045
f 1134/1134/1134 1126/1126/1126 1125/1125/1125
f 1034/1034/1034 1045/1045/1045 1049/1049/1049
f 1134/1134/1134 1124/1124/1124 1119/1119/1119
f 1118/1118/1118 1126/1126/1126 1119/1119/1119
f 1137/1137/1137 1120/1120/1120 1124/1124/1124
f 1119/1119/1119 1124/1124/1124 1120/1120/1120
f 1136/1136/1136 1120/1120/1120 1137/1137/1137
f 1126/1126/1126 1134/1134/1134 1119/1119/1119
f 1033/1033/1033 1042/1042/1042 1046/1046/1046
f 1019/1019/1019 991/991/991 1008/1008/1008
f 969/969/969 970/970/970 995/995/995
f 1006/1006/1006 992/992/992 1019/1019/1019
f 991/991/991 1019/1019/1019 992/992/992
f 993/993/993 992/992/992 1025/1025/1025
f 1006/1006/1006 1025/1025/1025 992/992/992
f 1023/1023/1023 993/993/993 1025/1025/1025
f 1008/1008/1008 991/991/991 990/990/990
f 970/970/970 1011/1011/1011 1022/1022/1022
f 973/973/973 970/970/970 971/971/971
f 1011/1011/1011 970/970/970 1010/1010/1010
f 970/970/970 973/973/973 1010/1010/1010
f 995/995/995 970/970/970 1022/1022/1022
f 1020/1020/1020 1030/1030/1030 994/994/994
f 994/994/994 993/993/993 1024/1024/1024
f 1024/1024/1024 993/993/993 1023/1023/1023
f 994/994/994 1024/1024/1024 1020/1020/1020
f 1020/1020/1020 1038/1038/1038 1030/1030/1030
f 1007/1007/1007 969/969/969 995/995/995
f 1043/1043/1043 1042/1042/1042 1032/1032/1032
f 1031/1031/1031 1043/1043/1043 1032/1032/1032
f 1039/1039/1039 1043/1043/1043 1031/1031/1031
f 1141/1141/1141 1121/1121/1121 1136/1136/1136
f 1120/1120/1120 1136/1136/1136 1121/1121/1121
f 1121/1121/1121 1141/1141/1141 1142/1142/1142
f 1142/1142/1142 1140/1140/1140 1122/1122/1122
f 1122/1122/1122 1121/1121/1121 1142/1142/1142
f 1040/1040/1040 1039/1039/1039 1031/1031/1031
f 1010/1010/1010 973/973/973 972/972/972
f 971/971/971 974/974/974 973/973/973
f 1040/1040/1040 1030/1030/1030 1038/1038/1038
f 1040/1040/1040 1031/1031/1031 1030/1030/1030
f 1123/1123/1123 1122/1122/1122 1148/1148/1148
f 1123/1123/1123 1148/1148/1148 1146/1146/1146
f 1140/1140/1140 1148/1148/1148 1122/1122/1122
f 1123/1123/1123 1146/1146/1146 1152/1152/1152
f 1155/1155/1155 1154/1154/1154 1165/1165/1165
f 1033/1033/1033 1032/1032/1032 1042/1042/1042
f 1158/1158/1158 1133/1133/1133 1159/1159/1159
f 1131/1131/1131 1159/1159/1159 1133/1133/1133
f 1133/1133/1133 1158/1158/1158 1132/1132/1132
f 1069/1069/1069 1131/1131/1131 1130/1130/1130
f 1159/1159/1159 1131/1131/1131 1151/1151/1151
f 1151/1151/1151 1069/1069/1069 1072/1072/1072
f 1069/1069/1069 1151/1151/1151 1131/1131/1131
f 1072/1072/1072 1073/1073/1073 1053/1053/1053
f 1053/1053/1053 1151/1151/1151 1072/1072/1072
f 1151/1151/1151 975/975/975 1159/1159/1159
f 1167/1167/1167 1130/1130/1130 1132/1132/1132
f 1129/1129/1129 1167/1167/1167 1157/1157/1157
f 1167/1167/1167 1132/1132/1132 1157/1157/1157
f 1166/1166/1166 1129/1129/1129 1156/1156/1156
f 1157/1157/1157 1156/1156/1156 1129/1129/1129
f 1139/1139/1139 1166/1166/1166 1156/1156/1156
f 1072/1072/1072 1069/1069/1069 1070/1070/1070
f 1055/1055/1055 1071/1071/1071 1076/1076/1076
f 1155/1155/1155 1139/1139/1139 1156/1156/1156
f 1071/1071/1071 1054/1054/1054 1073/1073/1073
f 1151/1151/1151 1053/1053/1053 1052/1052/1052
f 1113/1113/1113 1106/1106/1106 1052/1052/1052
f 1073/1073/1073 1054/1054/1054 1053/1053/1053
f 1063/1063/1063 982/982/982 1106/1106/1106
f 1113/1113/1113 1112/1112/1112 1065/1065/1065
f 1063/1063/1063 1106/1106/1106 1065/1065/1065
f 1063/1063/1063 1062/1062/1062 982/982/982
f 1106/1106/1106 1113/1113/1113 1065/1065/1065
f 1065/1065/1065 1112/1112/1112 1111/1111/1111
f 1085/1085/1085 1056/1056/1056 1074/1074/1074
f 1055/1055/1055 1074/1074/1074 1056/1056/1056
f 1056/1056/1056 1085/1085/1085 1083/1083/1083
f 1055/1055/1055 1076/1076/1076 1074/1074/1074
f 1111/1111/1111 1110/1110/1110 1064/1064/1064
f 1110/1110/1110 1115/1115/1115 1064/1064/1064
f 1116/1116/1116 1111/1111/1111 1064/1064/1064
f 1111/1111/1111 1116/1116/1116 1065/1065/1065
f 1062/1062/1062 1086/1086/1086 982/982/982
f 1054/1054/1054 1071/1071/1071 1055/1055/1055
f 1110/1110/1110 1088/1088/1088 1115/1115/1115
f 1164/1164/1164 1155/1155/1155 1165/1165/1165
f 1155/1155/1155 1164/1164/1164 1139/1139/1139
f 1162/1162/1162 1165/1165/1165 1154/1154/1154
f 1093/1093/1093 1057/1057/1057 1083/1083/1083
f 1057/1057/1057 1056/1056/1056 1083/1083/1083
f 1091/1091/1091 1058/1058/1058 1093/1093/1093
f 1057/1057/1057 1093/1093/1093 1058/1058/1058
f 1058/1058/1058 1091/1091/1091 1100/1100/1100
f 1153/1153/1153 1163/1163/1163 1154/1154/1154
f 1163/1163/1163 1162/1162/1162 1154/1154/1154
f 1161/1161/1161 1152/1152/1152 1143/1143/1143
f 1152/1152/1152 1161/1161/1161 1153/1153/1153
f 1146/1146/1146 1143/1143/1143 1152/1152/1152
f 1161/1161/1161 1163/1163/1163 1153/1153/1153
f 1098/1098/1098 1094/1094/1094 1059/1059/1059
f 1100/1100/1100 1098/1098/1098 1059/1059/1059
f 1059/1059/1059 1058/1058/1058 1100/1100/1100
f 1114/1114/1114 1109/1109/1109 1108/1108/1108
f 1108/1108/1108 1107/1107/1107 1104/1104/1104
f 1088/1088/1088 1109/1109/1109 1114/1114/1114
f 1108/1108/1108 1104/1104/1104 1087/1087/1087
f 1086/1086/1086 1061/1061/1061 982/982/982
f 1108/1108/1108 1087/1087/1087 1114/1114/1114
f 1105/1105/1105 1104/1104/1104 1107/1107/1107
f 980/980/980 1089/1089/1089 979/979/979
f 1105/1105/1105 1107/1107/1107 1060/1060/1060
f 984/984/984 980/980/980 981/981/981
f 1104/1104/1104 1105/1105/1105 1103/1103/1103
f 1094/1094/1094 1105/1105/1105 1060/1060/1060
f 983/983/983 1101/1101/1101 1090/1090/1090
f 980/980/980 984/984/984 983/983/983
f 1090/1090/1090 1089/1089/1089 983/983/983
f 1089/1089/1089 980/980/980 983/983/983
f 983/983/983 1061/1061/1061 1101/1101/1101
f 1061/1061/1061 983/983/983 982/982/982
f 1059/1059/1059 1094/1094/1094 1060/1060/1060
f 1110/1110/1110 1109/1109/1109 1088/1088/1088
f 1171/1171/1171 1247/1247/1247 1249/1249/1249
f 1247/1247/1247 1203/1203/1203 1248/1248/1248
f 1249/1249/1249 1248/1248/1248 1204/1204/1204
f 1243/1243/1243 1202/1202/1202 1246/1246/1246
f 1249/1249/1249 1206/1206/1206 1243/1243/1243
f 1246/1246/1246 1249/1249/1249 1243/1243/1243
f 1204/1204/1204 1232/1232/1232 1233/1233/1233
f 1202/1202/1202 1243/1243/1243 1245/1245/1245
f 1243/1243/1243 1206/1206/1206 1244/1244/1244
f 1245/1245/1245 1244/1244/1244 1208/1208/1208
f 1239/1239/1239 1205/1205/1205 1242/1242/1242
f 1245/1245/1245 1213/1213/1213 1239/1239/1239
f 1242/1242/1242 1245/1245/1245 1239/1239/1239
f 1229/1229/1229 1208/1208/1208 1244/1244/1244
f 1244/1244/1244 1206/1206/1206 1204/1204/1204
f 1204/1204/1204 1207/1207/1207 1229/1229/1229
f 1229/1229/1229 1244/1244/1244 1204/1204/1204
f 1208/1208/1208 1229/1229/1229 1231/1231/1231
f 1229/1229/1229 1207/1207/1207 1230/1230/1230
f 1205/1205/1205 1239/1239/1239 1241/1241/1241
f 1239/1239/1239 1213/1213/1213 1240/1240/1240
f 1235/1235/1235 1219/1219/1219 1241/1241/1241
f 1240/1240/1240 1215/1215/1215 1235/1235/1235
f 1241/1241/1241 1240/1240/1240 1235/1235/1235
f 1254/1254/1254 1212/1212/1212 1238/1238/1238
f 1241/1241/1241 1219/1219/1219 1254/1254/1254
f 1238/1238/1238 1241/1241/1241 1254/1254/1254
f 1226/1226/1226 1215/1215/1215 1240/1240/1240
f 1240/1240/1240 1213/1213/1213 1208/1208/1208
f 1208/1208/1208 1214/1214/1214 1226/1226/1226
f 1226/1226/1226 1240/1240/1240 1208/1208/1208
f 1226/1226/1226 1214/1214/1214 1227/1227/1227
f 1212/1212/1212 1254/1254/1254 1255/1255/1255
f 1254/1254/1254 1219/1219/1219 1234/1234/1234
f 1219/1219/1219 1235/1235/1235 1237/1237/1237
f 1235/1235/1235 1215/1215/1215 1236/1236/1236
f 1172/1172/1172 1251/1251/1251 1252/1252/1252
f 1247/1247/1247 1171/1171/1171 1250/1250/1250
f 1252/1252/1252 1203/1203/1203 1247/1247/1247
f 1250/1250/1250 1252/1252/1252 1247/1247/1247
f 1175/1175/1175 1349/1349/1349 1351/1351/1351
f 1349/1349/1349 1210/1210/1210 1350/1350/1350
f 1351/1351/1351 1350/1350/1350 1211/1211/1211
f 1345/1345/1345 1209/1209/1209 1348/1348/1348
f 1351/1351/1351 1315/1315/1315 1345/1345/1345
f 1348/1348/1348 1351/1351/1351 1345/1345/1345
f 1350/1350/1350 1246/1246/1246 1217/1217/1217
f 1246/1246/1246 1202/1202/1202 1217/1217/1217
f 1217/1217/1217 1211/1211/1211 1350/1350/1350
f 1350/1350/1350 1210/1210/1210 1171/1171/1171
f 1211/1211/1211 1217/1217/1217 1218/1218/1218
f 1242/1242/1242 1205/1205/1205 1221/1221/1221
f 1221/1221/1221 1218/1218/1218 1217/1217/1217
f 1217/1217/1217 1202/1202/1202 1242/1242/1242
f 1242/1242/1242 1221/1221/1221 1217/1217/1217
f 1218/1218/1218 1221/1221/1221 1222/1222/1222
f 1238/1238/1238 1212/1212/1212 1224/1224/1224
f 1224/1224/1224 1222/1222/1222 1221/1221/1221
f 1221/1221/1221 1205/1205/1205 1238/1238/1238
f 1238/1238/1238 1224/1224/1224 1221/1221/1221
f 1222/1222/1222 1224/1224/1224 1225/1225/1225
f 1209/1209/1209 1345/1345/1345 1347/1347/1347
f 1345/1345/1345 1315/1315/1315 1346/1346/1346
f 1347/1347/1347 1346/1346/1346 1316/1316/1316
f 1341/1341/1341 1314/1314/1314 1344/1344/1344
f 1347/1347/1347 1318/1318/1318 1341/1341/1341
f 1344/1344/1344 1347/1347/1347 1341/1341/1341
f 1333/1333/1333 1316/1316/1316 1346/1346/1346
f 1346/1346/1346 1315/1315/1315 1211/1211/1211
f 1211/1211/1211 1216/1216/1216 1333/1333/1333
f 1333/1333/1333 1346/1346/1346 1211/1211/1211
f 1316/1316/1316 1333/1333/1333 1335/1335/1335
f 1333/1333/1333 1216/1216/1216 1334/1334/1334
f 1314/1314/1314 1341/1341/1341 1343/1343/1343
f 1341/1341/1341 1318/1318/1318 1342/1342/1342
f 1343/1343/1343 1342/1342/1342 1320/1320/1320
f 1337/1337/1337 1317/1317/1317 1340/1340/1340
f 1343/1343/1343 1323/1323/1323 1337/1337/1337
f 1340/1340/1340 1343/1343/1343 1337/1337/1337
f 1330/1330/1330 1320/1320/1320 1342/1342/1342
f 1342/1342/1342 1318/1318/1318 1316/1316/1316
f 1316/1316/1316 1319/1319/1319 1330/1330/1330
f 1330/1330/1330 1342/1342/1342 1316/1316/1316
f 1320/1320/1320 1330/1330/1330 1332/1332/1332
f 1330/1330/1330 1319/1319/1319 1331/1331/1331
f 1317/1317/1317 1337/1337/1337 1339/1339/1339
f 1337/1337/1337 1323/1323/1323 1338/1338/1338
f 1176/1176/1176 1353/1353/1353 1354/1354/1354
f 1353/1353/1353 1172/1172/1172 1250/1250/1250
f 1354/1354/1354 1250/1250/1250 1171/1171/1171
f 1349/1349/1349 1175/1175/1175 1352/1352/1352
f 1354/1354/1354 1210/1210/1210 1349/1349/1349
f 1352/1352/1352 1354/1354/1354 1349/1349/1349
f 1353/1353/1353 1176/1176/1176 1177/1177/1177
f 1173/1173/1173 1172/1172/1172 1353/1353/1353
f 1177/1177/1177 1173/1173/1173 1353/1353/1353
f 1302/1302/1302 1397/1397/1397 1278/1278/1278
f 1397/1397/1397 1273/1273/1273 1278/1278/1278
f 1278/1278/1278 1266/1266/1266 1302/1302/1302
f 1302/1302/1302 1179/1179/1179 1272/1272/1272
f 1272/1272/1272 1398/1398/1398 1399/1399/1399
f 1398/1398/1398 1175/1175/1175 1348/1348/1348
f 1395/1395/1395 1321/1321/1321 1399/1399/1399
f 1348/1348/1348 1209/1209/1209 1395/1395/1395
f 1399/1399/1399 1348/1348/1348 1395/1395/1395
f 1397/1397/1397 1399/1399/1399 1321/1321/1321
f 1394/1394/1394 1322/1322/1322 1406/1406/1406
f 1406/1406/1406 1279/1279/1279 1273/1273/1273
f 1273/1273/1273 1321/1321/1321 1394/1394/1394
f 1394/1394/1394 1406/1406/1406 1273/1273/1273
f 1321/1321/1321 1395/1395/1395 1396/1396/1396
f 1395/1395/1395 1209/1209/1209 1344/1344/1344
f 1392/1392/1392 1326/1326/1326 1396/1396/1396
f 1344/1344/1344 1314/1314/1314 1392/1392/1392
f 1396/1396/1396 1344/1344/1344 1392/1392/1392
f 1394/1394/1394 1396/1396/1396 1326/1326/1326
f 1391/1391/1391 1327/1327/1327 1403/1403/1403
f 1403/1403/1403 1325/1325/1325 1322/1322/1322
f 1322/1322/1322 1326/1326/1326 1391/1391/1391
f 1391/1391/1391 1403/1403/1403 1322/1322/1322
f 1326/1326/1326 1392/1392/1392 1393/1393/1393
f 1392/1392/1392 1314/1314/1314 1340/1340/1340
f 1389/1389/1389 1329/1329/1329 1393/1393/1393
f 1340/1340/1340 1317/1317/1317 1389/1389/1389
f 1393/1393/1393 1340/1340/1340 1389/1389/1389
f 1391/1391/1391 1393/1393/1393 1329/1329/1329
f 1329/1329/1329 1389/1389/1389 1390/1390/1390
f 1389/1389/1389 1317/1317/1317 1336/1336/1336
f 1325/1325/1325 1403/1403/1403 1404/1404/1404
f 1403/1403/1403 1327/1327/1327 1328/1328/1328
f 1279/1279/1279 1406/1406/1406 1407/1407/1407
f 1406/1406/1406 1322/1322/1322 1325/1325/1325
f 1282/1282/1282 1270/1270/1270 1298/1298/1298
f 1298/1298/1298 1266/1266/1266 1278/1278/1278
f 1278/1278/1278 1280/1280/1280 1282/1282/1282
f 1282/1282/1282 1298/1298/1298 1278/1278/1278
f 1278/1278/1278 1273/1273/1273 1279/1279/1279
f 1285/1285/1285 1276/1276/1276 1294/1294/1294
f 1294/1294/1294 1270/1270/1270 1282/1282/1282
f 1282/1282/1282 1284/1284/1284 1285/1285/1285
f 1285/1285/1285 1294/1294/1294 1282/1282/1282
f 1282/1282/1282 1280/1280/1280 1283/1283/1283
f 1285/1285/1285 1284/1284/1284 1286/1286/1286
f 1180/1180/1180 1400/1400/1400 1401/1401/1401
f 1400/1400/1400 1176/1176/1176 1352/1352/1352
f 1398/1398/1398 1272/1272/1272 1401/1401/1401
f 1352/1352/1352 1175/1175/1175 1398/1398/1398
f 1401/1401/1401 1352/1352/1352 1398/1398/1398
f 1305/1305/1305 1401/1401/1401 1272/1272/1272
f 1400/1400/1400 1180/1180/1180 1181/1181/1181
f 1177/1177/1177 1176/1176/1176 1400/1400/1400
f 1181/1181/1181 1177/1177/1177 1400/1400/1400
f 1265/1265/1265 1301/1301/1301 1303/1303/1303
f 1301/1301/1301 1179/1179/1179 1302/1302/1302
f 1297/1297/1297 1269/1269/1269 1303/1303/1303
f 1302/1302/1302 1266/1266/1266 1297/1297/1297
f 1303/1303/1303 1302/1302/1302 1297/1297/1297
f 1300/1300/1300 1303/1303/1303 1269/1269/1269
f 1296/1296/1296 1271/1271/1271 1376/1376/1376
f 1376/1376/1376 1268/1268/1268 1267/1267/1267
f 1267/1267/1267 1269/1269/1269 1296/1296/1296
f 1296/1296/1296 1376/1376/1376 1267/1267/1267
f 1269/1269/1269 1297/1297/1297 1299/1299/1299
f 1297/1297/1297 1266/1266/1266 1298/1298/1298
f 1293/1293/1293 1275/1275/1275 1299/1299/1299
f 1298/1298/1298 1270/1270/1270 1293/1293/1293
f 1299/1299/1299 1298/1298/1298 1293/1293/1293
f 1296/1296/1296 1299/1299/1299 1275/1275/1275
f 1292/1292/1292 1277/1277/1277 1373/1373/1373
f 1373/1373/1373 1274/1274/1274 1271/1271/1271
f 1271/1271/1271 1275/1275/1275 1292/1292/1292
f 1292/1292/1292 1373/1373/1373 1271/1271/1271
f 1275/1275/1275 1293/1293/1293 1295/1295/1295
f 1293/1293/1293 1270/1270/1270 1294/1294/1294
f 1289/1289/1289 1281/1281/1281 1295/1295/1295
f 1294/1294/1294 1276/1276/1276 1289/1289/1289
f 1295/1295/1295 1294/1294/1294 1289/1289/1289
f 1370/1370/1370 1277/1277/1277 1292/1292/1292
f 1295/1295/1295 1281/1281/1281 1370/1370/1370
f 1292/1292/1292 1295/1295/1295 1370/1370/1370
f 1277/1277/1277 1370/1370/1370 1371/1371/1371
f 1370/1370/1370 1281/1281/1281 1288/1288/1288
f 1281/1281/1281 1289/1289/1289 1291/1291/1291
f 1289/1289/1289 1276/1276/1276 1290/1290/1290
f 1274/1274/1274 1373/1373/1373 1374/1374/1374
f 1268/1268/1268 1376/1376/1376 1377/1377/1377
f 1376/1376/1376 1271/1271/1271 1274/1274/1274
f 1378/1378/1378 1267/1267/1267 1268/1268/1268
f 1304/1304/1304 1180/1180/1180 1305/1305/1305
f 1301/1301/1301 1265/1265/1265 1306/1306/1306
f 1305/1305/1305 1179/1179/1179 1301/1301/1301
f 1306/1306/1306 1305/1305/1305 1301/1301/1301
f 1197/1197/1197 1227/1227/1227 1196/1196/1196
f 1168/1168/1168 1196/1196/1196 1227/1227/1227
f 1198/1198/1198 1228/1228/1228 1197/1197/1197
f 1227/1227/1227 1197/1197/1197 1228/1228/1228
f 1227/1227/1227 1230/1230/1230 1168/1168/1168
f 1168/1168/1168 1193/1193/1193 1194/1194/1194
f 1168/1168/1168 1195/1195/1195 1196/1196/1196
f 1361/1361/1361 1193/1193/1193 1307/1307/1307
f 1168/1168/1168 1194/1194/1194 1195/1195/1195
f 1199/1199/1199 1226/1226/1226 1228/1228/1228
f 1199/1199/1199 1228/1228/1228 1198/1198/1198
f 1237/1237/1237 1236/1236/1236 1200/1200/1200
f 1199/1199/1199 1200/1200/1200 1236/1236/1236
f 1355/1355/1355 1255/1255/1255 1201/1201/1201
f 1234/1234/1234 1237/1237/1237 1201/1201/1201
f 1200/1200/1200 1201/1201/1201 1237/1237/1237
f 1201/1201/1201 1255/1255/1255 1234/1234/1234
f 1356/1356/1356 1253/1253/1253 1355/1355/1355
f 1226/1226/1226 1199/1199/1199 1236/1236/1236
f 1309/1309/1309 1331/1331/1331 1308/1308/1308
f 1332/1332/1332 1309/1309/1309 1310/1310/1310
f 1358/1358/1358 1359/1359/1359 1223/1223/1223
f 1360/1360/1360 1331/1331/1331 1359/1359/1359
f 1307/1307/1307 1308/1308/1308 1361/1361/1361
f 1331/1331/1331 1360/1360/1360 1308/1308/1308
f 1361/1361/1361 1308/1308/1308 1360/1360/1360
f 1307/1307/1307 1193/1193/1193 1174/1174/1174
f 1311/1311/1311 1324/1324/1324 1310/1310/1310
f 1356/1356/1356 1357/1357/1357 1225/1225/1225
f 1225/1225/1225 1357/1357/1357 1358/1358/1358
f 1359/1359/1359 1331/1331/1331 1334/1334/1334
f 1223/1223/1223 1225/1225/1225 1358/1358/1358
f 1223/1223/1223 1359/1359/1359 1334/1334/1334
f 1332/1332/1332 1331/1331/1331 1309/1309/1309
f 1312/1312/1312 1313/1313/1313 1338/1338/1338
f 1312/1312/1312 1320/1320/1320 1324/1324/1324
f 1312/1312/1312 1324/1324/1324 1311/1311/1311
f 1332/1332/1332 1310/1310/1310 1324/1324/1324
f 1356/1356/1356 1225/1225/1225 1224/1224/1224
f 1380/1380/1380 1339/1339/1339 1313/1313/1313
f 1168/1168/1168 1230/1230/1230 1233/1233/1233
f 1232/1232/1232 1248/1248/1248 1192/1192/1192
f 1233/1233/1233 1232/1232/1232 1192/1192/1192
f 1207/1207/1207 1233/1233/1233 1230/1230/1230
f 1168/1168/1168 1233/1233/1233 1192/1192/1192
f 1214/1214/1214 1231/1231/1231 1227/1227/1227
f 1230/1230/1230 1227/1227/1227 1231/1231/1231
f 1204/1204/1204 1248/1248/1248 1232/1232/1232
f 1169/1169/1169 1191/1191/1191 1252/1252/1252
f 1190/1190/1190 1173/1173/1173 1189/1189/1189
f 1190/1190/1190 1169/1169/1169 1251/1251/1251
f 1203/1203/1203 1252/1252/1252 1191/1191/1191
f 1173/1173/1173 1170/1170/1170 1189/1189/1189
f 1190/1190/1190 1251/1251/1251 1173/1173/1173
f 1203/1203/1203 1191/1191/1191 1192/1192/1192
f 1203/1203/1203 1192/1192/1192 1248/1248/1248
f 1355/1355/1355 1253/1253/1253 1255/1255/1255
f 1212/1212/1212 1253/1253/1253 1224/1224/1224
f 1236/1236/1236 1215/1215/1215 1226/1226/1226
f 1220/1220/1220 1223/1223/1223 1334/1334/1334
f 1313/1313/1313 1339/1339/1339 1338/1338/1338
f 1224/1224/1224 1253/1253/1253 1356/1356/1356
f 1222/1222/1222 1223/1223/1223 1220/1220/1220
f 1320/1320/1320 1312/1312/1312 1338/1338/1338
f 1218/1218/1218 1220/1220/1220 1334/1334/1334
f 1172/1172/1172 1173/1173/1173 1251/1251/1251
f 1319/1319/1319 1335/1335/1335 1331/1331/1331
f 1338/1338/1338 1323/1323/1323 1320/1320/1320
f 1334/1334/1334 1331/1331/1331 1335/1335/1335
f 1178/1178/1178 1170/1170/1170 1173/1173/1173
f 1339/1339/1339 1380/1380/1380 1336/1336/1336
f 1386/1386/1386 1258/1258/1258 1402/1402/1402
f 1402/1402/1402 1385/1385/1385 1386/1386/1386
f 1404/1404/1404 1384/1384/1384 1385/1385/1385
f 1259/1259/1259 1402/1402/1402 1258/1258/1258
f 1260/1260/1260 1286/1286/1286 1259/1259/1259
f 1328/1328/1328 1384/1384/1384 1404/1404/1404
f 1261/1261/1261 1287/1287/1287 1260/1260/1260
f 1383/1383/1383 1384/1384/1384 1328/1328/1328
f 1258/1258/1258 1386/1386/1386 1387/1387/1387
f 1382/1382/1382 1383/1383/1383 1328/1328/1328
f 1336/1336/1336 1380/1380/1380 1390/1390/1390
f 1390/1390/1390 1380/1380/1380 1381/1381/1381
f 1381/1381/1381 1388/1388/1388 1390/1390/1390
f 1388/1388/1388 1381/1381/1381 1382/1382/1382
f 1385/1385/1385 1402/1402/1402 1404/1404/1404
f 1405/1405/1405 1259/1259/1259 1286/1286/1286
f 1260/1260/1260 1287/1287/1287 1286/1286/1286
f 1388/1388/1388 1382/1382/1382 1327/1327/1327
f 1259/1259/1259 1405/1405/1405 1402/1402/1402
f 1382/1382/1382 1328/1328/1328 1327/1327/1327
f 1287/1287/1287 1261/1261/1261 1262/1262/1262
f 1174/1174/1174 1257/1257/1257 1387/1387/1387
f 1368/1368/1368 1256/1256/1256 1182/1182/1182
f 1387/1387/1387 1257/1257/1257 1258/1258/1258
f 1366/1366/1366 1367/1367/1367 1182/1182/1182
f 1368/1368/1368 1182/1182/1182 1367/1367/1367
f 1366/1366/1366 1372/1372/1372 1365/1365/1365
f 1365/1365/1365 1374/1374/1374 1364/1364/1364
f 1182/1182/1182 1372/1372/1372 1366/1366/1366
f 1290/1290/1290 1262/1262/1262 1263/1263/1263
f 1263/1263/1263 1291/1291/1291 1290/1290/1290
f 1291/1291/1291 1263/1263/1263 1264/1264/1264
f 1285/1285/1285 1287/1287/1287 1262/1262/1262
f 1373/1373/1373 1363/1363/1363 1374/1374/1374
f 1365/1365/1365 1372/1372/1372 1374/1374/1374
f 1363/1363/1363 1369/1369/1369 1362/1362/1362
f 1288/1288/1288 1291/1291/1291 1264/1264/1264
f 1371/1371/1371 1264/1264/1264 1362/1362/1362
f 1363/1363/1363 1364/1364/1364 1374/1374/1374
f 1375/1375/1375 1372/1372/1372 1182/1182/1182
f 1257/1257/1257 1174/1174/1174 1256/1256/1256
f 1290/1290/1290 1285/1285/1285 1262/1262/1262
f 1327/1327/1327 1329/1329/1329 1388/1388/1388
f 1407/1407/1407 1325/1325/1325 1402/1402/1402
f 1283/1283/1283 1286/1286/1286 1284/1284/1284
f 1264/1264/1264 1371/1371/1371 1288/1288/1288
f 1286/1286/1286 1283/1283/1283 1405/1405/1405
f 1283/1283/1283 1280/1280/1280 1279/1279/1279
f 1369/1369/1369 1371/1371/1371 1362/1362/1362
f 1402/1402/1402 1405/1405/1405 1407/1407/1407
f 1173/1173/1173 1177/1177/1177 1178/1178/1178
f 1177/1177/1177 1181/1181/1181 1178/1178/1178
f 1180/1180/1180 1304/1304/1304 1181/1181/1181
f 1285/1285/1285 1290/1290/1290 1276/1276/1276
f 1184/1184/1184 1178/1178/1178 1181/1181/1181
f 1369/1369/1369 1373/1373/1373 1277/1277/1277
f 1373/1373/1373 1369/1369/1369 1363/1363/1363
f 1379/1379/1379 1268/1268/1268 1375/1375/1375
f 1185/1185/1185 1378/1378/1378 1379/1379/1379
f 1300/1300/1300 1267/1267/1267 1378/1378/1378
f 1379/1379/1379 1375/1375/1375 1182/1182/1182
f 1274/1274/1274 1372/1372/1372 1377/1377/1377
f 1265/1265/1265 1300/1300/1300 1185/1185/1185
f 1378/1378/1378 1185/1185/1185 1300/1300/1300
f 1265/1265/1265 1186/1186/1186 1306/1306/1306
f 1304/1304/1304 1306/1306/1306 1183/1183/1183
f 1185/1185/1185 1186/1186/1186 1265/1265/1265
f 1187/1187/1187 1188/1188/1188 1181/1181/1181
f 1188/1188/1188 1184/1184/1184 1181/1181/1181
f 1304/1304/1304 1183/1183/1183 1187/1187/1187
f 1187/1187/1187 1181/1181/1181 1304/1304/1304
f 1185/1185/1185 1379/1379/1379 1182/1182/1182
f 1377/1377/1377 1372/1372/1372 1375/1375/1375
f 20/20/20 26/26/26 24/24/24
f 23/23/23 25/25/25 26/26/26
f 19/19/19 21/21/21 22/22/22
f 41/41/41 47/47/47 44/44/44
f 44/44/44 46/46/46 43/43/43
f 40/40/40 42/42/42 37/37/37
f 64/64/64 61/61/61 63/63/63
f 68/68/68 59/59/59 67/67/67
f 62/62/62 67/67/67 61/61/61
f 78/78/78 70/70/70 77/77/77
f 66/66/66 77/77/77 59/59/59
f 73/73/73 74/74/74 70/70/70
f 71/71/71 75/75/75 73/73/73
f 73/73/73 76/76/76 71/71/71
f 56/56/56 78/78/78 66/66/66
f 68/68/68 65/65/65 56/56/56
f 62/62/62 55/55/55 65/65/65
f 55/55/55 62/62/62 64/64/64
f 91/91/91 92/92/92 87/87/87
f 94/94/94 93/93/93 91/91/91
f 124/124/124 318/318/318 315/315/315
f 316/316/316 317/317/317 318/318/318
f 126/126/126 113/113/113 125/125/125
f 127/127/127 114/114/114 126/126/126
f 128/128/128 115/115/115 127/127/127
f 129/129/129 116/116/116 128/128/128
f 130/130/130 117/117/117 129/129/129
f 131/131/131 118/118/118 130/130/130
f 132/132/132 119/119/119 131/131/131
f 356/356/356 121/121/121 355/355/355
f 353/353/353 355/355/355 133/133/133
f 137/137/137 124/124/124 136/136/136
f 138/138/138 125/125/125 137/137/137
f 139/139/139 126/126/126 138/138/138
f 140/140/140 127/127/127 139/139/139
f 141/141/141 128/128/128 140/140/140
f 142/142/142 129/129/129 141/141/141
f 143/143/143 130/130/130 142/142/142
f 144/144/144 131/131/131 143/143/143
f 145/145/145 132/132/132 144/144/144
f 148/148/148 322/322/322 319/319/319
f 320/320/320 321/321/321 322/322/322
f 150/150/150 137/137/137 149/149/149
f 151/151/151 138/138/138 150/150/150
f 152/152/152 139/139/139 151/151/151
f 153/153/153 140/140/140 152/152/152
f 154/154/154 141/141/141 153/153/153
f 155/155/155 142/142/142 154/154/154
f 156/156/156 143/143/143 155/155/155
f 352/352/352 145/145/145 351/351/351
f 347/347/347 351/351/351 157/157/157
f 160/160/160 325/325/325 323/323/323
f 324/324/324 319/319/319 325/325/325
f 162/162/162 149/149/149 161/161/161
f 163/163/163 150/150/150 162/162/162
f 164/164/164 151/151/151 163/163/163
f 165/165/165 152/152/152 164/164/164
f 166/166/166 153/153/153 165/165/165
f 167/167/167 154/154/154 166/166/166
f 168/168/168 155/155/155 167/167/167
f 349/349/349 157/157/157 348/348/348
f 344/344/344 348/348/348 169/169/169
f 172/172/172 328/328/328 326/326/326
f 327/327/327 323/323/323 328/328/328
f 174/174/174 161/161/161 173/173/173
f 175/175/175 162/162/162 174/174/174
f 176/176/176 163/163/163 175/175/175
f 177/177/177 164/164/164 176/176/176
f 178/178/178 165/165/165 177/177/177
f 179/179/179 166/166/166 178/178/178
f 180/180/180 167/167/167 179/179/179
f 346/346/346 169/169/169 345/345/345
f 343/343/343 345/345/345 181/181/181
f 185/185/185 172/172/172 184/184/184
f 186/186/186 173/173/173 185/185/185
f 187/187/187 174/174/174 186/186/186
f 188/188/188 175/175/175 187/187/187
f 189/189/189 176/176/176 188/188/188
f 190/190/190 177/177/177 189/189/189
f 191/191/191 178/178/178 190/190/190
f 192/192/192 179/179/179 191/191/191
f 193/193/193 180/180/180 192/192/192
f 196/196/196 332/332/332 329/329/329
f 330/330/330 331/331/331 332/332/332
f 198/198/198 185/185/185 197/197/197
f 199/199/199 186/186/186 198/198/198
f 200/200/200 187/187/187 199/199/199
f 201/201/201 188/188/188 200/200/200
f 202/202/202 189/189/189 201/201/201
f 203/203/203 190/190/190 202/202/202
f 204/204/204 191/191/191 203/203/203
f 342/342/342 193/193/193 341/341/341
f 337/337/337 341/341/341 205/205/205
f 208/208/208 335/335/335 333/333/333
f 334/334/334 329/329/329 335/335/335
f 210/210/210 197/197/197 209/209/209
f 211/211/211 198/198/198 210/210/210
f 212/212/212 199/199/199 211/211/211
f 213/213/213 200/200/200 212/212/212
f 214/214/214 201/201/201 213/213/213
f 215/215/215 202/202/202 214/214/214
f 216/216/216 203/203/203 215/215/215
f 339/339/339 205/205/205 338/338/338
f 336/336/336 338/338/338 217/217/217
f 220/220/220 379/379/379 377/377/377
f 378/378/378 333/333/333 379/379/379
f 222/222/222 209/209/209 221/221/221
f 223/223/223 210/210/210 222/222/222
f 224/224/224 211/211/211 223/223/223
f 225/225/225 212/212/212 224/224/224
f 226/226/226 213/213/213 225/225/225
f 227/227/227 214/214/214 226/226/226
f 228/228/228 215/215/215 227/227/227
f 376/376/376 217/217/217 375/375/375
f 374/374/374 375/375/375 229/229/229
f 233/233/233 220/220/220 232/232/232
f 234/234/234 221/221/221 233/233/233
f 235/235/235 222/222/222 234/234/234
f 236/236/236 223/223/223 235/235/235
f 237/237/237 224/224/224 236/236/236
f 238/238/238 225/225/225 237/237/237
f 239/239/239 226/226/226 238/238/238
f 240/240/240 227/227/227 239/239/239
f 241/241/241 228/228/228 240/240/240
f 244/244/244 383/383/383 380/380/380
f 381/381/381 382/382/382 383/383/383
f 246/246/246 233/233/233 245/245/245
f 247/247/247 234/234/234 246/246/246
f 248/248/248 235/235/235 247/247/247
f 249/249/249 236/236/236 248/248/248
f 250/250/250 237/237/237 249/249/249
f 251/251/251 238/238/238 250/250/250
f 252/252/252 239/239/239 251/251/251
f 373/373/373 241/241/241 372/372/372
f 368/368/368 372/372/372 253/253/253
f 256/256/256 386/386/386 384/384/384
f 385/385/385 380/380/380 386/386/386
f 258/258/258 245/245/245 257/257/257
f 259/259/259 246/246/246 258/258/258
f 260/260/260 247/247/247 259/259/259
f 261/261/261 248/248/248 260/260/260
f 262/262/262 249/249/249 261/261/261
f 263/263/263 250/250/250 262/262/262
f 264/264/264 251/251/251 263/263/263
f 370/370/370 253/253/253 369/369/369
f 365/365/365 369/369/369 265/265/265
f 268/268/268 389/389/389 387/387/387
f 388/388/388 384/384/384 389/389/389
f 270/270/270 257/257/257 269/269/269
f 271/271/271 258/258/258 270/270/270
f 272/272/272 259/259/259 271/271/271
f 273/273/273 260/260/260 272/272/272
f 274/274/274 261/261/261 273/273/273
f 275/275/275 262/262/262 274/274/274
f 276/276/276 263/263/263 275/275/275
f 367/367/367 265/265/265 366/366/366
f 364/364/364 366/366/366 277/277/277
f 281/281/281 268/268/268 280/280/280
f 282/282/282 269/269/269 281/281/281
f 283/283/283 270/270/270 282/282/282
f 284/284/284 271/271/271 283/283/283
f 285/285/285 272/272/272 284/284/284
f 286/286/286 273/273/273 285/285/285
f 287/287/287 274/274/274 286/286/286
f 288/288/288 275/275/275 287/287/287
f 289/289/289 276/276/276 288/288/288
f 292/292/292 393/393/393 390/390/390
f 391/391/391 392/392/392 393/393/393
f 294/294/294 281/281/281 293/293/293
f 295/295/295 282/282/282 294/294/294
f 296/296/296 283/283/283 295/295/295
f 297/297/297 284/284/284 296/296/296
f 298/298/298 285/285/285 297/297/297
f 299/299/299 286/286/286 298/298/298
f 300/300/300 287/287/287 299/299/299
f 363/363/363 289/289/289 362/362/362
f 358/358/358 362/362/362 301/301/301
f 304/304/304 396/396/396 394/394/394
f 395/395/395 390/390/390 396/396/396
f 306/306/306 293/293/293 305/305/305
f 307/307/307 294/294/294 306/306/306
f 308/308/308 295/295/295 307/307/307
f 309/309/309 296/296/296 308/308/308
f 310/310/310 297/297/297 309/309/309
f 311/311/311 298/298/298 310/310/310
f 312/312/312 299/299/299 311/311/311
f 360/360/360 301/301/301 359/359/359
f 357/357/357 359/359/359 313/313/313
f 135/135/135 315/315/315 123/123/123
f 124/124/124 321/321/321 136/136/136
f 195/195/195 329/329/329 332/332/332
f 183/183/183 326/326/326 171/171/171
f 195/195/195 335/335/335 329/329/329
f 172/172/172 331/331/331 184/184/184
f 145/145/145 353/353/353 133/133/133
f 350/350/350 134/134/134 353/353/353
f 343/343/343 193/193/193 340/340/340
f 340/340/340 182/182/182 343/343/343
f 206/206/206 337/337/337 339/339/339
f 377/377/377 231/231/231 382/382/382
f 231/231/231 383/383/383 382/382/382
f 220/220/220 382/382/382 232/232/232
f 279/279/279 387/387/387 267/267/267
f 291/291/291 390/390/390 393/393/393
f 392/392/392 268/268/268 387/387/387
f 241/241/241 374/374/374 229/229/229
f 371/371/371 230/230/230 374/374/374
f 364/364/364 289/289/289 361/361/361
f 361/361/361 278/278/278 364/364/364
f 410/410/410 604/604/604 601/601/601
f 602/602/602 603/603/603 604/604/604
f 412/412/412 399/399/399 411/411/411
f 413/413/413 400/400/400 412/412/412
f 414/414/414 401/401/401 413/413/413
f 415/415/415 402/402/402 414/414/414
f 416/416/416 403/403/403 415/415/415
f 417/417/417 404/404/404 416/416/416
f 418/418/418 405/405/405 417/417/417
f 642/642/642 407/407/407 641/641/641
f 639/639/639 641/641/641 419/419/419
f 423/423/423 410/410/410 422/422/422
f 424/424/424 411/411/411 423/423/423
f 425/425/425 412/412/412 424/424/424
f 426/426/426 413/413/413 425/425/425
f 427/427/427 414/414/414 426/426/426
f 428/428/428 415/415/415 427/427/427
f 429/429/429 416/416/416 428/428/428
f 430/430/430 417/417/417 429/429/429
f 431/431/431 418/418/418 430/430/430
f 434/434/434 608/608/608 605/605/605
f 606/606/606 607/607/607 608/608/608
f 436/436/436 423/423/423 435/435/435
f 437/437/437 424/424/424 436/436/436
f 438/438/438 425/425/425 437/437/437
f 439/439/439 426/426/426 438/438/438
f 440/440/440 427/427/427 439/439/439
f 441/441/441 428/428/428 440/440/440
f 442/442/442 429/429/429 441/441/441
f 638/638/638 431/431/431 637/637/637
f 633/633/633 637/637/637 443/443/443
f 446/446/446 611/611/611 609/609/609
f 610/610/610 605/605/605 611/611/611
f 448/448/448 435/435/435 447/447/447
f 449/449/449 436/436/436 448/448/448
f 450/450/450 437/437/437 449/449/449
f 451/451/451 438/438/438 450/450/450
f 452/452/452 439/439/439 451/451/451
f 453/453/453 440/440/440 452/452/452
f 454/454/454 441/441/441 453/453/453
f 635/635/635 443/443/443 634/634/634
f 630/630/630 634/634/634 455/455/455
f 458/458/458 614/614/614 612/612/612
f 613/613/613 609/609/609 614/614/614
f 460/460/460 447/447/447 459/459/459
f 461/461/461 448/448/448 460/460/460
f 462/462/462 449/449/449 461/461/461
f 463/463/463 450/450/450 462/462/462
f 464/464/464 451/451/451 463/463/463
f 465/465/465 452/452/452 464/464/464
f 466/466/466 453/453/453 465/465/465
f 632/632/632 455/455/455 631/631/631
f 629/629/629 631/631/631 467/467/467
f 471/471/471 458/458/458 470/470/470
f 472/472/472 459/459/459 471/471/471
f 473/473/473 460/460/460 472/472/472
f 474/474/474 461/461/461 473/473/473
f 475/475/475 462/462/462 474/474/474
f 476/476/476 463/463/463 475/475/475
f 477/477/477 464/464/464 476/476/476
f 478/478/478 465/465/465 477/477/477
f 479/479/479 466/466/466 478/478/478
f 482/482/482 618/618/618 615/615/615
f 616/616/616 617/617/617 618/618/618
f 484/484/484 471/471/471 483/483/483
f 485/485/485 472/472/472 484/484/484
f 486/486/486 473/473/473 485/485/485
f 487/487/487 474/474/474 486/486/486
f 488/488/488 475/475/475 487/487/487
f 489/489/489 476/476/476 488/488/488
f 490/490/490 477/477/477 489/489/489
f 628/628/628 479/479/479 627/627/627
f 623/623/623 627/627/627 491/491/491
f 494/494/494 621/621/621 619/619/619
f 620/620/620 615/615/615 621/621/621
f 496/496/496 483/483/483 495/495/495
f 497/497/497 484/484/484 496/496/496
f 498/498/498 485/485/485 497/497/497
f 499/499/499 486/486/486 498/498/498
f 500/500/500 487/487/487 499/499/499
f 501/501/501 488/488/488 500/500/500
f 502/502/502 489/489/489 501/501/501
f 625/625/625 491/491/491 624/624/624
f 622/622/622 624/624/624 503/503/503
f 506/506/506 665/665/665 663/663/663
f 664/664/664 619/619/619 665/665/665
f 508/508/508 495/495/495 507/507/507
f 509/509/509 496/496/496 508/508/508
f 510/510/510 497/497/497 509/509/509
f 511/511/511 498/498/498 510/510/510
f 512/512/512 499/499/499 511/511/511
f 513/513/513 500/500/500 512/512/512
f 514/514/514 501/501/501 513/513/513
f 662/662/662 503/503/503 661/661/661
f 660/660/660 661/661/661 515/515/515
f 519/519/519 506/506/506 518/518/518
f 520/520/520 507/507/507 519/519/519
f 521/521/521 508/508/508 520/520/520
f 522/522/522 509/509/509 521/521/521
f 523/523/523 510/510/510 522/522/522
f 524/524/524 511/511/511 523/523/523
f 525/525/525 512/512/512 524/524/524
f 526/526/526 513/513/513 525/525/525
f 527/527/527 514/514/514 526/526/526
f 530/530/530 669/669/669 666/666/666
f 667/667/667 668/668/668 669/669/669
f 532/532/532 519/519/519 531/531/531
f 533/533/533 520/520/520 532/532/532
f 534/534/534 521/521/521 533/533/533
f 535/535/535 522/522/522 534/534/534
f 536/536/536 523/523/523 535/535/535
f 537/537/537 524/524/524 536/536/536
f 538/538/538 525/525/525 537/537/537
f 659/659/659 527/527/527 658/658/658
f 654/654/654 658/658/658 539/539/539
f 542/542/542 672/672/672 670/670/670
f 671/671/671 666/666/666 672/672/672
f 544/544/544 531/531/531 543/543/543
f 545/545/545 532/532/532 544/544/544
f 546/546/546 533/533/533 545/545/545
f 547/547/547 534/534/534 546/546/546
f 548/548/548 535/535/535 547/547/547
f 549/549/549 536/536/536 548/548/548
f 550/550/550 537/537/537 549/549/549
f 656/656/656 539/539/539 655/655/655
f 651/651/651 655/655/655 551/551/551
f 554/554/554 675/675/675 673/673/673
f 674/674/674 670/670/670 675/675/675
f 556/556/556 543/543/543 555/555/555
f 557/557/557 544/544/544 556/556/556
f 558/558/558 545/545/545 557/557/557
f 559/559/559 546/546/546 558/558/558
f 560/560/560 547/547/547 559/559/559
f 561/561/561 548/548/548 560/560/560
f 562/562/562 549/549/549 561/561/561
f 653/653/653 551/551/551 652/652/652
f 650/650/650 652/652/652 563/563/563
f 567/567/567 554/554/554 566/566/566
f 568/568/568 555/555/555 567/567/567
f 569/569/569 556/556/556 568/568/568
f 570/570/570 557/557/557 569/569/569
f 571/571/571 558/558/558 570/570/570
f 572/572/572 559/559/559 571/571/571
f 573/573/573 560/560/560 572/572/572
f 574/574/574 561/561/561 573/573/573
f 575/575/575 562/562/562 574/574/574
f 578/578/578 679/679/679 676/676/676
f 677/677/677 678/678/678 679/679/679
f 580/580/580 567/567/567 579/579/579
f 581/581/581 568/568/568 580/580/580
f 582/582/582 569/569/569 581/581/581
f 583/583/583 570/570/570 582/582/582
f 584/584/584 571/571/571 583/583/583
f 585/585/585 572/572/572 584/584/584
f 586/586/586 573/573/573 585/585/585
f 649/649/649 575/575/575 648/648/648
f 644/644/644 648/648/648 587/587/587
f 590/590/590 682/682/682 680/680/680
f 681/681/681 676/676/676 682/682/682
f 592/592/592 579/579/579 591/591/591
f 593/593/593 580/580/580 592/592/592
f 594/594/594 581/581/581 593/593/593
f 595/595/595 582/582/582 594/594/594
f 596/596/596 583/583/583 595/595/595
f 597/597/597 584/584/584 596/596/596
f 598/598/598 585/585/585 597/597/597
f 646/646/646 587/587/587 645/645/645
f 643/643/643 645/645/645 599/599/599
f 421/421/421 601/601/601 409/409/409
f 410/410/410 607/607/607 422/422/422
f 481/481/481 615/615/615 618/618/618
f 469/469/469 612/612/612 457/457/457
f 481/481/481 621/621/621 615/615/615
f 458/458/458 617/617/617 470/470/470
f 431/431/431 639/639/639 419/419/419
f 636/636/636 420/420/420 639/639/639
f 629/629/629 479/479/479 626/626/626
f 626/626/626 468/468/468 629/629/629
f 492/492/492 623/623/623 625/625/625
f 663/663/663 517/517/517 668/668/668
f 529/529/529 666/666/666 669/669/669
f 506/506/506 668/668/668 518/518/518
f 565/565/565 673/673/673 553/553/553
f 577/577/577 676/676/676 679/679/679
f 678/678/678 554/554/554 673/673/673
f 527/527/527 660/660/660 515/515/515
f 657/657/657 516/516/516 660/660/660
f 540/540/540 659/659/659 654/654/654
f 650/650/650 575/575/575 647/647/647
f 647/647/647 564/564/564 650/650/650
f 696/696/696 890/890/890 887/887/887
f 888/888/888 889/889/889 890/890/890
f 698/698/698 685/685/685 697/697/697
f 699/699/699 686/686/686 698/698/698
f 700/700/700 687/687/687 699/699/699
f 701/701/701 688/688/688 700/700/700
f 702/702/702 689/689/689 701/701/701
f 703/703/703 690/690/690 702/702/702
f 704/704/704 691/691/691 703/703/703
f 928/928/928 693/693/693 927/927/927
f 925/925/925 927/927/927 705/705/705
f 709/709/709 696/696/696 708/708/708
f 710/710/710 697/697/697 709/709/709
f 711/711/711 698/698/698 710/710/710
f 712/712/712 699/699/699 711/711/711
f 713/713/713 700/700/700 712/712/712
f 714/714/714 701/701/701 713/713/713
f 715/715/715 702/702/702 714/714/714
f 716/716/716 703/703/703 715/715/715
f 717/717/717 704/704/704 716/716/716
f 720/720/720 894/894/894 891/891/891
f 892/892/892 893/893/893 894/894/894
f 722/722/722 709/709/709 721/721/721
f 723/723/723 710/710/710 722/722/722
f 724/724/724 711/711/711 723/723/723
f 725/725/725 712/712/712 724/724/724
f 726/726/726 713/713/713 725/725/725
f 727/727/727 714/714/714 726/726/726
f 728/728/728 715/715/715 727/727/727
f 924/924/924 717/717/717 923/923/923
f 919/919/919 923/923/923 729/729/729
f 732/732/732 897/897/897 895/895/895
f 896/896/896 891/891/891 897/897/897
f 734/734/734 721/721/721 733/733/733
f 735/735/735 722/722/722 734/734/734
f 736/736/736 723/723/723 735/735/735
f 737/737/737 724/724/724 736/736/736
f 738/738/738 725/725/725 737/737/737
f 739/739/739 726/726/726 738/738/738
f 740/740/740 727/727/727 739/739/739
f 921/921/921 729/729/729 920/920/920
f 916/916/916 920/920/920 741/741/741
f 744/744/744 900/900/900 898/898/898
f 899/899/899 895/895/895 900/900/900
f 746/746/746 733/733/733 745/745/745
f 747/747/747 734/734/734 746/746/746
f 748/748/748 735/735/735 747/747/747
f 749/749/749 736/736/736 748/748/748
f 750/750/750 737/737/737 749/749/749
f 751/751/751 738/738/738 750/750/750
f 752/752/752 739/739/739 751/751/751
f 918/918/918 741/741/741 917/917/917
f 915/915/915 917/917/917 753/753/753
f 757/757/757 744/744/744 756/756/756
f 758/758/758 745/745/745 757/757/757
f 759/759/759 746/746/746 758/758/758
f 760/760/760 747/747/747 759/759/759
f 761/761/761 748/748/748 760/760/760
f 762/762/762 749/749/749 761/761/761
f 763/763/763 750/750/750 762/762/762
f 764/764/764 751/751/751 763/763/763
f 765/765/765 752/752/752 764/764/764
f 768/768/768 904/904/904 901/901/901
f 902/902/902 903/903/903 904/904/904
f 770/770/770 757/757/757 769/769/769
f 771/771/771 758/758/758 770/770/770
f 772/772/772 759/759/759 771/771/771
f 773/773/773 760/760/760 772/772/772
f 774/774/774 761/761/761 773/773/773
f 775/775/775 762/762/762 774/774/774
f 776/776/776 763/763/763 775/775/775
f 914/914/914 765/765/765 913/913/913
f 909/909/909 913/913/913 777/777/777
f 780/780/780 907/907/907 905/905/905
f 906/906/906 901/901/901 907/907/907
f 782/782/782 769/769/769 781/781/781
f 783/783/783 770/770/770 782/782/782
f 784/784/784 771/771/771 783/783/783
f 785/785/785 772/772/772 784/784/784
f 786/786/786 773/773/773 785/785/785
f 787/787/787 774/774/774 786/786/786
f 788/788/788 775/775/775 787/787/787
f 911/911/911 777/777/777 910/910/910
f 908/908/908 910/910/910 789/789/789
f 792/792/792 951/951/951 949/949/949
f 950/950/950 905/905/905 951/951/951
f 794/794/794 781/781/781 793/793/793
f 795/795/795 782/782/782 794/794/794
f 796/796/796 783/783/783 795/795/795
f 797/797/797 784/784/784 796/796/796
f 798/798/798 785/785/785 797/797/797
f 799/799/799 786/786/786 798/798/798
f 800/800/800 787/787/787 799/799/799
f 948/948/948 789/789/789 947/947/947
f 946/946/946 947/947/947 801/801/801
f 805/805/805 792/792/792 804/804/804
f 806/806/806 793/793/793 805/805/805
f 807/807/807 794/794/794 806/806/806
f 808/808/808 795/795/795 807/807/807
f 809/809/809 796/796/796 808/808/808
f 810/810/810 797/797/797 809/809/809
f 811/811/811 798/798/798 810/810/810
f 812/812/812 799/799/799 811/811/811
f 813/813/813 800/800/800 812/812/812
f 816/816/816 955/955/955 952/952/952
f 953/953/953 954/954/954 955/955/955
f 818/818/818 805/805/805 817/817/817
f 819/819/819 806/806/806 818/818/818
f 820/820/820 807/807/807 819/819/819
f 821/821/821 808/808/808 820/820/820
f 822/822/822 809/809/809 821/821/821
f 823/823/823 810/810/810 822/822/822
f 824/824/824 811/811/811 823/823/823
f 945/945/945 813/813/813 944/944/944
f 940/940/940 944/944/944 825/825/825
f 828/828/828 958/958/958 956/956/956
f 957/957/957 952/952/952 958/958/958
f 830/830/830 817/817/817 829/829/829
f 831/831/831 818/818/818 830/830/830
f 832/832/832 819/819/819 831/831/831
f 833/833/833 820/820/820 832/832/832
f 834/834/834 821/821/821 833/833/833
f 835/835/835 822/822/822 834/834/834
f 836/836/836 823/823/823 835/835/835
f 942/942/942 825/825/825 941/941/941
f 937/937/937 941/941/941 837/837/837
f 840/840/840 961/961/961 959/959/959
f 960/960/960 956/956/956 961/961/961
f 842/842/842 829/829/829 841/841/841
f 843/843/843 830/830/830 842/842/842
f 844/844/844 831/831/831 843/843/843
f 845/845/845 832/832/832 844/844/844
f 846/846/846 833/833/833 845/845/845
f 847/847/847 834/834/834 846/846/846
f 848/848/848 835/835/835 847/847/847
f 939/939/939 837/837/837 938/938/938
f 936/936/936 938/938/938 849/849/849
f 853/853/853 840/840/840 852/852/852
f 854/854/854 841/841/841 853/853/853
f 855/855/855 842/842/842 854/854/854
f 856/856/856 843/843/843 855/855/855
f 857/857/857 844/844/844 856/856/856
f 858/858/858 845/845/845 857/857/857
f 859/859/859 846/846/846 858/858/858
f 860/860/860 847/847/847 859/859/859
f 861/861/861 848/848/848 860/860/860
f 864/864/864 965/965/965 962/962/962
f 963/963/963 964/964/964 965/965/965
f 866/866/866 853/853/853 865/865/865
f 867/867/867 854/854/854 866/866/866
f 868/868/868 855/855/855 867/867/867
f 869/869/869 856/856/856 868/868/868
f 870/870/870 857/857/857 869/869/869
f 871/871/871 858/858/858 870/870/870
f 872/872/872 859/859/859 871/871/871
f 935/935/935 861/861/861 934/934/934
f 930/930/930 934/934/934 873/873/873
f 876/876/876 968/968/968 966/966/966
f 967/967/967 962/962/962 968/968/968
f 878/878/878 865/865/865 877/877/877
f 879/879/879 866/866/866 878/878/878
f 880/880/880 867/867/867 879/879/879
f 881/881/881 868/868/868 880/880/880
f 882/882/882 869/869/869 881/881/881
f 883/883/883 870/870/870 882/882/882
f 884/884/884 871/871/871 883/883/883
f 932/932/932 873/873/873 931/931/931
f 929/929/929 931/931/931 885/885/885
f 707/707/707 887/887/887 695/695/695
f 696/696/696 893/893/893 708/708/708
f 755/755/755 904/904/904 903/903/903
f 755/755/755 898/898/898 743/743/743
f 767/767/767 907/907/907 901/901/901
f 744/744/744 903/903/903 756/756/756
f 717/717/717 925/925/925 705/705/705
f 922/922/922 706/706/706 925/925/925
f 915/915/915 765/765/765 912/912/912
f 912/912/912 754/754/754 915/915/915
f 778/778/778 909/909/909 911/911/911
f 766/766/766 912/912/912 914/914/914
f 949/949/949 803/803/803 954/954/954
f 792/792/792 954/954/954 804/804/804
f 851/851/851 959/959/959 839/839/839
f 964/964/964 840/840/840 959/959/959
f 813/813/813 946/946/946 801/801/801
f 943/943/943 802/802/802 946/946/946
f 936/936/936 861/861/861 933/933/933
f 933/933/933 850/850/850 936/936/936
f 1021/1021/1021 1022/1022/1022 1011/1011/1011
f 1140/1140/1140 1141/1141/1141 1135/1135/1135
f 1014/1014/1014 1043/1043/1043 1039/1039/1039
f 1041/1041/1041 1042/1042/1042 1043/1043/1043
f 1015/1015/1015 1046/1046/1046 1042/1042/1042
f 1044/1044/1044 1045/1045/1045 1046/1046/1046
f 1003/1003/1003 1049/1049/1049 1045/1045/1045
f 1047/1047/1047 1048/1048/1048 1049/1049/1049
f 1004/1004/1004 1051/1051/1051 1048/1048/1048
f 1126/1126/1126 1127/1127/1127 1125/1125/1125
f 1018/1018/1018 1028/1028/1028 1027/1027/1027
f 1028/1028/1028 1040/1040/1040 1038/1038/1038
f 1037/1037/1037 1039/1039/1039 1040/1040/1040
f 1144/1144/1144 1026/1026/1026 1018/1018/1018
f 1146/1146/1146 1147/1147/1147 1145/1145/1145
f 1148/1148/1148 1135/1135/1135 1147/1147/1147
f 978/978/978 973/973/973 974/974/974
f 1091/1091/1091 1092/1092/1092 1077/1077/1077
f 1093/1093/1093 1079/1079/1079 1092/1092/1092
f 1083/1083/1083 1084/1084/1084 1079/1079/1079
f 1085/1085/1085 1068/1068/1068 1084/1084/1084
f 1138/1138/1138 1165/1165/1165 1162/1162/1162
f 1130/1130/1130 1133/1133/1133 1132/1132/1132
f 1074/1074/1074 1075/1075/1075 1068/1068/1068
f 1076/1076/1076 1070/1070/1070 1075/1075/1075
f 1071/1071/1071 1072/1072/1072 1070/1070/1070
f 1082/1082/1082 1150/1150/1150 1149/1149/1149
f 1150/1150/1150 1163/1163/1163 1161/1161/1161
f 1160/1160/1160 1162/1162/1162 1163/1163/1163
f 1095/1095/1095 1096/1096/1096 1082/1082/1082
f 1098/1098/1098 1099/1099/1099 1097/1097/1097
f 1100/1100/1100 1077/1077/1077 1099/1099/1099
f 981/981/981 977/977/977 978/978/978
f 1090/1090/1090 1103/1103/1103 1102/1102/1102
f 1171/1171/1171 1249/1249/1249 1246/1246/1246
f 1247/1247/1247 1248/1248/1248 1249/1249/1249
f 1249/1249/1249 1204/1204/1204 1206/1206/1206
f 1204/1204/1204 1233/1233/1233 1207/1207/1207
f 1202/1202/1202 1245/1245/1245 1242/1242/1242
f 1243/1243/1243 1244/1244/1244 1245/1245/1245
f 1245/1245/1245 1208/1208/1208 1213/1213/1213
f 1208/1208/1208 1231/1231/1231 1214/1214/1214
f 1229/1229/1229 1230/1230/1230 1231/1231/1231
f 1205/1205/1205 1241/1241/1241 1238/1238/1238
f 1239/1239/1239 1240/1240/1240 1241/1241/1241
f 1226/1226/1226 1227/1227/1227 1228/1228/1228
f 1212/1212/1212 1255/1255/1255 1253/1253/1253
f 1254/1254/1254 1234/1234/1234 1255/1255/1255
f 1219/1219/1219 1237/1237/1237 1234/1234/1234
f 1235/1235/1235 1236/1236/1236 1237/1237/1237
f 1172/1172/1172 1252/1252/1252 1250/1250/1250
f 1175/1175/1175 1351/1351/1351 1348/1348/1348
f 1349/1349/1349 1350/1350/1350 1351/1351/1351
f 1351/1351/1351 1211/1211/1211 1315/1315/1315
f 1350/1350/1350 1171/1171/1171 1246/1246/1246
f 1211/1211/1211 1218/1218/1218 1216/1216/1216
f 1218/1218/1218 1222/1222/1222 1220/1220/1220
f 1222/1222/1222 1225/1225/1225 1223/1223/1223
f 1209/1209/1209 1347/1347/1347 1344/1344/1344
f 1345/1345/1345 1346/1346/1346 1347/1347/1347
f 1347/1347/1347 1316/1316/1316 1318/1318/1318
f 1316/1316/1316 1335/1335/1335 1319/1319/1319
f 1333/1333/1333 1334/1334/1334 1335/1335/1335
f 1314/1314/1314 1343/1343/1343 1340/1340/1340
f 1341/1341/1341 1342/1342/1342 1343/1343/1343
f 1343/1343/1343 1320/1320/1320 1323/1323/1323
f 1320/1320/1320 1332/1332/1332 1324/1324/1324
f 1330/1330/1330 1331/1331/1331 1332/1332/1332
f 1317/1317/1317 1339/1339/1339 1336/1336/1336
f 1337/1337/1337 1338/1338/1338 1339/1339/1339
f 1176/1176/1176 1354/1354/1354 1352/1352/1352
f 1353/1353/1353 1250/1250/1250 1354/1354/1354
f 1354/1354/1354 1171/1171/1171 1210/1210/1210
f 1302/1302/1302 1272/1272/1272 1397/1397/1397
f 1272/1272/1272 1399/1399/1399 1397/1397/1397
f 1398/1398/1398 1348/1348/1348 1399/1399/1399
f 1397/1397/1397 1321/1321/1321 1273/1273/1273
f 1321/1321/1321 1396/1396/1396 1394/1394/1394
f 1395/1395/1395 1344/1344/1344 1396/1396/1396
f 1394/1394/1394 1326/1326/1326 1322/1322/1322
f 1326/1326/1326 1393/1393/1393 1391/1391/1391
f 1392/1392/1392 1340/1340/1340 1393/1393/1393
f 1391/1391/1391 1329/1329/1329 1327/1327/1327
f 1329/1329/1329 1390/1390/1390 1388/1388/1388
f 1389/1389/1389 1336/1336/1336 1390/1390/1390
f 1325/1325/1325 1404/1404/1404 1402/1402/1402
f 1403/1403/1403 1328/1328/1328 1404/1404/1404
f 1279/1279/1279 1407/1407/1407 1405/1405/1405
f 1406/1406/1406 1325/1325/1325 1407/1407/1407
f 1278/1278/1278 1279/1279/1279 1280/1280/1280
f 1282/1282/1282 1283/1283/1283 1284/1284/1284
f 1285/1285/1285 1286/1286/1286 1287/1287/1287
f 1180/1180/1180 1401/1401/1401 1305/1305/1305
f 1400/1400/1400 1352/1352/1352 1401/1401/1401
f 1305/1305/1305 1272/1272/1272 1179/1179/1179
f 1265/1265/1265 1303/1303/1303 1300/1300/1300
f 1301/1301/1301 1302/1302/1302 1303/1303/1303
f 1300/1300/1300 1269/1269/1269 1267/1267/1267
f 1269/1269/1269 1299/1299/1299 1296/1296/1296
f 1297/1297/1297 1298/1298/1298 1299/1299/1299
f 1296/1296/1296 1275/1275/1275 1271/1271/1271
f 1275/1275/1275 1295/1295/1295 1292/1292/1292
f 1293/1293/1293 1294/1294/1294 1295/1295/1295
f 1277/1277/1277 1371/1371/1371 1369/1369/1369
f 1370/1370/1370 1288/1288/1288 1371/1371/1371
f 1281/1281/1281 1291/1291/1291 1288/1288/1288
f 1289/1289/1289 1290/1290/1290 1291/1291/1291
f 1274/1274/1274 1374/1374/1374 1372/1372/1372
f 1268/1268/1268 1377/1377/1377 1375/1375/1375
f 1376/1376/1376 1274/1274/1274 1377/1377/1377
f 1378/1378/1378 1268/1268/1268 1379/1379/1379
f 1304/1304/1304 1305/1305/1305 1306/1306/1306
f 1169/1169/1169 1252/1252/1252 1251/1251/1251
f 1218/1218/1218 1334/1334/1334 1216/1216/1216
f 1283/1283/1283 1279/1279/1279 1405/1405/1405
f 1306/1306/1306 1186/1186/1186 1183/1183/1183
